code,datetime,kind,kg
00021CZ,2026-08-05T12:18:04.000Z,washer,18
00021CZ,2026-08-05T11:32:35.000Z,washer,8
00021CZ,2026-08-04T20:22:54.000Z,washer,8
00021CZ,2026-08-03T18:53:48.000Z,washer,8
00021CZ,2026-08-03T11:36:45.000Z,washer,8
00021CZ,2026-08-03T04:46:19.000Z,washer,8
00021CZ,2026-08-02T19:49:04.000Z,washer,8
00021CZ,2026-08-02T19:10:45.000Z,washer,8
00021CZ,2026-08-02T11:25:03.000Z,washer,8
00021CZ,2026-08-02T10:40:27.000Z,washer,18
00021CZ,2026-08-01T21:44:41.000Z,washer,18
00021CZ,2026-08-01T16:26:18.000Z,washer,8
00021CZ,2026-07-30T21:49:48.000Z,washer,8
00021CZ,2026-07-29T14:21:25.000Z,washer,18
00021CZ,2026-07-29T13:33:10.000Z,washer,18
00021CZ,2026-07-28T21:22:34.000Z,washer,18
00021CZ,2026-07-28T11:58:36.000Z,washer,8
00021CZ,2026-07-26T12:48:12.000Z,washer,8
00021CZ,2026-07-24T13:29:25.000Z,washer,8
00021CZ,2026-07-23T13:31:00.000Z,washer,8
00021CZ,2026-07-21T04:28:52.000Z,washer,8
00021CZ,2026-07-20T05:55:36.000Z,washer,8
00021CZ,2026-07-19T20:02:33.000Z,washer,8
00021CZ,2026-07-19T15:32:22.000Z,washer,8
00021CZ,2026-07-19T12:13:57.000Z,washer,8
00021CZ,2026-07-19T12:00:56.000Z,washer,18
00021CZ,2026-07-18T17:28:14.000Z,washer,8
00021CZ,2026-07-16T17:54:03.000Z,washer,18
00021CZ,2026-07-16T17:51:10.000Z,washer,8
00021CZ,2026-07-15T19:26:43.000Z,washer,18
00021CZ,2026-07-15T01:21:24.000Z,washer,8
00021CZ,2026-07-15T00:37:09.000Z,washer,18
00021CZ,2026-07-14T23:49:09.000Z,washer,18
00021CZ,2026-07-14T23:00:27.000Z,washer,18
00021CZ,2026-07-14T13:32:25.000Z,washer,18
00021CZ,2026-07-14T12:27:19.000Z,washer,8
00021CZ,2026-07-14T11:17:46.000Z,washer,18
00021CZ,2026-07-13T17:26:44.000Z,washer,18
00021CZ,2026-07-13T10:13:02.000Z,washer,8
00021CZ,2026-07-12T14:53:34.000Z,washer,8
00021CZ,2026-07-12T12:00:20.000Z,washer,8
00021CZ,2026-07-12T00:03:42.000Z,washer,8
00021CZ,2026-07-11T17:19:04.000Z,washer,18
00021CZ,2026-07-10T20:53:46.000Z,washer,8
00021CZ,2026-07-10T17:46:27.000Z,washer,8
00021CZ,2026-07-10T17:38:16.000Z,washer,18
00021CZ,2026-07-10T08:29:30.000Z,washer,8
00021CZ,2026-07-10T07:45:20.000Z,washer,8
00021CZ,2026-07-09T19:37:16.000Z,washer,18
00021CZ,2026-07-09T18:44:41.000Z,washer,18
00021CZ,2026-07-09T18:41:11.000Z,washer,8
00021CZ,2026-07-09T17:56:27.000Z,washer,18
00021CZ,2026-07-09T17:49:41.000Z,washer,8
00021CZ,2026-07-09T17:10:34.000Z,washer,8
00021CZ,2026-07-09T17:08:20.000Z,washer,18
00021CZ,2026-07-09T15:56:49.000Z,washer,8
00021CZ,2026-07-09T14:01:49.000Z,washer,8
00021CZ,2026-07-08T19:35:36.000Z,washer,18
00021CZ,2026-07-08T19:25:00.000Z,washer,8
00021CZ,2026-07-08T18:43:47.000Z,washer,8
00021CZ,2026-07-08T18:41:46.000Z,washer,18
00021CZ,2026-07-07T16:30:45.000Z,washer,18
00021CZ,2026-07-06T20:40:32.000Z,washer,8
00021CZ,2026-07-06T16:54:02.000Z,washer,8
00021CZ,2026-07-06T08:44:56.000Z,washer,8
00021CZ,2026-07-06T02:21:27.000Z,washer,8
00021CZ,2026-07-05T16:22:16.000Z,washer,8
00021CZ,2026-07-05T12:01:21.000Z,washer,8
00021CZ,2026-07-05T10:46:45.000Z,washer,8
00021CZ,2026-07-04T12:01:57.000Z,washer,8
00021CZ,2026-07-03T16:19:37.000Z,washer,8
00021CZ,2026-07-02T21:07:05.000Z,washer,8
00021CZ,2026-07-02T19:57:43.000Z,washer,8
00021CZ,2026-07-02T14:34:36.000Z,washer,18
00021CZ,2026-07-02T14:22:57.000Z,washer,8
00021CZ,2026-07-02T13:13:14.000Z,washer,8
00021CZ,2026-07-01T10:52:22.000Z,washer,8
00021CZ,2026-07-01T06:12:50.000Z,washer,8
00021CZ,2026-06-29T22:19:52.000Z,washer,8
00021CZ,2026-06-28T09:32:19.000Z,washer,18
00021CZ,2026-06-28T09:11:44.000Z,washer,18
00021CZ,2026-06-28T06:16:02.000Z,washer,8
00021CZ,2026-06-27T07:18:06.000Z,washer,18
00021CZ,2026-06-27T05:36:22.000Z,washer,8
00021CZ,2026-06-26T21:01:57.000Z,washer,8
00021CZ,2026-06-26T19:18:54.000Z,washer,8
00021CZ,2026-06-26T14:59:41.000Z,washer,18
00021CZ,2026-06-24T20:27:34.000Z,washer,18
00021CZ,2026-06-24T18:45:56.000Z,washer,8
00021CZ,2026-06-23T17:48:18.000Z,washer,8
00021CZ,2026-06-23T07:08:07.000Z,washer,8
00021CZ,2026-06-22T22:26:21.000Z,washer,18
00021CZ,2026-06-21T13:30:50.000Z,washer,18
00021CZ,2026-06-21T12:02:01.000Z,washer,8
00021CZ,2026-06-21T10:12:58.000Z,washer,18
00021CZ,2026-06-20T21:44:55.000Z,washer,8
00021CZ,2026-06-20T19:12:12.000Z,washer,8
00021CZ,2026-06-20T13:45:39.000Z,washer,8
00021CZ,2026-06-20T12:52:24.000Z,washer,18
00021CZ,2026-06-19T21:04:18.000Z,washer,18
00021CZ,2026-06-18T21:52:59.000Z,washer,8
00021CZ,2026-06-18T10:26:22.000Z,washer,8
00021CZ,2026-06-16T17:49:48.000Z,washer,18
00021CZ,2026-06-14T19:06:10.000Z,washer,8
00021CZ,2026-06-14T12:38:47.000Z,washer,18
00021CZ,2026-06-14T09:26:51.000Z,washer,8
00021CZ,2026-06-14T09:11:52.000Z,washer,18
00021CZ,2026-06-14T06:41:12.000Z,washer,18
00021CZ,2026-06-13T19:21:50.000Z,washer,18
00021CZ,2026-06-13T15:40:56.000Z,washer,8
00021CZ,2026-06-13T08:52:20.000Z,washer,18
00021CZ,2026-06-13T05:20:59.000Z,washer,8
00021CZ,2026-06-12T17:35:22.000Z,washer,8
00021CZ,2026-06-12T01:59:11.000Z,washer,8
00021CZ,2026-06-11T16:10:09.000Z,washer,8
00021CZ,2026-06-10T19:22:04.000Z,washer,8
00021CZ,2026-06-10T18:41:44.000Z,washer,8
00021CZ,2026-06-10T16:27:38.000Z,washer,8
00021CZ,2026-06-09T09:18:12.000Z,washer,8
00021CZ,2026-06-08T14:34:30.000Z,washer,8
00021CZ,2026-06-07T18:21:01.000Z,washer,18
00021CZ,2026-06-07T18:20:14.000Z,washer,8
00021CZ,2026-06-07T17:04:29.000Z,washer,18
00021CZ,2026-06-07T17:03:27.000Z,washer,8
00021CZ,2026-06-06T16:08:50.000Z,washer,8
00021CZ,2026-06-06T11:42:49.000Z,washer,18
00021CZ,2026-06-06T11:40:35.000Z,washer,8
00021CZ,2026-06-06T11:40:35.000Z,washer,8
00021CZ,2026-06-06T02:00:56.000Z,washer,8
00021CZ,2026-06-05T14:24:02.000Z,washer,8
00021CZ,2026-06-04T17:16:43.000Z,washer,18
00021CZ,2026-06-04T16:33:13.000Z,washer,8
00021CZ,2026-06-04T16:29:00.000Z,washer,18
00021CZ,2026-06-04T08:33:33.000Z,washer,8
00021CZ,2026-06-03T08:45:22.000Z,washer,8
00021CZ,2026-06-02T00:02:35.000Z,washer,8
00021CZ,2026-05-31T18:03:26.000Z,washer,18
00021CZ,2026-05-30T16:52:34.000Z,washer,8
00021CZ,2026-05-30T14:47:50.000Z,washer,8
00021CZ,2026-05-29T23:22:31.000Z,washer,8
00021CZ,2026-05-29T21:07:30.000Z,washer,8
00021CZ,2026-05-29T09:24:17.000Z,washer,18
00021CZ,2026-05-28T23:48:15.000Z,washer,8
00021CZ,2026-05-27T22:00:05.000Z,washer,8
00021CZ,2026-05-27T13:04:32.000Z,washer,8
00021CZ,2026-05-26T16:22:28.000Z,washer,18
00021CZ,2026-05-25T14:44:49.000Z,washer,8
00021CZ,2026-05-24T08:47:37.000Z,washer,18
00021CZ,2026-05-23T18:31:30.000Z,washer,18
00021CZ,2026-05-23T10:24:59.000Z,washer,18
00021CZ,2026-05-23T10:01:00.000Z,washer,18
00021CZ,2026-05-22T14:48:24.000Z,washer,8
00021CZ,2026-05-18T13:42:32.000Z,washer,18
00021CZ,2026-05-17T22:14:28.000Z,washer,8
00021CZ,2026-05-17T16:03:06.000Z,washer,8
00021CZ,2026-05-17T13:25:03.000Z,washer,8
00021CZ,2026-05-17T12:16:43.000Z,washer,8
00021CZ,2026-05-17T08:03:29.000Z,washer,18
00021CZ,2026-05-17T07:19:32.000Z,washer,8
00021CZ,2026-05-16T20:24:46.000Z,washer,18
00021CZ,2026-05-16T20:23:51.000Z,washer,8
00021CZ,2026-05-16T14:30:39.000Z,washer,8
00021CZ,2026-05-16T10:06:33.000Z,washer,8
00021CZ,2026-05-15T08:12:22.000Z,washer,8
00021CZ,2026-05-15T08:09:22.000Z,washer,18
00021CZ,2026-05-14T16:54:28.000Z,washer,18
00021CZ,2026-05-14T00:31:41.000Z,washer,8
00021CZ,2026-05-11T20:25:21.000Z,washer,8
00021CZ,2026-05-10T11:24:53.000Z,washer,18
00021CZ,2026-05-10T09:28:17.000Z,washer,8
00021CZ,2026-05-10T00:33:18.000Z,washer,18
00021CZ,2026-05-09T13:33:44.000Z,washer,18
00021CZ,2026-05-09T12:00:27.000Z,washer,8
00021CZ,2026-05-09T07:36:29.000Z,washer,8
00021CZ,2026-05-09T05:33:27.000Z,washer,8
00021CZ,2026-05-08T18:19:10.000Z,washer,8
00021CZ,2026-05-08T13:10:59.000Z,washer,8
00021CZ,2026-05-08T12:33:22.000Z,washer,8
00021CZ,2026-05-07T12:24:48.000Z,washer,18
00021CZ,2026-05-05T16:07:16.000Z,washer,8
00021CZ,2026-05-05T12:31:29.000Z,washer,8
00021CZ,2026-05-03T23:43:15.000Z,washer,8
00021CZ,2026-05-03T12:09:04.000Z,washer,8
00021CZ,2026-05-03T11:26:02.000Z,washer,18
00021CZ,2026-05-03T11:24:07.000Z,washer,18
00021CZ,2026-05-03T10:46:35.000Z,washer,8
00021CZ,2026-05-03T10:06:53.000Z,washer,8
00021CZ,2026-05-03T09:23:47.000Z,washer,8
00021CZ,2026-05-03T09:14:36.000Z,washer,18
00021CZ,2026-05-02T10:53:04.000Z,washer,8
00021CZ,2026-05-02T09:02:24.000Z,washer,18
00021CZ,2026-05-02T08:42:55.000Z,washer,8
00021CZ,2026-05-01T15:37:47.000Z,washer,18
00021CZ,2026-05-01T11:45:25.000Z,washer,8
00021CZ,2026-04-26T17:08:42.000Z,washer,8
00021CZ,2026-04-26T12:11:54.000Z,washer,8
00021CZ,2026-04-26T09:58:26.000Z,washer,18
00021CZ,2026-04-26T09:33:24.000Z,washer,8
00021CZ,2026-04-26T07:50:53.000Z,washer,8
00021CZ,2026-04-25T22:16:29.000Z,washer,18
00021CZ,2026-04-25T20:01:02.000Z,washer,8
00021CZ,2026-04-24T16:51:57.000Z,washer,8
00021CZ,2026-04-24T14:20:48.000Z,washer,8
00021CZ,2026-04-24T12:53:06.000Z,washer,18
00021CZ,2026-04-24T12:52:03.000Z,washer,8
00021CZ,2026-04-23T11:23:33.000Z,washer,8
00021CZ,2026-04-20T17:38:12.000Z,washer,18
00021CZ,2026-04-20T14:32:14.000Z,washer,8
00021CZ,2026-04-20T10:58:48.000Z,washer,18
00021CZ,2026-04-19T21:14:07.000Z,washer,8
00021CZ,2026-04-19T16:00:28.000Z,washer,8
00021CZ,2026-04-19T14:19:37.000Z,washer,8
00021CZ,2026-04-19T13:44:07.000Z,washer,18
00021CZ,2026-04-19T12:55:07.000Z,washer,18
00021CZ,2026-04-19T12:54:19.000Z,washer,8
00021CZ,2026-04-18T20:39:31.000Z,washer,18
00021CZ,2026-04-18T20:25:14.000Z,washer,8
00021CZ,2026-04-18T17:24:46.000Z,washer,8
00021CZ,2026-04-17T12:00:06.000Z,washer,8
00021CZ,2026-04-16T19:29:55.000Z,washer,8
00021CZ,2026-04-15T17:56:55.000Z,washer,18
00021CZ,2026-04-14T17:05:29.000Z,washer,8
00021CZ,2026-04-14T15:14:04.000Z,washer,8
00021CZ,2026-04-13T21:55:11.000Z,washer,18
00021CZ,2026-04-13T19:39:05.000Z,washer,8
00021CZ,2026-04-13T14:30:01.000Z,washer,18
00021CZ,2026-04-12T12:15:17.000Z,washer,8
00021CZ,2026-04-12T11:02:01.000Z,washer,8
00021CZ,2026-04-10T07:04:26.000Z,washer,8
00021CZ,2026-04-09T17:51:39.000Z,washer,18
00021CZ,2026-04-09T13:45:50.000Z,washer,18
00021CZ,2026-04-09T11:45:20.000Z,washer,18
00021CZ,2026-04-09T11:37:35.000Z,washer,8
00021CZ,2026-04-09T10:53:28.000Z,washer,18
00021CZ,2026-04-09T10:52:29.000Z,washer,8
00021CZ,2026-04-06T19:21:11.000Z,washer,8
00021CZ,2026-04-06T18:34:16.000Z,washer,8
00021CZ,2026-04-06T13:04:37.000Z,washer,8
00021CZ,2026-04-06T13:04:37.000Z,washer,8
00021CZ,2026-04-06T01:30:40.000Z,washer,8
00021CZ,2026-04-06T00:51:32.000Z,washer,18
00021CZ,2026-04-06T00:49:52.000Z,washer,8
00021CZ,2026-04-04T14:28:53.000Z,washer,8
00021CZ,2026-04-03T21:02:19.000Z,washer,18
00021CZ,2026-04-03T13:41:55.000Z,washer,8
00021CZ,2026-04-03T12:58:13.000Z,washer,8
00021CZ,2026-04-02T20:49:21.000Z,washer,8
00021CZ,2026-04-02T16:15:39.000Z,washer,18
00021CZ,2026-04-02T13:38:25.000Z,washer,8
00021CZ,2026-04-02T13:36:05.000Z,washer,18
00021CZ,2026-04-02T10:10:56.000Z,washer,8
00021CZ,2026-04-02T10:05:47.000Z,washer,8
00021CZ,2026-03-28T12:02:41.000Z,washer,18
00021CZ,2026-03-28T08:56:15.000Z,washer,8
00021CZ,2026-03-28T07:41:16.000Z,washer,8
00021CZ,2026-03-28T06:59:22.000Z,washer,8
00021CZ,2026-03-26T16:59:52.000Z,washer,18
00021CZ,2026-03-24T19:50:06.000Z,washer,18
00021CZ,2026-03-24T14:00:26.000Z,washer,8
00021CZ,2026-03-24T13:56:00.000Z,washer,18
00021CZ,2026-03-23T15:05:46.000Z,washer,8
00021CZ,2026-03-15T19:14:49.000Z,washer,8
00021CZ,2026-03-15T08:58:43.000Z,washer,8
00021CZ,2026-03-15T07:15:51.000Z,washer,8
00021CZ,2026-03-15T00:20:13.000Z,washer,18
00021CZ,2026-03-15T00:18:30.000Z,washer,8
00021CZ,2026-03-14T11:25:29.000Z,washer,8
00021CZ,2026-03-14T10:07:16.000Z,washer,18
00021CZ,2026-03-14T06:47:49.000Z,washer,18
00021CZ,2026-03-13T22:05:30.000Z,washer,8
00021CZ,2026-03-12T16:49:58.000Z,washer,8
00021CZ,2026-03-12T13:43:26.000Z,washer,8
00021CZ,2026-03-11T23:08:18.000Z,washer,8
00021CZ,2026-03-11T11:22:19.000Z,washer,18
00021CZ,2026-03-11T09:29:59.000Z,washer,8
00021CZ,2026-03-10T09:06:12.000Z,washer,8
00021CZ,2026-03-10T08:27:44.000Z,washer,8
00021CZ,2026-03-10T08:20:01.000Z,washer,8
00021CZ,2026-03-09T12:21:25.000Z,washer,18
00021CZ,2026-03-08T10:21:46.000Z,washer,18
00021CZ,2026-03-08T09:29:11.000Z,washer,18
00021CZ,2026-03-07T10:02:05.000Z,washer,8
00021CZ,2026-03-06T22:20:58.000Z,washer,8
00021CZ,2026-03-05T13:56:16.000Z,washer,18
00021CZ,2026-03-05T10:46:32.000Z,washer,8
00021CZ,2026-03-05T10:45:28.000Z,washer,8
00021CZ,2026-03-04T22:21:12.000Z,washer,18
00021CZ,2026-03-03T18:55:16.000Z,washer,18
00021CZ,2026-03-03T16:06:53.000Z,washer,8
00021CZ,2026-03-01T17:57:20.000Z,washer,8
00021CZ,2026-03-01T17:55:24.000Z,washer,18
00021CZ,2026-03-01T06:53:21.000Z,washer,18
00021CZ,2026-02-28T19:46:51.000Z,washer,18
00021CZ,2026-02-28T18:59:57.000Z,washer,18
00021CZ,2026-02-28T18:27:35.000Z,washer,18
00021CZ,2026-02-28T15:41:27.000Z,washer,8
00021CZ,2026-02-28T15:37:55.000Z,washer,18
00021CZ,2026-02-27T15:26:04.000Z,washer,18
00021CZ,2026-02-27T13:25:30.000Z,washer,8
00021CZ,2026-02-26T10:26:01.000Z,washer,8
00021CZ,2026-02-25T09:22:57.000Z,washer,18
00021CZ,2026-02-24T15:12:25.000Z,washer,8
00021CZ,2026-02-24T08:56:24.000Z,washer,8
00021CZ,2026-02-23T18:11:36.000Z,washer,18
00021CZ,2026-02-22T20:37:54.000Z,washer,8
00021CZ,2026-02-22T12:21:37.000Z,washer,18
00021CZ,2026-02-22T09:36:24.000Z,washer,18
00021CZ,2026-02-21T06:50:13.000Z,washer,8
00021CZ,2026-02-19T19:24:03.000Z,washer,18
00021CZ,2026-02-18T12:08:21.000Z,washer,8
00021CZ,2026-02-18T09:42:49.000Z,washer,18
00021CZ,2026-02-18T03:30:09.000Z,washer,18
00021CZ,2026-02-18T03:27:02.000Z,washer,8
00021CZ,2026-02-14T18:54:44.000Z,washer,8
00021CZ,2026-02-14T17:17:24.000Z,washer,18
00021CZ,2026-02-14T16:21:52.000Z,washer,8
00021CZ,2026-02-14T15:15:25.000Z,washer,8
00021CZ,2026-02-13T16:26:26.000Z,washer,8
00021CZ,2026-02-13T15:02:50.000Z,washer,18
00021CZ,2026-02-13T12:12:26.000Z,washer,8
00021CZ,2026-02-12T14:31:10.000Z,washer,18
00021CZ,2026-02-09T23:46:14.000Z,washer,8
00021CZ,2026-02-09T22:59:14.000Z,washer,18
00021CZ,2026-02-09T22:19:29.000Z,washer,8
00021CZ,2026-02-07T15:53:08.000Z,washer,8
00021CZ,2026-02-07T11:39:22.000Z,washer,8
00021CZ,2026-02-07T10:13:02.000Z,washer,18
00021CZ,2026-02-06T17:30:31.000Z,washer,18
00021CZ,2026-02-06T10:15:33.000Z,washer,18
00021CZ,2026-02-04T20:56:50.000Z,washer,18
00021CZ,2026-02-03T18:11:02.000Z,washer,8
00021CZ,2026-02-01T13:15:04.000Z,washer,8
00021CZ,2026-02-01T12:16:59.000Z,washer,8
00021CZ,2026-01-31T09:11:09.000Z,washer,8
00021CZ,2026-01-30T23:47:28.000Z,washer,8
00021CZ,2026-01-28T14:53:13.000Z,washer,18
00021CZ,2026-01-28T14:52:14.000Z,washer,8
00021CZ,2026-01-28T14:13:05.000Z,washer,8
00021CZ,2026-01-28T14:12:24.000Z,washer,18
00021CZ,2026-01-26T13:28:15.000Z,washer,8
00021CZ,2026-01-25T10:54:35.000Z,washer,18
00021CZ,2026-01-25T09:28:38.000Z,washer,8
00021CZ,2026-01-25T07:18:15.000Z,washer,8
00021CZ,2026-01-24T18:23:16.000Z,washer,18
00021CZ,2026-01-24T17:24:54.000Z,washer,8
00021CZ,2026-01-24T08:15:54.000Z,washer,8
00021CZ,2026-01-17T18:30:18.000Z,washer,8
00021CZ,2026-01-17T15:58:40.000Z,washer,8
00021CZ,2026-01-14T11:24:41.000Z,washer,8
00021CZ,2026-01-09T17:34:36.000Z,washer,8
00021CZ,2026-01-08T11:03:25.000Z,washer,8
00021CZ,2026-01-08T01:57:13.000Z,washer,18
00021CZ,2026-01-06T16:39:20.000Z,washer,8
00021CZ,2026-01-05T12:13:08.000Z,washer,8
00021CZ,2026-01-04T17:49:13.000Z,washer,8
00021CZ,2026-01-03T12:06:13.000Z,washer,18
00021CZ,2026-01-01T13:32:56.000Z,washer,18
00021CZ,2025-12-29T10:05:02.000Z,washer,18
00021CZ,2025-12-26T12:17:41.000Z,washer,18
00021CZ,2025-12-23T16:03:01.000Z,washer,8
00021CZ,2025-12-22T13:04:46.000Z,washer,8
00021CZ,2025-12-21T18:19:54.000Z,washer,18
00021CZ,2025-12-19T19:43:37.000Z,washer,18
00021CZ,2025-12-19T09:41:03.000Z,washer,18
00021CZ,2025-12-17T18:37:22.000Z,washer,8
00021CZ,2025-12-17T18:31:04.000Z,washer,18
00021CZ,2025-12-15T13:32:17.000Z,washer,8
00021CZ,2025-12-14T02:14:40.000Z,washer,8
00021CZ,2025-12-13T09:37:45.000Z,washer,8
00021CZ,2025-12-13T09:29:05.000Z,washer,8
00021CZ,2025-12-12T15:25:55.000Z,washer,8
00021CZ,2025-12-10T18:08:43.000Z,washer,18
00021CZ,2025-12-10T16:41:19.000Z,washer,8
00021CZ,2025-12-08T11:32:11.000Z,washer,8
00021CZ,2025-12-08T10:51:11.000Z,washer,18
00021CZ,2025-12-08T10:51:11.000Z,washer,18
00021CZ,2025-12-07T06:38:41.000Z,washer,18
00021CZ,2025-12-06T12:52:29.000Z,washer,18
00021CZ,2025-12-06T02:38:55.000Z,washer,18
00021CZ,2025-12-03T13:40:08.000Z,washer,18
00021CZ,2025-12-01T16:57:19.000Z,washer,8
00021CZ,2025-12-01T12:21:45.000Z,washer,18
00021CZ,2025-11-28T18:33:32.000Z,washer,18
00021CZ,2025-11-28T15:19:29.000Z,washer,18
00021CZ,2025-11-28T15:04:21.000Z,washer,8
00006CZ,2026-08-05T07:26:12.000Z,washer,18
00006CZ,2026-08-04T20:59:27.000Z,washer,18
00006CZ,2026-08-04T20:53:23.000Z,washer,8
00006CZ,2026-08-04T14:41:29.000Z,washer,8
00006CZ,2026-08-04T14:38:38.000Z,washer,18
00006CZ,2026-08-04T12:49:25.000Z,washer,18
00006CZ,2026-08-03T19:33:18.000Z,washer,18
00006CZ,2026-08-03T17:53:44.000Z,washer,18
00006CZ,2026-08-03T14:08:36.000Z,washer,8
00006CZ,2026-08-03T13:57:35.000Z,washer,18
00006CZ,2026-08-03T13:22:35.000Z,washer,8
00006CZ,2026-08-03T12:43:21.000Z,washer,8
00006CZ,2026-08-03T12:29:18.000Z,washer,18
00006CZ,2026-08-03T08:01:22.000Z,washer,18
00006CZ,2026-08-02T21:01:04.000Z,washer,18
00006CZ,2026-08-02T20:14:55.000Z,washer,18
00006CZ,2026-08-02T20:13:00.000Z,washer,8
00006CZ,2026-08-02T10:53:15.000Z,washer,18
00006CZ,2026-08-01T19:40:49.000Z,washer,8
00006CZ,2026-08-01T17:03:31.000Z,washer,18
00006CZ,2026-08-01T15:14:22.000Z,washer,18
00006CZ,2026-08-01T14:28:41.000Z,washer,18
00006CZ,2026-08-01T12:33:34.000Z,washer,18
00006CZ,2026-08-01T11:14:03.000Z,washer,8
00006CZ,2026-08-01T09:45:01.000Z,washer,18
00006CZ,2026-07-31T21:19:13.000Z,washer,18
00006CZ,2026-07-31T20:10:41.000Z,washer,8
00006CZ,2026-07-31T15:10:38.000Z,washer,18
00006CZ,2026-07-31T15:08:57.000Z,washer,8
00006CZ,2026-07-31T11:29:52.000Z,washer,8
00006CZ,2026-07-31T11:24:17.000Z,washer,18
00006CZ,2026-07-31T10:32:17.000Z,washer,18
00006CZ,2026-07-31T09:50:28.000Z,washer,18
00006CZ,2026-07-31T09:23:59.000Z,washer,8
00006CZ,2026-07-31T09:08:43.000Z,washer,18
00006CZ,2026-07-30T16:59:13.000Z,washer,18
00006CZ,2026-07-30T13:18:31.000Z,washer,8
00006CZ,2026-07-30T11:51:45.000Z,washer,8
00006CZ,2026-07-30T11:39:40.000Z,washer,18
00006CZ,2026-07-30T11:09:47.000Z,washer,8
00006CZ,2026-07-30T09:58:51.000Z,washer,18
00006CZ,2026-07-30T09:44:48.000Z,washer,8
00006CZ,2026-07-30T09:07:07.000Z,washer,18
00006CZ,2026-07-29T21:13:57.000Z,washer,8
00006CZ,2026-07-29T18:09:28.000Z,washer,18
00006CZ,2026-07-29T16:03:31.000Z,washer,18
00006CZ,2026-07-29T14:58:11.000Z,washer,18
00006CZ,2026-07-29T14:07:19.000Z,washer,18
00006CZ,2026-07-28T12:06:31.000Z,washer,8
00006CZ,2026-07-28T10:17:36.000Z,washer,8
00006CZ,2026-07-28T07:32:22.000Z,washer,8
00006CZ,2026-07-28T07:31:30.000Z,washer,18
00006CZ,2026-07-27T17:56:46.000Z,washer,18
00006CZ,2026-07-27T13:36:18.000Z,washer,18
00006CZ,2026-07-27T11:18:26.000Z,washer,8
00006CZ,2026-07-27T11:16:52.000Z,washer,18
00006CZ,2026-07-27T08:47:06.000Z,washer,18
00006CZ,2026-07-26T15:05:28.000Z,washer,8
00006CZ,2026-07-26T14:48:33.000Z,washer,18
00006CZ,2026-07-26T14:37:41.000Z,washer,18
00006CZ,2026-07-26T12:22:51.000Z,washer,18
00006CZ,2026-07-26T11:40:24.000Z,washer,18
00006CZ,2026-07-26T10:58:25.000Z,washer,18
00006CZ,2026-07-26T08:49:42.000Z,washer,8
00006CZ,2026-07-26T08:42:09.000Z,washer,18
00006CZ,2026-07-25T17:34:50.000Z,washer,8
00006CZ,2026-07-25T14:23:53.000Z,washer,18
00006CZ,2026-07-25T12:41:42.000Z,washer,8
00006CZ,2026-07-25T10:52:56.000Z,washer,18
00006CZ,2026-07-24T22:32:26.000Z,washer,18
00006CZ,2026-07-24T19:24:44.000Z,washer,8
00006CZ,2026-07-24T19:22:42.000Z,washer,18
00006CZ,2026-07-24T17:35:52.000Z,washer,8
00006CZ,2026-07-24T17:05:58.000Z,washer,18
00006CZ,2026-07-24T16:26:39.000Z,washer,8
00006CZ,2026-07-24T10:01:20.000Z,washer,18
00006CZ,2026-07-23T17:36:09.000Z,washer,18
00006CZ,2026-07-22T22:48:29.000Z,washer,8
00006CZ,2026-07-22T17:13:56.000Z,washer,8
00006CZ,2026-07-22T16:59:22.000Z,washer,18
00006CZ,2026-07-22T15:57:28.000Z,washer,18
00006CZ,2026-07-22T14:13:29.000Z,washer,18
00006CZ,2026-07-22T11:35:59.000Z,washer,18
00006CZ,2026-07-22T07:24:50.000Z,washer,8
00006CZ,2026-07-21T14:26:17.000Z,washer,8
00006CZ,2026-07-20T23:49:58.000Z,washer,8
00006CZ,2026-07-20T14:16:23.000Z,washer,18
00006CZ,2026-07-20T12:02:48.000Z,washer,18
00006CZ,2026-07-20T11:16:12.000Z,washer,18
00006CZ,2026-07-20T11:15:22.000Z,washer,8
00006CZ,2026-07-19T22:30:56.000Z,washer,18
00006CZ,2026-07-19T21:46:00.000Z,washer,18
00006CZ,2026-07-19T15:16:50.000Z,washer,18
00006CZ,2026-07-19T14:39:49.000Z,washer,18
00006CZ,2026-07-19T11:45:04.000Z,washer,18
00006CZ,2026-07-19T10:44:42.000Z,washer,18
00006CZ,2026-07-19T10:43:21.000Z,washer,8
00006CZ,2026-07-18T18:56:13.000Z,washer,8
00006CZ,2026-07-18T15:59:57.000Z,washer,18
00006CZ,2026-07-18T15:50:49.000Z,washer,18
00006CZ,2026-07-18T14:59:08.000Z,washer,18
00006CZ,2026-07-18T14:05:16.000Z,washer,18
00006CZ,2026-07-18T14:04:23.000Z,washer,8
00006CZ,2026-07-18T13:06:03.000Z,washer,18
00006CZ,2026-07-18T12:20:46.000Z,washer,18
00006CZ,2026-07-18T11:37:01.000Z,washer,18
00006CZ,2026-07-18T10:47:48.000Z,washer,18
00006CZ,2026-07-18T06:10:36.000Z,washer,8
00006CZ,2026-07-18T06:09:56.000Z,washer,18
00006CZ,2026-07-17T15:43:01.000Z,washer,18
00006CZ,2026-07-17T12:45:43.000Z,washer,18
00006CZ,2026-07-17T11:54:43.000Z,washer,8
00006CZ,2026-07-17T08:47:27.000Z,washer,18
00006CZ,2026-07-16T16:52:21.000Z,washer,8
00006CZ,2026-07-16T14:53:51.000Z,washer,18
00006CZ,2026-07-16T13:27:35.000Z,washer,18
00006CZ,2026-07-16T09:31:55.000Z,washer,18
00006CZ,2026-07-15T21:44:00.000Z,washer,8
00006CZ,2026-07-15T19:02:17.000Z,washer,8
00006CZ,2026-07-15T16:49:47.000Z,washer,18
00006CZ,2026-07-15T15:33:57.000Z,washer,18
00006CZ,2026-07-15T15:27:38.000Z,washer,8
00006CZ,2026-07-15T09:53:26.000Z,washer,18
00006CZ,2026-07-15T06:36:13.000Z,washer,18
00006CZ,2026-07-14T18:43:12.000Z,washer,18
00006CZ,2026-07-14T17:23:04.000Z,washer,8
00006CZ,2026-07-14T15:59:05.000Z,washer,18
00006CZ,2026-07-14T12:53:15.000Z,washer,8
00006CZ,2026-07-14T11:42:22.000Z,washer,18
00006CZ,2026-07-14T08:57:32.000Z,washer,18
00006CZ,2026-07-13T17:57:17.000Z,washer,18
00006CZ,2026-07-13T15:35:56.000Z,washer,8
00006CZ,2026-07-13T15:33:40.000Z,washer,18
00006CZ,2026-07-13T14:19:28.000Z,washer,18
00006CZ,2026-07-13T10:49:53.000Z,washer,8
00006CZ,2026-07-13T09:59:41.000Z,washer,18
00006CZ,2026-07-13T09:59:02.000Z,washer,8
00006CZ,2026-07-13T08:29:51.000Z,washer,18
00006CZ,2026-07-12T20:26:17.000Z,washer,8
00006CZ,2026-07-12T18:56:36.000Z,washer,8
00006CZ,2026-07-12T17:10:47.000Z,washer,18
00006CZ,2026-07-11T16:04:27.000Z,washer,8
00006CZ,2026-07-11T15:27:06.000Z,washer,8
00006CZ,2026-07-11T14:36:01.000Z,washer,18
00006CZ,2026-07-11T13:39:51.000Z,washer,8
00006CZ,2026-07-11T13:05:04.000Z,washer,18
00006CZ,2026-07-11T11:26:16.000Z,washer,18
00006CZ,2026-07-11T10:32:02.000Z,washer,18
00006CZ,2026-07-11T09:12:20.000Z,washer,18
00006CZ,2026-07-10T07:58:05.000Z,washer,18
00006CZ,2026-07-09T18:40:45.000Z,washer,18
00006CZ,2026-07-09T16:20:16.000Z,washer,18
00006CZ,2026-07-08T19:46:00.000Z,washer,18
00006CZ,2026-07-08T18:46:41.000Z,washer,18
00006CZ,2026-07-08T17:22:18.000Z,washer,8
00006CZ,2026-07-08T17:20:53.000Z,washer,18
00006CZ,2026-07-08T15:58:42.000Z,washer,18
00006CZ,2026-07-08T13:17:48.000Z,washer,8
00006CZ,2026-07-08T10:33:08.000Z,washer,8
00006CZ,2026-07-07T18:50:47.000Z,washer,18
00006CZ,2026-07-07T18:41:08.000Z,washer,8
00006CZ,2026-07-07T16:34:09.000Z,washer,18
00006CZ,2026-07-07T14:51:59.000Z,washer,18
00006CZ,2026-07-07T13:54:31.000Z,washer,8
00006CZ,2026-07-07T12:20:22.000Z,washer,18
00006CZ,2026-07-07T12:15:23.000Z,washer,8
00006CZ,2026-07-07T11:36:48.000Z,washer,8
00006CZ,2026-07-07T11:33:54.000Z,washer,18
00006CZ,2026-07-07T07:52:11.000Z,washer,18
00006CZ,2026-07-06T17:06:52.000Z,washer,8
00006CZ,2026-07-06T16:06:36.000Z,washer,18
00006CZ,2026-07-06T12:53:06.000Z,washer,18
00006CZ,2026-07-06T12:06:42.000Z,washer,18
00006CZ,2026-07-06T11:10:40.000Z,washer,8
00006CZ,2026-07-06T10:05:20.000Z,washer,8
00006CZ,2026-07-06T09:58:54.000Z,washer,18
00006CZ,2026-07-06T09:07:42.000Z,washer,18
00006CZ,2026-07-06T09:06:49.000Z,washer,8
00006CZ,2026-07-05T17:15:13.000Z,washer,18
00006CZ,2026-07-05T16:32:33.000Z,washer,18
00006CZ,2026-07-05T08:42:34.000Z,washer,8
00006CZ,2026-07-05T08:42:34.000Z,washer,8
00006CZ,2026-07-05T06:26:07.000Z,washer,8
00006CZ,2026-07-04T19:06:02.000Z,washer,18
00006CZ,2026-07-04T18:18:54.000Z,washer,18
00006CZ,2026-07-04T17:25:33.000Z,washer,18
00006CZ,2026-07-04T17:17:07.000Z,washer,18
00006CZ,2026-07-04T15:33:35.000Z,washer,18
00006CZ,2026-07-04T14:40:31.000Z,washer,8
00006CZ,2026-07-04T10:29:02.000Z,washer,18
00006CZ,2026-07-03T16:12:17.000Z,washer,18
00006CZ,2026-07-03T07:06:32.000Z,washer,8
00006CZ,2026-07-02T21:22:34.000Z,washer,8
00006CZ,2026-07-01T15:13:31.000Z,washer,18
00006CZ,2026-07-01T15:12:43.000Z,washer,8
00006CZ,2026-07-01T11:44:58.000Z,washer,18
00006CZ,2026-07-01T10:58:16.000Z,washer,18
00006CZ,2026-07-01T09:44:50.000Z,washer,18
00006CZ,2026-06-30T21:16:15.000Z,washer,8
00006CZ,2026-06-30T20:37:01.000Z,washer,8
00006CZ,2026-06-30T17:30:05.000Z,washer,8
00006CZ,2026-06-30T17:27:40.000Z,washer,8
00006CZ,2026-06-30T15:39:23.000Z,washer,18
00006CZ,2026-06-30T14:53:12.000Z,washer,18
00006CZ,2026-06-30T13:34:57.000Z,washer,18
00006CZ,2026-06-30T13:34:57.000Z,washer,18
00006CZ,2026-06-29T18:35:59.000Z,washer,18
00006CZ,2026-06-29T14:26:37.000Z,washer,18
00006CZ,2026-06-28T17:51:03.000Z,washer,8
00006CZ,2026-06-28T15:36:44.000Z,washer,18
00006CZ,2026-06-28T15:17:45.000Z,washer,8
00006CZ,2026-06-28T12:48:06.000Z,washer,18
00006CZ,2026-06-28T12:39:59.000Z,washer,18
00006CZ,2026-06-28T12:36:39.000Z,washer,8
00006CZ,2026-06-28T11:56:54.000Z,washer,18
00006CZ,2026-06-28T10:30:27.000Z,washer,18
00006CZ,2026-06-28T07:27:42.000Z,washer,18
00006CZ,2026-06-27T20:22:05.000Z,washer,18
00006CZ,2026-06-27T20:12:22.000Z,washer,18
00006CZ,2026-06-27T14:13:47.000Z,washer,18
00006CZ,2026-06-27T09:54:54.000Z,washer,18
00006CZ,2026-06-27T09:09:08.000Z,washer,8
00006CZ,2026-06-26T18:08:36.000Z,washer,18
00006CZ,2026-06-26T14:10:03.000Z,washer,18
00006CZ,2026-06-26T13:03:18.000Z,washer,18
00006CZ,2026-06-26T10:40:12.000Z,washer,18
00006CZ,2026-06-26T08:10:12.000Z,washer,8
00006CZ,2026-06-25T20:04:53.000Z,washer,8
00006CZ,2026-06-25T19:58:25.000Z,washer,8
00006CZ,2026-06-25T16:22:37.000Z,washer,18
00006CZ,2026-06-24T22:27:43.000Z,washer,18
00006CZ,2026-06-24T07:46:34.000Z,washer,18
00006CZ,2026-06-23T19:54:46.000Z,washer,8
00006CZ,2026-06-23T18:42:33.000Z,washer,18
00006CZ,2026-06-23T15:50:48.000Z,washer,8
00006CZ,2026-06-23T15:44:00.000Z,washer,8
00006CZ,2026-06-23T12:43:05.000Z,washer,18
00006CZ,2026-06-23T12:01:58.000Z,washer,18
00006CZ,2026-06-23T11:09:10.000Z,washer,18
00006CZ,2026-06-23T07:45:57.000Z,washer,18
00006CZ,2026-06-23T07:45:57.000Z,washer,18
00006CZ,2026-06-22T20:03:48.000Z,washer,18
00006CZ,2026-06-22T18:51:27.000Z,washer,18
00006CZ,2026-06-22T18:45:55.000Z,washer,8
00006CZ,2026-06-22T17:29:24.000Z,washer,8
00006CZ,2026-06-22T15:42:22.000Z,washer,8
00006CZ,2026-06-22T14:31:52.000Z,washer,8
00006CZ,2026-06-22T13:40:33.000Z,washer,18
00006CZ,2026-06-22T10:52:27.000Z,washer,8
00006CZ,2026-06-22T10:50:53.000Z,washer,18
00006CZ,2026-06-22T08:20:57.000Z,washer,18
00006CZ,2026-06-20T15:19:59.000Z,washer,18
00006CZ,2026-06-20T12:45:21.000Z,washer,18
00006CZ,2026-06-20T12:02:44.000Z,washer,18
00006CZ,2026-06-20T09:30:55.000Z,washer,18
00006CZ,2026-06-19T19:26:24.000Z,washer,18
00006CZ,2026-06-19T19:16:01.000Z,washer,18
00006CZ,2026-06-19T18:47:50.000Z,washer,8
00006CZ,2026-06-19T15:13:43.000Z,washer,18
00006CZ,2026-06-19T12:11:27.000Z,washer,18
00006CZ,2026-06-19T11:26:20.000Z,washer,18
00006CZ,2026-06-19T10:01:53.000Z,washer,8
00006CZ,2026-06-19T01:17:26.000Z,washer,8
00006CZ,2026-06-18T16:06:43.000Z,washer,8
00006CZ,2026-06-17T14:11:26.000Z,washer,18
00006CZ,2026-06-17T11:12:30.000Z,washer,18
00006CZ,2026-06-16T15:29:27.000Z,washer,18
00006CZ,2026-06-16T14:45:17.000Z,washer,18
00006CZ,2026-06-16T11:47:16.000Z,washer,8
00006CZ,2026-06-15T10:38:13.000Z,washer,18
00006CZ,2026-06-15T08:43:33.000Z,washer,18
00006CZ,2026-06-15T08:33:26.000Z,washer,18
00006CZ,2026-06-14T14:03:18.000Z,washer,18
00006CZ,2026-06-14T13:02:06.000Z,washer,18
00006CZ,2026-06-14T13:01:20.000Z,washer,8
00006CZ,2026-06-14T11:39:11.000Z,washer,18
00006CZ,2026-06-14T07:25:31.000Z,washer,18
00006CZ,2026-06-14T05:59:43.000Z,washer,8
00006CZ,2026-06-13T18:09:42.000Z,washer,8
00006CZ,2026-06-13T17:59:43.000Z,washer,8
00006CZ,2026-06-13T14:13:38.000Z,washer,8
00006CZ,2026-06-13T14:11:44.000Z,washer,18
00006CZ,2026-06-13T13:11:46.000Z,washer,18
00006CZ,2026-06-13T12:21:36.000Z,washer,18
00006CZ,2026-06-13T09:58:15.000Z,washer,8
00006CZ,2026-06-13T07:56:51.000Z,washer,8
00006CZ,2026-06-13T07:26:13.000Z,washer,18
00006CZ,2026-06-13T06:05:03.000Z,washer,18
00006CZ,2026-06-12T11:59:53.000Z,washer,18
00006CZ,2026-06-12T11:08:50.000Z,washer,18
00006CZ,2026-06-11T21:45:48.000Z,washer,8
00006CZ,2026-06-11T19:08:44.000Z,washer,18
00006CZ,2026-06-11T16:47:00.000Z,washer,18
00006CZ,2026-06-11T12:37:19.000Z,washer,18
00006CZ,2026-06-11T12:36:37.000Z,washer,8
00006CZ,2026-06-11T11:41:33.000Z,washer,18
00006CZ,2026-06-11T11:40:50.000Z,washer,8
00006CZ,2026-06-11T10:02:58.000Z,washer,18
00006CZ,2026-06-11T08:10:05.000Z,washer,18
00006CZ,2026-06-10T10:10:13.000Z,washer,18
00006CZ,2026-06-10T09:25:44.000Z,washer,18
00006CZ,2026-06-10T09:21:18.000Z,washer,8
00006CZ,2026-06-09T22:24:04.000Z,washer,8
00006CZ,2026-06-09T08:43:47.000Z,washer,8
00006CZ,2026-06-08T18:57:01.000Z,washer,18
00006CZ,2026-06-08T16:29:06.000Z,washer,18
00006CZ,2026-06-08T15:33:42.000Z,washer,18
00006CZ,2026-06-08T12:41:39.000Z,washer,18
00006CZ,2026-06-08T09:23:45.000Z,washer,18
00006CZ,2026-06-06T18:45:40.000Z,washer,8
00006CZ,2026-06-06T18:39:52.000Z,washer,8
00006CZ,2026-06-06T14:35:07.000Z,washer,18
00006CZ,2026-06-06T14:30:22.000Z,washer,8
00006CZ,2026-06-06T13:28:40.000Z,washer,18
00006CZ,2026-06-06T10:46:06.000Z,washer,18
00006CZ,2026-06-06T09:33:35.000Z,washer,18
00006CZ,2026-06-06T09:25:24.000Z,washer,18
00006CZ,2026-06-06T08:13:17.000Z,washer,8
00006CZ,2026-06-05T18:33:46.000Z,washer,8
00006CZ,2026-06-04T23:38:52.000Z,washer,18
00006CZ,2026-06-04T18:51:38.000Z,washer,18
00006CZ,2026-06-03T19:56:34.000Z,washer,18
00006CZ,2026-06-03T18:53:06.000Z,washer,18
00006CZ,2026-06-03T08:04:24.000Z,washer,18
00006CZ,2026-06-02T14:31:59.000Z,washer,18
00006CZ,2026-06-02T13:08:56.000Z,washer,8
00006CZ,2026-06-02T11:27:01.000Z,washer,18
00006CZ,2026-06-01T06:01:35.000Z,washer,18
00006CZ,2026-05-31T19:18:57.000Z,washer,8
00006CZ,2026-05-31T10:53:53.000Z,washer,8
00006CZ,2026-05-31T10:47:42.000Z,washer,8
00006CZ,2026-05-31T06:44:38.000Z,washer,18
00006CZ,2026-05-30T15:54:19.000Z,washer,18
00006CZ,2026-05-30T15:13:38.000Z,washer,18
00006CZ,2026-05-30T14:33:28.000Z,washer,8
00006CZ,2026-05-30T14:12:25.000Z,washer,18
00006CZ,2026-05-30T07:00:40.000Z,washer,18
00006CZ,2026-05-29T16:37:46.000Z,washer,18
00006CZ,2026-05-29T16:27:18.000Z,washer,18
00006CZ,2026-05-29T16:25:10.000Z,washer,18
00006CZ,2026-05-29T15:24:16.000Z,washer,18
00006CZ,2026-05-29T12:27:53.000Z,washer,18
00006CZ,2026-05-29T07:50:36.000Z,washer,8
00006CZ,2026-05-29T07:47:54.000Z,washer,18
00006CZ,2026-05-28T22:34:11.000Z,washer,8
00006CZ,2026-05-28T18:37:49.000Z,washer,18
00006CZ,2026-05-28T14:59:42.000Z,washer,8
00006CZ,2026-05-28T11:32:45.000Z,washer,8
00006CZ,2026-05-28T11:14:06.000Z,washer,18
00006CZ,2026-05-27T21:15:16.000Z,washer,8
00006CZ,2026-05-27T20:05:44.000Z,washer,18
00006CZ,2026-05-26T18:35:41.000Z,washer,18
00006CZ,2026-05-26T17:03:07.000Z,washer,18
00006CZ,2026-05-26T16:20:21.000Z,washer,18
00006CZ,2026-05-26T16:18:52.000Z,washer,8
00006CZ,2026-05-26T03:50:34.000Z,washer,18
00006CZ,2026-05-25T19:18:43.000Z,washer,18
00006CZ,2026-05-25T10:44:57.000Z,washer,8
00006CZ,2026-05-25T10:42:44.000Z,washer,18
00006CZ,2026-05-24T17:30:14.000Z,washer,18
00006CZ,2026-05-24T17:20:45.000Z,washer,18
00006CZ,2026-05-24T12:05:52.000Z,washer,18
00006CZ,2026-05-24T10:32:45.000Z,washer,8
00006CZ,2026-05-24T10:30:55.000Z,washer,18
00006CZ,2026-05-24T08:59:55.000Z,washer,8
00006CZ,2026-05-24T07:29:59.000Z,washer,18
00006CZ,2026-05-24T06:41:42.000Z,washer,18
00006CZ,2026-05-23T15:50:12.000Z,washer,8
00006CZ,2026-05-23T10:52:28.000Z,washer,8
00006CZ,2026-05-23T08:43:36.000Z,washer,18
00006CZ,2026-05-23T08:11:37.000Z,washer,8
00006CZ,2026-05-22T19:10:17.000Z,washer,8
00006CZ,2026-05-22T16:43:38.000Z,washer,18
00006CZ,2026-05-22T15:35:30.000Z,washer,18
00006CZ,2026-05-22T15:34:44.000Z,washer,8
00006CZ,2026-05-22T09:33:25.000Z,washer,18
00006CZ,2026-05-21T16:33:23.000Z,washer,18
00006CZ,2026-05-21T13:27:29.000Z,washer,8
00006CZ,2026-05-20T19:06:43.000Z,washer,8
00006CZ,2026-05-20T16:17:09.000Z,washer,8
00006CZ,2026-05-20T08:50:23.000Z,washer,18
00006CZ,2026-05-19T15:25:58.000Z,washer,8
00006CZ,2026-05-19T11:50:41.000Z,washer,18
00006CZ,2026-05-18T18:22:32.000Z,washer,8
00006CZ,2026-05-18T15:35:18.000Z,washer,8
00006CZ,2026-05-18T11:30:57.000Z,washer,18
00006CZ,2026-05-17T14:38:03.000Z,washer,18
00006CZ,2026-05-17T12:18:22.000Z,washer,18
00006CZ,2026-05-17T11:17:43.000Z,washer,18
00006CZ,2026-05-17T07:24:57.000Z,washer,18
00006CZ,2026-05-16T13:52:55.000Z,washer,8
00006CZ,2026-05-16T11:53:49.000Z,washer,8
00006CZ,2026-05-16T11:45:51.000Z,washer,8
00006CZ,2026-05-16T11:02:46.000Z,washer,8
00006CZ,2026-05-15T21:12:50.000Z,washer,8
00006CZ,2026-05-15T20:59:46.000Z,washer,18
00006CZ,2026-05-15T20:05:05.000Z,washer,18
00006CZ,2026-05-15T19:11:51.000Z,washer,8
00006CZ,2026-05-14T19:53:56.000Z,washer,18
00006CZ,2026-05-14T19:53:04.000Z,washer,8
00006CZ,2026-05-14T12:00:25.000Z,washer,8
00006CZ,2026-05-14T08:04:52.000Z,washer,8
00006CZ,2026-05-13T16:50:59.000Z,washer,18
00006CZ,2026-05-13T10:19:49.000Z,washer,18
00006CZ,2026-05-12T16:41:23.000Z,washer,8
00006CZ,2026-05-12T14:38:02.000Z,washer,18
00006CZ,2026-05-12T13:33:03.000Z,washer,18
00006CZ,2026-05-12T09:02:39.000Z,washer,18
00006CZ,2026-05-11T21:15:03.000Z,washer,8
00006CZ,2026-05-11T16:10:33.000Z,washer,8
00006CZ,2026-05-11T13:58:29.000Z,washer,18
00006CZ,2026-05-11T09:42:00.000Z,washer,18
00006CZ,2026-05-11T06:23:49.000Z,washer,18
00006CZ,2026-05-11T06:23:07.000Z,washer,8
00006CZ,2026-05-10T19:36:31.000Z,washer,18
00006CZ,2026-05-10T19:15:46.000Z,washer,8
00006CZ,2026-05-10T18:02:31.000Z,washer,8
00006CZ,2026-05-10T17:54:53.000Z,washer,8
00006CZ,2026-05-10T16:43:54.000Z,washer,18
00006CZ,2026-05-10T15:59:22.000Z,washer,18
00006CZ,2026-05-10T14:58:53.000Z,washer,18
00006CZ,2026-05-10T09:50:36.000Z,washer,18
00006CZ,2026-05-09T19:59:04.000Z,washer,18
00006CZ,2026-05-09T13:51:06.000Z,washer,18
00006CZ,2026-05-09T09:22:31.000Z,washer,18
00006CZ,2026-05-08T18:48:52.000Z,washer,18
00006CZ,2026-05-08T18:06:15.000Z,washer,18
00006CZ,2026-05-08T10:33:09.000Z,washer,8
00006CZ,2026-05-07T08:00:43.000Z,washer,8
00006CZ,2026-05-07T07:02:58.000Z,washer,18
00006CZ,2026-05-06T19:29:45.000Z,washer,18
00006CZ,2026-05-05T08:07:58.000Z,washer,18
00006CZ,2026-05-05T08:07:22.000Z,washer,8
00006CZ,2026-05-04T21:11:43.000Z,washer,8
00006CZ,2026-05-04T19:03:49.000Z,washer,18
00006CZ,2026-05-04T17:47:20.000Z,washer,8
00006CZ,2026-05-04T16:54:15.000Z,washer,18
00006CZ,2026-05-04T13:41:10.000Z,washer,18
00006CZ,2026-05-03T21:14:02.000Z,washer,18
00006CZ,2026-05-03T10:35:28.000Z,washer,18
00006CZ,2026-05-03T10:26:47.000Z,washer,18
00006CZ,2026-05-02T14:56:04.000Z,washer,18
00006CZ,2026-05-02T11:07:39.000Z,washer,8
00006CZ,2026-05-02T10:56:00.000Z,washer,18
00006CZ,2026-05-02T10:45:39.000Z,washer,18
00006CZ,2026-05-02T10:12:21.000Z,washer,8
00006CZ,2026-05-02T10:03:32.000Z,washer,18
00006CZ,2026-05-02T09:21:25.000Z,washer,8
00006CZ,2026-05-02T09:18:50.000Z,washer,18
00006CZ,2026-05-02T07:30:40.000Z,washer,18
00006CZ,2026-05-01T13:59:07.000Z,washer,18
00006CZ,2026-05-01T12:51:33.000Z,washer,8
00006CZ,2026-05-01T12:17:33.000Z,washer,18
00006CZ,2026-05-01T04:32:25.000Z,washer,8
00006CZ,2026-04-30T16:53:40.000Z,washer,8
00006CZ,2026-04-30T16:10:02.000Z,washer,8
00006CZ,2026-04-30T10:21:44.000Z,washer,8
00006CZ,2026-04-30T10:19:48.000Z,washer,18
00006CZ,2026-04-29T15:46:19.000Z,washer,18
00006CZ,2026-04-29T15:03:22.000Z,washer,18
00006CZ,2026-04-29T14:21:39.000Z,washer,18
00006CZ,2026-04-29T13:38:28.000Z,washer,18
00006CZ,2026-04-29T08:39:25.000Z,washer,18
00006CZ,2026-04-29T07:57:16.000Z,washer,18
00006CZ,2026-04-27T08:31:40.000Z,washer,18
00006CZ,2026-04-26T17:46:23.000Z,washer,8
00006CZ,2026-04-26T16:48:15.000Z,washer,18
00006CZ,2026-04-26T14:04:41.000Z,washer,18
00006CZ,2026-04-26T14:03:46.000Z,washer,8
00006CZ,2026-04-26T12:41:14.000Z,washer,18
00006CZ,2026-04-26T11:40:49.000Z,washer,18
00006CZ,2026-04-26T10:16:03.000Z,washer,18
00006CZ,2026-04-25T21:50:08.000Z,washer,18
00006CZ,2026-04-25T19:25:40.000Z,washer,18
00006CZ,2026-04-25T18:38:56.000Z,washer,18
00006CZ,2026-04-25T17:08:35.000Z,washer,8
00006CZ,2026-04-25T15:26:36.000Z,washer,8
00006CZ,2026-04-25T12:05:12.000Z,washer,18
00006CZ,2026-04-25T11:25:31.000Z,washer,8
00006CZ,2026-04-25T11:19:15.000Z,washer,8
00006CZ,2026-04-25T10:04:42.000Z,washer,8
00006CZ,2026-04-25T07:59:26.000Z,washer,18
00006CZ,2026-04-24T17:00:47.000Z,washer,8
00006CZ,2026-04-24T13:14:56.000Z,washer,18
00006CZ,2026-04-24T11:11:22.000Z,washer,8
00006CZ,2026-04-24T07:41:32.000Z,washer,8
00006CZ,2026-04-23T17:27:34.000Z,washer,8
00006CZ,2026-04-23T16:50:01.000Z,washer,18
00006CZ,2026-04-23T11:50:37.000Z,washer,18
00006CZ,2026-04-22T12:43:43.000Z,washer,18
00006CZ,2026-04-21T12:02:44.000Z,washer,8
00006CZ,2026-04-21T11:21:30.000Z,washer,8
00006CZ,2026-04-21T11:16:14.000Z,washer,18
00006CZ,2026-04-21T10:06:32.000Z,washer,8
00006CZ,2026-04-21T10:02:49.000Z,washer,18
00006CZ,2026-04-20T11:13:59.000Z,washer,8
00006CZ,2026-04-19T15:46:52.000Z,washer,18
00006CZ,2026-04-19T12:46:36.000Z,washer,18
00006CZ,2026-04-19T12:45:44.000Z,washer,8
00006CZ,2026-04-19T10:04:10.000Z,washer,8
00006CZ,2026-04-19T09:58:33.000Z,washer,8
00006CZ,2026-04-19T09:45:16.000Z,washer,18
00006CZ,2026-04-18T12:50:56.000Z,washer,8
00006CZ,2026-04-18T11:04:30.000Z,washer,18
00006CZ,2026-04-18T08:01:41.000Z,washer,18
00006CZ,2026-04-18T07:16:01.000Z,washer,18
00006CZ,2026-04-17T18:47:19.000Z,washer,18
00006CZ,2026-04-17T16:44:24.000Z,washer,8
00006CZ,2026-04-17T08:26:38.000Z,washer,18
00006CZ,2026-04-16T18:40:30.000Z,washer,18
00006CZ,2026-04-16T16:28:20.000Z,washer,18
00006CZ,2026-04-16T13:08:08.000Z,washer,18
00006CZ,2026-04-16T11:03:20.000Z,washer,18
00006CZ,2026-04-16T09:40:09.000Z,washer,8
00006CZ,2026-04-15T20:55:42.000Z,washer,8
00006CZ,2026-04-15T16:45:23.000Z,washer,8
00006CZ,2026-04-15T16:44:35.000Z,washer,18
00006CZ,2026-04-15T13:13:15.000Z,washer,18
00006CZ,2026-04-15T11:28:13.000Z,washer,18
00006CZ,2026-04-14T17:37:54.000Z,washer,18
00006CZ,2026-04-14T16:48:34.000Z,washer,8
00006CZ,2026-04-14T16:15:56.000Z,washer,18
00006CZ,2026-04-12T11:09:25.000Z,washer,8
00006CZ,2026-04-12T11:03:14.000Z,washer,8
00006CZ,2026-04-11T21:27:32.000Z,washer,18
00006CZ,2026-04-11T12:18:34.000Z,washer,8
00006CZ,2026-04-11T09:31:51.000Z,washer,8
00006CZ,2026-04-10T14:44:19.000Z,washer,8
00006CZ,2026-04-10T10:47:46.000Z,washer,18
00006CZ,2026-04-10T10:01:41.000Z,washer,8
00006CZ,2026-04-10T09:59:06.000Z,washer,18
00006CZ,2026-04-10T09:11:50.000Z,washer,18
00006CZ,2026-04-09T11:09:45.000Z,washer,8
00006CZ,2026-04-08T13:58:12.000Z,washer,18
00006CZ,2026-04-07T07:57:15.000Z,washer,18
00006CZ,2026-04-06T10:40:54.000Z,washer,8
00006CZ,2026-04-05T16:44:08.000Z,washer,8
00006CZ,2026-04-05T16:42:32.000Z,washer,18
00006CZ,2026-04-05T12:22:37.000Z,washer,18
00006CZ,2026-04-05T08:32:54.000Z,washer,18
00006CZ,2026-04-04T17:23:22.000Z,washer,18
00006CZ,2026-04-04T17:08:20.000Z,washer,18
00006CZ,2026-04-04T16:25:17.000Z,washer,18
00006CZ,2026-04-04T15:36:16.000Z,washer,18
00006CZ,2026-04-04T12:38:11.000Z,washer,18
00006CZ,2026-04-04T12:37:23.000Z,washer,8
00006CZ,2026-04-04T09:10:39.000Z,washer,8
00006CZ,2026-04-03T23:53:15.000Z,washer,8
00006CZ,2026-04-03T21:35:51.000Z,washer,18
00006CZ,2026-04-03T16:43:15.000Z,washer,18
00006CZ,2026-04-03T14:09:35.000Z,washer,18
00006CZ,2026-04-03T13:28:51.000Z,washer,8
00006CZ,2026-04-03T13:25:00.000Z,washer,18
00006CZ,2026-04-03T12:38:34.000Z,washer,18
00006CZ,2026-04-03T11:28:41.000Z,washer,8
00006CZ,2026-04-03T11:25:58.000Z,washer,18
00006CZ,2026-04-02T07:04:21.000Z,washer,18
00006CZ,2026-04-02T06:23:21.000Z,washer,18
00006CZ,2026-04-02T06:21:11.000Z,washer,8
00006CZ,2026-04-01T17:28:03.000Z,washer,18
00006CZ,2026-04-01T13:05:42.000Z,washer,18
00006CZ,2026-03-31T18:47:25.000Z,washer,18
00006CZ,2026-03-31T18:36:51.000Z,washer,18
00006CZ,2026-03-31T16:12:53.000Z,washer,18
00006CZ,2026-03-31T09:31:03.000Z,washer,8
00006CZ,2026-03-31T09:30:19.000Z,washer,18
00006CZ,2026-03-31T08:01:04.000Z,washer,8
00006CZ,2026-03-29T18:10:14.000Z,washer,8
00006CZ,2026-03-29T12:37:06.000Z,washer,18
00006CZ,2026-03-29T06:54:24.000Z,washer,18
00006CZ,2026-03-28T17:26:43.000Z,washer,18
00006CZ,2026-03-28T14:08:15.000Z,washer,8
00006CZ,2026-03-28T13:42:54.000Z,washer,18
00006CZ,2026-03-28T06:19:23.000Z,washer,18
00006CZ,2026-03-27T17:40:15.000Z,washer,18
00006CZ,2026-03-26T10:42:02.000Z,washer,8
00006CZ,2026-03-26T08:33:26.000Z,washer,8
00006CZ,2026-03-26T06:53:22.000Z,washer,8
00006CZ,2026-03-26T06:49:35.000Z,washer,18
00006CZ,2026-03-25T16:56:06.000Z,washer,8
00006CZ,2026-03-25T12:23:14.000Z,washer,18
00006CZ,2026-03-23T16:39:26.000Z,washer,18
00006CZ,2026-03-23T16:10:16.000Z,washer,8
00006CZ,2026-03-23T15:43:27.000Z,washer,8
00006CZ,2026-03-23T09:30:19.000Z,washer,18
00006CZ,2026-03-22T20:32:57.000Z,washer,18
00006CZ,2026-03-22T20:24:42.000Z,washer,18
00006CZ,2026-03-22T19:01:40.000Z,washer,18
00006CZ,2026-03-21T15:00:36.000Z,washer,18
00006CZ,2026-03-21T14:17:15.000Z,washer,18
00006CZ,2026-03-21T11:09:51.000Z,washer,18
00006CZ,2026-03-21T10:35:29.000Z,washer,8
00006CZ,2026-03-20T18:41:48.000Z,washer,18
00006CZ,2026-03-20T15:47:39.000Z,washer,8
00006CZ,2026-03-20T13:37:15.000Z,washer,8
00006CZ,2026-03-20T13:31:50.000Z,washer,18
00006CZ,2026-03-20T12:44:42.000Z,washer,8
00006CZ,2026-03-20T09:57:45.000Z,washer,18
00006CZ,2026-03-19T08:38:30.000Z,washer,8
00006CZ,2026-03-18T13:37:41.000Z,washer,8
00006CZ,2026-03-18T10:12:37.000Z,washer,18
00006CZ,2026-03-18T09:26:53.000Z,washer,18
00006CZ,2026-03-18T08:39:47.000Z,washer,18
00006CZ,2026-03-17T16:16:05.000Z,washer,8
00006CZ,2026-03-17T16:12:06.000Z,washer,18
00006CZ,2026-03-16T20:45:52.000Z,washer,18
00006CZ,2026-03-16T17:20:33.000Z,washer,18
00006CZ,2026-03-16T16:23:52.000Z,washer,18
00006CZ,2026-03-16T13:10:45.000Z,washer,8
00006CZ,2026-03-15T14:12:03.000Z,washer,18
00006CZ,2026-03-15T13:38:14.000Z,washer,8
00006CZ,2026-03-15T13:27:44.000Z,washer,18
00006CZ,2026-03-15T11:00:26.000Z,washer,8
00006CZ,2026-03-15T10:44:11.000Z,washer,18
00006CZ,2026-03-15T10:35:21.000Z,washer,18
00006CZ,2026-03-15T10:07:11.000Z,washer,8
00006CZ,2026-03-15T08:34:10.000Z,washer,8
00006CZ,2026-03-14T15:58:03.000Z,washer,18
00006CZ,2026-03-14T15:02:51.000Z,washer,18
00006CZ,2026-03-13T21:22:07.000Z,washer,18
00006CZ,2026-03-13T17:13:25.000Z,washer,8
00006CZ,2026-03-13T16:31:14.000Z,washer,8
00006CZ,2026-03-13T10:27:08.000Z,washer,18
00006CZ,2026-03-13T08:43:15.000Z,washer,8
00006CZ,2026-03-13T07:56:43.000Z,washer,18
00006CZ,2026-03-12T15:27:47.000Z,washer,18
00006CZ,2026-03-12T14:40:21.000Z,washer,18
00006CZ,2026-03-12T11:21:49.000Z,washer,18
00006CZ,2026-03-12T10:35:20.000Z,washer,8
00006CZ,2026-03-12T10:15:04.000Z,washer,18
00006CZ,2026-03-12T07:08:57.000Z,washer,8
00006CZ,2026-03-11T22:44:43.000Z,washer,8
00006CZ,2026-03-11T16:58:13.000Z,washer,18
00006CZ,2026-03-11T16:55:21.000Z,washer,8
00006CZ,2026-03-11T16:00:06.000Z,washer,18
00006CZ,2026-03-11T12:41:37.000Z,washer,18
00006CZ,2026-03-11T09:50:40.000Z,washer,18
00006CZ,2026-03-11T08:00:06.000Z,washer,18
00006CZ,2026-03-09T13:32:01.000Z,washer,18
00006CZ,2026-03-09T10:53:23.000Z,washer,18
00006CZ,2026-03-09T07:02:59.000Z,washer,18
00006CZ,2026-03-08T17:08:49.000Z,washer,8
00006CZ,2026-03-08T10:58:23.000Z,washer,18
00006CZ,2026-03-08T10:07:47.000Z,washer,8
00006CZ,2026-03-08T10:01:00.000Z,washer,18
00006CZ,2026-03-08T08:17:53.000Z,washer,18
00006CZ,2026-03-07T18:10:56.000Z,washer,18
00006CZ,2026-03-07T11:04:51.000Z,washer,18
00006CZ,2026-03-07T10:21:36.000Z,washer,18
00006CZ,2026-03-07T09:23:19.000Z,washer,18
00006CZ,2026-03-07T05:31:53.000Z,washer,8
00006CZ,2026-03-06T18:59:33.000Z,washer,18
00006CZ,2026-03-06T18:41:27.000Z,washer,8
00006CZ,2026-03-06T16:33:55.000Z,washer,18
00006CZ,2026-03-06T15:50:36.000Z,washer,8
00006CZ,2026-03-06T09:40:44.000Z,washer,8
00006CZ,2026-03-06T09:01:01.000Z,washer,8
00006CZ,2026-03-06T08:58:40.000Z,washer,18
00006CZ,2026-03-05T16:11:26.000Z,washer,18
00006CZ,2026-03-04T18:15:08.000Z,washer,8
00006CZ,2026-03-04T18:09:02.000Z,washer,8
00006CZ,2026-03-04T16:57:51.000Z,washer,18
00006CZ,2026-03-04T15:58:33.000Z,washer,18
00006CZ,2026-03-04T12:31:12.000Z,washer,18
00006CZ,2026-03-04T11:25:55.000Z,washer,18
00006CZ,2026-03-04T10:39:57.000Z,washer,18
00006CZ,2026-03-03T12:59:47.000Z,washer,18
00006CZ,2026-03-03T12:20:03.000Z,washer,8
00006CZ,2026-03-03T12:16:57.000Z,washer,18
00006CZ,2026-03-03T12:16:57.000Z,washer,18
00006CZ,2026-03-03T10:38:24.000Z,washer,18
00006CZ,2026-03-03T10:33:56.000Z,washer,8
00006CZ,2026-03-02T16:56:43.000Z,washer,18
00006CZ,2026-03-02T16:47:07.000Z,washer,18
00006CZ,2026-03-02T12:21:55.000Z,washer,8
00006CZ,2026-03-02T10:38:13.000Z,washer,18
00006CZ,2026-03-01T17:00:58.000Z,washer,18
00006CZ,2026-03-01T10:31:50.000Z,washer,18
00006CZ,2026-03-01T09:57:22.000Z,washer,8
00006CZ,2026-03-01T09:34:03.000Z,washer,18
00006CZ,2026-02-28T17:17:21.000Z,washer,8
00006CZ,2026-02-28T13:37:47.000Z,washer,8
00006CZ,2026-02-28T11:31:24.000Z,washer,18
00006CZ,2026-02-28T10:02:42.000Z,washer,8
00006CZ,2026-02-27T22:16:58.000Z,washer,8
00006CZ,2026-02-27T16:21:28.000Z,washer,8
00006CZ,2026-02-26T20:29:45.000Z,washer,8
00006CZ,2026-02-26T17:09:00.000Z,washer,8
00006CZ,2026-02-26T16:19:13.000Z,washer,8
00006CZ,2026-02-25T18:03:12.000Z,washer,18
00006CZ,2026-02-25T15:18:37.000Z,washer,18
00006CZ,2026-02-25T14:21:56.000Z,washer,8
00006CZ,2026-02-25T10:37:18.000Z,washer,8
00006CZ,2026-02-25T10:36:05.000Z,washer,18
00006CZ,2026-02-24T18:23:18.000Z,washer,8
00006CZ,2026-02-24T18:09:03.000Z,washer,18
00006CZ,2026-02-24T17:09:01.000Z,washer,18
00006CZ,2026-02-22T17:26:32.000Z,washer,8
00006CZ,2026-02-22T14:59:55.000Z,washer,8
00006CZ,2026-02-22T14:51:12.000Z,washer,8
00006CZ,2026-02-22T14:06:23.000Z,washer,18
00006CZ,2026-02-21T17:23:27.000Z,washer,18
00006CZ,2026-02-21T16:27:34.000Z,washer,18
00006CZ,2026-02-21T13:36:17.000Z,washer,8
00006CZ,2026-02-21T12:13:20.000Z,washer,18
00006CZ,2026-02-20T10:51:35.000Z,washer,8
00006CZ,2026-02-20T10:49:06.000Z,washer,18
00006CZ,2026-02-17T19:05:16.000Z,washer,18
00006CZ,2026-02-15T19:43:55.000Z,washer,8
00006CZ,2026-02-15T13:02:07.000Z,washer,8
00006CZ,2026-02-15T11:28:07.000Z,washer,18
00006CZ,2026-02-15T10:34:33.000Z,washer,18
00006CZ,2026-02-15T09:41:53.000Z,washer,18
00006CZ,2026-02-14T21:52:10.000Z,washer,8
00006CZ,2026-02-14T21:49:42.000Z,washer,18
00006CZ,2026-02-14T21:07:10.000Z,washer,8
00006CZ,2026-02-14T20:27:12.000Z,washer,8
00006CZ,2026-02-14T18:04:06.000Z,washer,18
00006CZ,2026-02-14T14:38:59.000Z,washer,18
00006CZ,2026-02-14T10:26:59.000Z,washer,8
00006CZ,2026-02-13T18:09:02.000Z,washer,18
00006CZ,2026-02-13T14:52:44.000Z,washer,8
00006CZ,2026-02-12T10:15:29.000Z,washer,18
00006CZ,2026-02-11T12:40:06.000Z,washer,8
00006CZ,2026-02-08T16:52:04.000Z,washer,8
00006CZ,2026-02-08T14:39:00.000Z,washer,18
00006CZ,2026-02-08T14:29:02.000Z,washer,18
00006CZ,2026-02-08T13:24:54.000Z,washer,18
00006CZ,2026-02-07T12:16:52.000Z,washer,18
00006CZ,2026-02-07T11:30:09.000Z,washer,18
00006CZ,2026-02-07T10:00:12.000Z,washer,18
00006CZ,2026-02-07T09:18:29.000Z,washer,18
00006CZ,2026-02-06T19:39:45.000Z,washer,8
00006CZ,2026-02-06T18:10:42.000Z,washer,18
00006CZ,2026-02-06T17:05:57.000Z,washer,8
00006CZ,2026-02-06T15:43:36.000Z,washer,18
00006CZ,2026-02-06T12:54:18.000Z,washer,8
00006CZ,2026-02-06T11:38:10.000Z,washer,8
00006CZ,2026-02-06T11:37:18.000Z,washer,18
00006CZ,2026-02-04T18:50:36.000Z,washer,18
00006CZ,2026-02-04T11:26:12.000Z,washer,18
00006CZ,2026-02-03T17:24:50.000Z,washer,18
00006CZ,2026-02-02T14:45:31.000Z,washer,18
00006CZ,2026-02-01T19:28:10.000Z,washer,18
00006CZ,2026-02-01T19:26:15.000Z,washer,8
00006CZ,2026-02-01T18:09:09.000Z,washer,18
00006CZ,2026-01-31T17:35:45.000Z,washer,18
00006CZ,2026-01-31T13:21:36.000Z,washer,8
00006CZ,2026-01-31T11:26:15.000Z,washer,18
00006CZ,2026-01-31T09:02:33.000Z,washer,8
00006CZ,2026-01-31T09:00:48.000Z,washer,18
00006CZ,2026-01-30T16:35:43.000Z,washer,18
00006CZ,2026-01-29T13:37:43.000Z,washer,8
00006CZ,2026-01-29T13:36:28.000Z,washer,18
00006CZ,2026-01-28T19:47:28.000Z,washer,18
00006CZ,2026-01-28T10:22:13.000Z,washer,8
00006CZ,2026-01-28T08:56:33.000Z,washer,8
00006CZ,2026-01-27T20:13:54.000Z,washer,18
00006CZ,2026-01-27T16:02:25.000Z,washer,18
00006CZ,2026-01-27T14:57:59.000Z,washer,18
00006CZ,2026-01-27T14:04:57.000Z,washer,8
00006CZ,2026-01-27T12:30:31.000Z,washer,8
00006CZ,2026-01-27T12:27:48.000Z,washer,18
00006CZ,2026-01-25T17:20:04.000Z,washer,8
00006CZ,2026-01-25T14:49:44.000Z,washer,18
00006CZ,2026-01-25T13:39:59.000Z,washer,18
00006CZ,2026-01-25T13:30:24.000Z,washer,18
00006CZ,2026-01-24T15:24:32.000Z,washer,18
00006CZ,2026-01-24T14:29:38.000Z,washer,18
00006CZ,2026-01-24T14:26:08.000Z,washer,8
00006CZ,2026-01-24T11:05:47.000Z,washer,18
00006CZ,2026-01-23T21:14:06.000Z,washer,8
00006CZ,2026-01-22T13:05:25.000Z,washer,18
00006CZ,2026-01-22T10:02:54.000Z,washer,8
00006CZ,2026-01-21T10:47:56.000Z,washer,8
00006CZ,2026-01-21T09:35:43.000Z,washer,18
00006CZ,2026-01-21T08:44:35.000Z,washer,18
00006CZ,2026-01-19T11:02:40.000Z,washer,18
00006CZ,2026-01-19T10:53:21.000Z,washer,18
00006CZ,2026-01-19T08:02:43.000Z,washer,18
00006CZ,2026-01-18T19:04:41.000Z,washer,18
00006CZ,2026-01-17T19:48:42.000Z,washer,18
00006CZ,2026-01-16T15:31:12.000Z,washer,8
00006CZ,2026-01-15T20:56:13.000Z,washer,8
00006CZ,2026-01-15T12:03:36.000Z,washer,8
00006CZ,2026-01-15T10:16:45.000Z,washer,18
00006CZ,2026-01-15T10:05:28.000Z,washer,18
00006CZ,2026-01-14T21:44:28.000Z,washer,8
00006CZ,2026-01-14T15:42:14.000Z,washer,18
00006CZ,2026-01-14T06:51:30.000Z,washer,8
00006CZ,2026-01-14T06:47:18.000Z,washer,18
00006CZ,2026-01-13T17:58:13.000Z,washer,18
00006CZ,2026-01-13T15:59:33.000Z,washer,18
00006CZ,2026-01-11T08:36:53.000Z,washer,18
00006CZ,2026-01-10T19:03:24.000Z,washer,18
00006CZ,2026-01-10T15:56:55.000Z,washer,8
00006CZ,2026-01-10T15:28:15.000Z,washer,18
00006CZ,2026-01-10T11:48:30.000Z,washer,18
00006CZ,2026-01-10T10:12:03.000Z,washer,18
00006CZ,2026-01-10T10:09:25.000Z,washer,8
00006CZ,2026-01-10T08:50:27.000Z,washer,18
00006CZ,2026-01-09T14:23:54.000Z,washer,18
00006CZ,2026-01-09T11:20:59.000Z,washer,8
00006CZ,2026-01-09T10:12:30.000Z,washer,8
00006CZ,2026-01-08T20:55:34.000Z,washer,8
00006CZ,2026-01-08T14:12:39.000Z,washer,18
00006CZ,2026-01-07T13:35:52.000Z,washer,18
00006CZ,2026-01-07T13:26:33.000Z,washer,18
00006CZ,2026-01-05T09:56:18.000Z,washer,18
00006CZ,2026-01-04T12:00:38.000Z,washer,18
00006CZ,2026-01-04T11:43:10.000Z,washer,8
00006CZ,2026-01-04T10:53:35.000Z,washer,18
00006CZ,2026-01-04T09:53:34.000Z,washer,18
00006CZ,2026-01-03T12:48:15.000Z,washer,18
00006CZ,2026-01-03T12:47:14.000Z,washer,8
00006CZ,2026-01-03T11:36:35.000Z,washer,18
00006CZ,2026-01-02T11:58:23.000Z,washer,18
00006CZ,2026-01-02T11:57:51.000Z,washer,8
00006CZ,2026-01-02T11:01:06.000Z,washer,8
00006CZ,2026-01-02T08:31:00.000Z,washer,18
00006CZ,2026-01-01T15:23:35.000Z,washer,18
00006CZ,2025-12-31T17:08:13.000Z,washer,18
00006CZ,2025-12-30T18:28:22.000Z,washer,8
00006CZ,2025-12-30T12:45:44.000Z,washer,18
00006CZ,2025-12-30T11:00:17.000Z,washer,8
00006CZ,2025-12-30T09:37:09.000Z,washer,18
00006CZ,2025-12-29T21:25:39.000Z,washer,8
00006CZ,2025-12-29T11:23:37.000Z,washer,18
00006CZ,2025-12-29T10:31:24.000Z,washer,18
00006CZ,2025-12-28T22:08:16.000Z,washer,18
00006CZ,2025-12-28T15:57:07.000Z,washer,8
00006CZ,2025-12-28T15:50:47.000Z,washer,8
00006CZ,2025-12-27T13:09:51.000Z,washer,8
00006CZ,2025-12-27T09:39:31.000Z,washer,8
00006CZ,2025-12-27T09:37:26.000Z,washer,18
00006CZ,2025-12-26T15:12:06.000Z,washer,18
00006CZ,2025-12-26T10:18:34.000Z,washer,18
00006CZ,2025-12-25T10:20:13.000Z,washer,18
00006CZ,2025-12-24T12:59:22.000Z,washer,18
00006CZ,2025-12-24T12:49:04.000Z,washer,18
00006CZ,2025-12-24T10:48:29.000Z,washer,8
00006CZ,2025-12-23T10:36:49.000Z,washer,18
00006CZ,2025-12-23T08:50:48.000Z,washer,8
00006CZ,2025-12-22T22:18:20.000Z,washer,8
00006CZ,2025-12-22T20:17:14.000Z,washer,18
00006CZ,2025-12-22T20:12:02.000Z,washer,8
00006CZ,2025-12-22T19:34:39.000Z,washer,18
00006CZ,2025-12-22T18:10:28.000Z,washer,18
00006CZ,2025-12-22T15:39:57.000Z,washer,18
00006CZ,2025-12-22T13:40:56.000Z,washer,18
00006CZ,2025-12-22T12:32:55.000Z,washer,18
00006CZ,2025-12-22T10:04:39.000Z,washer,18
00006CZ,2025-12-22T09:14:03.000Z,washer,18
00006CZ,2025-12-21T13:15:53.000Z,washer,18
00006CZ,2025-12-21T12:13:37.000Z,washer,18
00006CZ,2025-12-21T11:26:01.000Z,washer,18
00006CZ,2025-12-21T11:25:05.000Z,washer,8
00006CZ,2025-12-21T10:14:49.000Z,washer,18
00006CZ,2025-12-21T07:36:09.000Z,washer,18
00006CZ,2025-12-20T19:26:29.000Z,washer,18
00006CZ,2025-12-20T19:17:02.000Z,washer,18
00006CZ,2025-12-20T15:12:01.000Z,washer,8
00006CZ,2025-12-20T14:36:03.000Z,washer,18
00006CZ,2025-12-20T13:44:41.000Z,washer,18
00006CZ,2025-12-20T10:01:37.000Z,washer,8
00006CZ,2025-12-20T09:39:30.000Z,washer,18
00006CZ,2025-12-20T08:07:12.000Z,washer,18
00006CZ,2025-12-20T08:06:30.000Z,washer,8
00006CZ,2025-12-19T20:14:51.000Z,washer,18
00006CZ,2025-12-19T17:34:45.000Z,washer,18
00006CZ,2025-12-19T17:24:50.000Z,washer,18
00006CZ,2025-12-19T09:49:12.000Z,washer,18
00006CZ,2025-12-18T17:38:38.000Z,washer,18
00006CZ,2025-12-18T08:01:55.000Z,washer,18
00006CZ,2025-12-17T09:41:08.000Z,washer,18
00006CZ,2025-12-17T09:01:35.000Z,washer,8
00006CZ,2025-12-17T08:23:32.000Z,washer,18
00006CZ,2025-12-16T14:22:53.000Z,washer,18
00006CZ,2025-12-16T13:36:24.000Z,washer,18
00006CZ,2025-12-16T12:48:18.000Z,washer,18
00006CZ,2025-12-16T08:52:45.000Z,washer,18
00006CZ,2025-12-15T13:20:23.000Z,washer,18
00006CZ,2025-12-15T12:37:58.000Z,washer,18
00006CZ,2025-12-15T11:52:37.000Z,washer,18
00006CZ,2025-12-15T11:36:23.000Z,washer,8
00006CZ,2025-12-15T08:24:10.000Z,washer,18
00006CZ,2025-12-15T08:18:57.000Z,washer,8
00006CZ,2025-12-15T07:41:31.000Z,washer,8
00006CZ,2025-12-15T07:39:40.000Z,washer,18
00006CZ,2025-12-14T17:24:07.000Z,washer,8
00006CZ,2025-12-14T16:30:59.000Z,washer,18
00006CZ,2025-12-14T13:53:04.000Z,washer,18
00006CZ,2025-12-14T11:34:47.000Z,washer,8
00006CZ,2025-12-14T09:51:54.000Z,washer,8
00006CZ,2025-12-14T09:32:47.000Z,washer,18
00006CZ,2025-12-14T08:30:39.000Z,washer,18
00006CZ,2025-12-13T16:42:51.000Z,washer,18
00006CZ,2025-12-13T12:35:33.000Z,washer,8
00006CZ,2025-12-13T12:34:27.000Z,washer,18
00006CZ,2025-12-13T11:54:06.000Z,washer,8
00006CZ,2025-12-13T11:42:14.000Z,washer,18
00006CZ,2025-12-13T00:40:38.000Z,washer,8
00006CZ,2025-12-10T19:07:14.000Z,washer,18
00006CZ,2025-12-10T12:56:42.000Z,washer,18
00006CZ,2025-12-09T12:04:12.000Z,washer,8
00006CZ,2025-12-09T11:26:01.000Z,washer,8
00006CZ,2025-12-09T11:01:10.000Z,washer,18
00006CZ,2025-12-09T10:46:48.000Z,washer,8
00006CZ,2025-12-08T15:16:34.000Z,washer,18
00006CZ,2025-12-08T15:05:57.000Z,washer,8
00006CZ,2025-12-08T14:29:44.000Z,washer,18
00006CZ,2025-12-08T12:50:06.000Z,washer,18
00006CZ,2025-12-08T07:53:18.000Z,washer,8
00006CZ,2025-12-07T11:29:41.000Z,washer,18
00006CZ,2025-12-07T10:43:09.000Z,washer,18
00006CZ,2025-12-07T10:12:07.000Z,washer,8
00006CZ,2025-12-07T08:22:04.000Z,washer,8
00006CZ,2025-12-07T07:43:02.000Z,washer,18
00006CZ,2025-12-06T17:42:06.000Z,washer,18
00006CZ,2025-12-06T16:52:45.000Z,washer,18
00006CZ,2025-12-06T15:22:48.000Z,washer,18
00006CZ,2025-12-06T15:11:30.000Z,washer,8
00006CZ,2025-12-06T14:42:33.000Z,washer,18
00006CZ,2025-12-06T13:59:38.000Z,washer,18
00006CZ,2025-12-06T13:31:14.000Z,washer,8
00006CZ,2025-12-06T13:15:23.000Z,washer,18
00006CZ,2025-12-06T12:52:20.000Z,washer,8
00006CZ,2025-12-06T12:29:37.000Z,washer,18
00006CZ,2025-12-06T10:29:46.000Z,washer,18
00006CZ,2025-12-06T10:29:12.000Z,washer,8
00006CZ,2025-12-06T08:53:39.000Z,washer,8
00006CZ,2025-12-06T07:53:52.000Z,washer,18
00006CZ,2025-12-05T14:58:20.000Z,washer,8
00006CZ,2025-12-05T12:21:54.000Z,washer,8
00006CZ,2025-12-04T15:24:26.000Z,washer,8
00006CZ,2025-12-04T10:32:24.000Z,washer,8
00006CZ,2025-12-04T10:30:06.000Z,washer,18
00006CZ,2025-12-04T09:46:10.000Z,washer,8
00006CZ,2025-12-03T15:30:46.000Z,washer,8
00006CZ,2025-12-02T06:32:10.000Z,washer,8
00006CZ,2025-12-01T21:46:18.000Z,washer,8
00006CZ,2025-12-01T15:10:45.000Z,washer,18
00006CZ,2025-12-01T11:28:06.000Z,washer,8
00006CZ,2025-12-01T10:08:11.000Z,washer,18
00006CZ,2025-11-30T12:44:14.000Z,washer,8
00006CZ,2025-11-29T13:57:49.000Z,washer,18
00006CZ,2025-11-28T20:11:42.000Z,washer,8
00006CZ,2025-11-28T19:50:37.000Z,washer,18
00006CZ,2025-11-28T16:28:15.000Z,washer,18
00006CZ,2025-11-28T16:27:07.000Z,washer,8
00006CZ,2025-11-27T15:38:41.000Z,washer,18
00006CZ,2025-11-27T10:54:45.000Z,washer,18
00006CZ,2025-11-26T16:44:29.000Z,washer,18
00006CZ,2025-11-25T17:33:26.000Z,washer,18
00006CZ,2025-11-25T13:22:40.000Z,washer,8
00006CZ,2025-11-25T12:23:10.000Z,washer,8
00006CZ,2025-11-24T18:55:30.000Z,washer,18
00006CZ,2025-11-24T12:58:13.000Z,washer,18
00006CZ,2025-11-24T10:08:12.000Z,washer,18
00006CZ,2025-11-23T14:13:03.000Z,washer,8
00006CZ,2025-11-23T14:06:21.000Z,washer,8
00006CZ,2025-11-22T20:31:47.000Z,washer,8
00006CZ,2025-11-22T17:24:47.000Z,washer,18
00006CZ,2025-11-22T15:50:35.000Z,washer,8
00006CZ,2025-11-22T15:32:40.000Z,washer,18
00006CZ,2025-11-22T08:55:27.000Z,washer,8
00006CZ,2025-11-21T18:02:57.000Z,washer,18
00006CZ,2025-11-21T16:28:46.000Z,washer,18
00006CZ,2025-11-21T15:13:18.000Z,washer,18
00006CZ,2025-11-20T11:25:16.000Z,washer,18
00006CZ,2025-11-20T10:09:34.000Z,washer,18
00006CZ,2025-11-20T09:10:07.000Z,washer,18
00006CZ,2025-11-19T18:39:29.000Z,washer,18
00006CZ,2025-11-19T14:49:41.000Z,washer,18
00006CZ,2025-11-18T19:58:04.000Z,washer,18
00006CZ,2025-11-18T14:57:44.000Z,washer,18
00006CZ,2025-11-17T17:16:10.000Z,washer,8
00006CZ,2025-11-17T14:16:10.000Z,washer,8
00006CZ,2025-11-17T12:37:49.000Z,washer,18
00006CZ,2025-11-17T12:22:48.000Z,washer,8
00006CZ,2025-11-17T11:55:58.000Z,washer,18
00006CZ,2025-11-17T11:09:37.000Z,washer,18
00006CZ,2025-11-17T10:00:13.000Z,washer,18
00006CZ,2025-11-16T16:13:51.000Z,washer,8
00006CZ,2025-11-16T15:39:12.000Z,washer,18
00006CZ,2025-11-16T15:35:31.000Z,washer,8
00006CZ,2025-11-16T14:54:00.000Z,washer,18
00006CZ,2025-11-16T14:44:24.000Z,washer,18
00006CZ,2025-11-16T11:58:35.000Z,washer,18
00006CZ,2025-11-16T11:05:57.000Z,washer,18
00006CZ,2025-11-16T10:17:00.000Z,washer,18
00006CZ,2025-11-16T09:36:29.000Z,washer,8
00006CZ,2025-11-15T17:01:37.000Z,washer,18
00006CZ,2025-11-15T13:05:12.000Z,washer,18
00006CZ,2025-11-15T11:15:10.000Z,washer,8
00006CZ,2025-11-15T08:04:26.000Z,washer,18
00006CZ,2025-11-14T17:49:13.000Z,washer,8
00006CZ,2025-11-14T13:40:54.000Z,washer,18
00006CZ,2025-11-14T10:36:09.000Z,washer,18
00006CZ,2025-11-14T08:26:46.000Z,washer,8
00006CZ,2025-11-14T07:54:27.000Z,washer,8
00006CZ,2025-11-13T19:14:14.000Z,washer,18
00006CZ,2025-11-13T10:15:49.000Z,washer,18
00006CZ,2025-11-13T07:45:28.000Z,washer,8
00006CZ,2025-11-13T06:06:29.000Z,washer,8
00006CZ,2025-11-13T06:05:51.000Z,washer,18
00006CZ,2025-11-12T18:31:57.000Z,washer,8
00006CZ,2025-11-12T16:30:27.000Z,washer,18
00006CZ,2025-11-12T11:13:44.000Z,washer,8
00006CZ,2025-11-12T03:58:59.000Z,washer,18
00006CZ,2025-11-11T11:29:58.000Z,washer,18
00006CZ,2025-11-11T11:12:31.000Z,washer,8
00006CZ,2025-11-11T09:52:35.000Z,washer,8
00006CZ,2025-11-10T19:32:18.000Z,washer,18
00006CZ,2025-11-10T19:22:48.000Z,washer,18
00006CZ,2025-11-10T13:06:22.000Z,washer,18
00006CZ,2025-11-10T06:40:34.000Z,washer,8
00006CZ,2025-11-09T21:37:30.000Z,washer,8
00006CZ,2025-11-09T18:38:54.000Z,washer,18
00006CZ,2025-11-09T14:10:51.000Z,washer,8
00006CZ,2025-11-09T14:10:15.000Z,washer,18
00006CZ,2025-11-09T10:11:50.000Z,washer,18
00006CZ,2025-11-09T08:54:54.000Z,washer,8
00006CZ,2025-11-09T08:29:25.000Z,washer,18
00006CZ,2025-11-08T20:01:46.000Z,washer,8
00006CZ,2025-11-08T18:04:12.000Z,washer,18
00006CZ,2025-11-08T18:03:22.000Z,washer,8
00006CZ,2025-11-08T17:13:28.000Z,washer,18
00006CZ,2025-11-08T11:13:24.000Z,washer,8
00006CZ,2025-11-07T19:08:37.000Z,washer,18
00006CZ,2025-11-07T17:45:11.000Z,washer,8
00006CZ,2025-11-07T15:20:48.000Z,washer,18
00006CZ,2025-11-07T11:08:34.000Z,washer,18
00006CZ,2025-11-07T10:58:50.000Z,washer,18
00006CZ,2025-11-07T09:42:36.000Z,washer,18
00006CZ,2025-11-06T16:32:39.000Z,washer,18
00006CZ,2025-11-06T13:47:42.000Z,washer,18
00006CZ,2025-11-06T12:45:35.000Z,washer,18
00006CZ,2025-11-04T13:26:05.000Z,washer,18
00006CZ,2025-11-04T11:07:01.000Z,washer,18
00006CZ,2025-11-03T13:54:33.000Z,washer,18
00006CZ,2025-11-03T07:49:46.000Z,washer,8
00006CZ,2025-11-02T13:01:44.000Z,washer,18
00006CZ,2025-11-02T10:45:00.000Z,washer,18
00006CZ,2025-11-02T06:56:46.000Z,washer,18
00006CZ,2025-11-01T18:21:53.000Z,washer,18
00006CZ,2025-11-01T18:09:53.000Z,washer,8
00006CZ,2025-11-01T17:34:55.000Z,washer,18
00006CZ,2025-11-01T17:26:31.000Z,washer,18
00006CZ,2025-11-01T13:46:24.000Z,washer,8
00006CZ,2025-11-01T12:31:59.000Z,washer,18
00006CZ,2025-11-01T11:18:56.000Z,washer,18
00006CZ,2025-10-31T18:00:35.000Z,washer,8
00006CZ,2025-10-31T15:43:04.000Z,washer,18
00006CZ,2025-10-31T11:44:32.000Z,washer,18
00006CZ,2025-10-29T18:08:16.000Z,washer,8
00006CZ,2025-10-29T18:04:36.000Z,washer,18
00006CZ,2025-10-29T11:53:45.000Z,washer,18
00006CZ,2025-10-29T10:41:29.000Z,washer,8
00006CZ,2025-10-29T10:37:07.000Z,washer,18
00006CZ,2025-10-29T10:03:50.000Z,washer,8
00006CZ,2025-10-28T09:45:12.000Z,washer,8
00006CZ,2025-10-28T08:57:10.000Z,washer,18
00006CZ,2025-10-28T08:52:31.000Z,washer,8
00006CZ,2025-10-27T17:33:57.000Z,washer,18
00006CZ,2025-10-27T16:28:48.000Z,washer,18
00006CZ,2025-10-27T10:38:28.000Z,washer,8
00006CZ,2025-10-27T09:12:36.000Z,washer,8
00006CZ,2025-10-26T18:59:20.000Z,washer,8
00006CZ,2025-10-26T18:42:48.000Z,washer,18
00006CZ,2025-10-26T17:59:07.000Z,washer,18
00006CZ,2025-10-26T12:29:02.000Z,washer,18
00006CZ,2025-10-26T08:19:09.000Z,washer,18
00006CZ,2025-10-25T19:18:39.000Z,washer,8
00006CZ,2025-10-25T18:02:21.000Z,washer,18
00006CZ,2025-10-25T18:01:39.000Z,washer,8
00006CZ,2025-10-25T17:16:24.000Z,washer,8
00006CZ,2025-10-25T16:58:58.000Z,washer,18
00006CZ,2025-10-25T16:16:27.000Z,washer,18
00006CZ,2025-10-25T16:07:47.000Z,washer,18
00006CZ,2025-10-25T14:09:27.000Z,washer,18
00006CZ,2025-10-25T14:08:03.000Z,washer,8
00006CZ,2025-10-25T13:13:38.000Z,washer,8
00006CZ,2025-10-25T13:11:56.000Z,washer,18
00006CZ,2025-10-25T10:37:26.000Z,washer,18
00006CZ,2025-10-24T16:47:06.000Z,washer,8
00006CZ,2025-10-24T14:15:40.000Z,washer,18
00006CZ,2025-10-24T13:23:42.000Z,washer,18
00006CZ,2025-10-23T18:17:08.000Z,washer,18
00006CZ,2025-10-22T17:47:28.000Z,washer,8
00006CZ,2025-10-22T17:06:26.000Z,washer,8
00006CZ,2025-10-22T17:05:00.000Z,washer,18
00006CZ,2025-10-22T16:17:03.000Z,washer,18
00006CZ,2025-10-22T15:09:54.000Z,washer,8
00006CZ,2025-10-22T15:06:08.000Z,washer,18
00006CZ,2025-10-22T11:33:43.000Z,washer,8
00006CZ,2025-10-21T22:59:46.000Z,washer,18
00006CZ,2025-10-20T18:33:31.000Z,washer,8
00006CZ,2025-10-20T18:05:22.000Z,washer,18
00006CZ,2025-10-20T10:48:59.000Z,washer,18
00006CZ,2025-10-20T09:49:29.000Z,washer,18
00006CZ,2025-10-20T08:59:26.000Z,washer,8
00006CZ,2025-10-20T08:37:14.000Z,washer,18
00006CZ,2025-10-19T17:54:41.000Z,washer,18
00006CZ,2025-10-19T16:04:58.000Z,washer,8
00006CZ,2025-10-19T13:42:39.000Z,washer,18
00006CZ,2025-10-19T13:41:04.000Z,washer,8
00006CZ,2025-10-19T12:36:24.000Z,washer,18
00006CZ,2025-10-19T09:39:27.000Z,washer,8
00006CZ,2025-10-18T15:56:12.000Z,washer,8
00006CZ,2025-10-18T14:42:45.000Z,washer,8
00006CZ,2025-10-18T09:12:26.000Z,washer,8
00006CZ,2025-10-18T07:17:39.000Z,washer,18
00006CZ,2025-10-17T19:07:44.000Z,washer,18
00006CZ,2025-10-17T15:16:13.000Z,washer,18
00006CZ,2025-10-17T10:12:14.000Z,washer,18
00006CZ,2025-10-17T10:05:43.000Z,washer,8
00006CZ,2025-10-17T09:27:03.000Z,washer,18
00006CZ,2025-10-17T09:26:00.000Z,washer,8
00006CZ,2025-10-16T16:00:55.000Z,washer,18
00006CZ,2025-10-16T15:38:08.000Z,washer,8
00006CZ,2025-10-16T15:31:38.000Z,washer,8
00006CZ,2025-10-16T11:19:33.000Z,washer,18
00006CZ,2025-10-15T17:32:23.000Z,washer,8
00006CZ,2025-10-15T07:18:45.000Z,washer,18
00006CZ,2025-10-15T07:18:06.000Z,washer,8
00006CZ,2025-10-14T17:27:06.000Z,washer,8
00006CZ,2025-10-14T12:32:51.000Z,washer,18
00006CZ,2025-10-14T09:43:12.000Z,washer,18
00006CZ,2025-10-13T19:54:59.000Z,washer,18
00006CZ,2025-10-13T18:13:08.000Z,washer,18
00006CZ,2025-10-13T18:11:57.000Z,washer,8
00006CZ,2025-10-13T16:33:22.000Z,washer,18
00006CZ,2025-10-13T15:51:17.000Z,washer,18
00006CZ,2025-10-13T15:08:06.000Z,washer,8
00006CZ,2025-10-13T14:22:54.000Z,washer,18
00006CZ,2025-10-12T14:47:34.000Z,washer,18
00006CZ,2025-10-12T13:59:32.000Z,washer,18
00006CZ,2025-10-12T13:52:08.000Z,washer,8
00006CZ,2025-10-12T11:03:26.000Z,washer,18
00006CZ,2025-10-11T19:13:30.000Z,washer,18
00006CZ,2025-10-11T16:17:16.000Z,washer,18
00006CZ,2025-10-11T12:45:20.000Z,washer,18
00006CZ,2025-10-11T11:49:43.000Z,washer,18
00006CZ,2025-10-11T07:00:16.000Z,washer,8
00006CZ,2025-10-10T20:46:17.000Z,washer,18
00006CZ,2025-10-10T20:45:30.000Z,washer,8
00006CZ,2025-10-10T19:08:03.000Z,washer,8
00006CZ,2025-10-10T09:52:29.000Z,washer,18
00006CZ,2025-10-10T07:10:33.000Z,washer,18
00006CZ,2025-10-10T06:25:14.000Z,washer,8
00006CZ,2025-10-10T06:24:04.000Z,washer,18
00006CZ,2025-10-08T07:49:52.000Z,washer,18
00006CZ,2025-10-07T18:42:31.000Z,washer,18
00006CZ,2025-10-07T12:36:10.000Z,washer,8
00006CZ,2025-10-06T17:30:54.000Z,washer,18
00006CZ,2025-10-06T17:20:51.000Z,washer,18
00006CZ,2025-10-06T15:52:30.000Z,washer,8
00006CZ,2025-10-06T11:53:55.000Z,washer,18
00006CZ,2025-10-06T10:40:59.000Z,washer,18
00006CZ,2025-10-06T09:58:03.000Z,washer,18
00006CZ,2025-10-06T09:11:57.000Z,washer,18
00006CZ,2025-10-05T17:55:12.000Z,washer,8
00006CZ,2025-10-05T17:54:34.000Z,washer,18
00006CZ,2025-10-05T16:09:37.000Z,washer,18
00006CZ,2025-10-05T16:00:33.000Z,washer,18
00006CZ,2025-10-05T14:28:25.000Z,washer,18
00006CZ,2025-10-05T09:34:48.000Z,washer,8
00006CZ,2025-10-04T19:13:17.000Z,washer,18
00006CZ,2025-10-04T10:14:52.000Z,washer,8
00006CZ,2025-10-04T09:51:23.000Z,washer,18
00006CZ,2025-10-04T09:08:19.000Z,washer,8
00006CZ,2025-10-04T09:00:22.000Z,washer,18
00006CZ,2025-10-03T18:38:47.000Z,washer,8
00006CZ,2025-10-03T18:07:31.000Z,washer,18
00006CZ,2025-10-03T14:21:29.000Z,washer,18
00006CZ,2025-10-03T13:04:58.000Z,washer,18
00006CZ,2025-10-03T12:18:14.000Z,washer,8
00006CZ,2025-10-03T12:16:11.000Z,washer,18
00006CZ,2025-10-03T09:35:32.000Z,washer,18
00006CZ,2025-10-03T08:53:46.000Z,washer,18
00006CZ,2025-10-03T08:04:34.000Z,washer,18
00006CZ,2025-10-02T20:52:31.000Z,washer,8
00006CZ,2025-10-02T18:31:41.000Z,washer,18
00006CZ,2025-10-02T18:21:13.000Z,washer,8
00006CZ,2025-10-02T08:10:19.000Z,washer,8
00006CZ,2025-10-01T17:22:58.000Z,washer,8
00006CZ,2025-10-01T11:03:15.000Z,washer,18
00006CZ,2025-09-30T12:49:10.000Z,washer,18
00006CZ,2025-09-30T10:26:36.000Z,washer,18
00006CZ,2025-09-30T10:07:35.000Z,washer,8
00006CZ,2025-09-30T09:23:36.000Z,washer,8
00006CZ,2025-09-30T09:21:35.000Z,washer,18
00006CZ,2025-09-29T19:27:29.000Z,washer,18
00006CZ,2025-09-29T17:50:23.000Z,washer,18
00006CZ,2025-09-28T16:39:16.000Z,washer,8
00006CZ,2025-09-28T15:07:53.000Z,washer,18
00006CZ,2025-09-28T14:46:17.000Z,washer,8
00006CZ,2025-09-28T14:24:14.000Z,washer,18
00006CZ,2025-09-28T13:37:57.000Z,washer,18
00006CZ,2025-09-28T13:27:37.000Z,washer,18
00006CZ,2025-09-28T11:07:12.000Z,washer,8
00006CZ,2025-09-27T19:25:09.000Z,washer,8
00006CZ,2025-09-27T18:32:39.000Z,washer,8
00006CZ,2025-09-27T17:13:11.000Z,washer,18
00006CZ,2025-09-27T16:42:31.000Z,washer,18
00006CZ,2025-09-27T15:57:56.000Z,washer,18
00006CZ,2025-09-27T12:56:24.000Z,washer,8
00006CZ,2025-09-27T10:15:22.000Z,washer,8
00006CZ,2025-09-27T09:14:09.000Z,washer,18
00006CZ,2025-09-26T15:40:46.000Z,washer,8
00006CZ,2025-09-26T15:33:40.000Z,washer,8
00006CZ,2025-09-25T17:17:09.000Z,washer,18
00006CZ,2025-09-25T09:18:36.000Z,washer,18
00006CZ,2025-09-24T22:49:46.000Z,washer,8
00006CZ,2025-09-24T15:58:21.000Z,washer,18
00006CZ,2025-09-23T19:35:41.000Z,washer,8
00006CZ,2025-09-23T13:37:45.000Z,washer,18
00006CZ,2025-09-23T12:10:01.000Z,washer,8
00006CZ,2025-09-22T13:07:59.000Z,washer,18
00006CZ,2025-09-22T11:21:54.000Z,washer,18
00006CZ,2025-09-22T10:35:12.000Z,washer,18
00006CZ,2025-09-22T09:52:19.000Z,washer,8
00006CZ,2025-09-22T09:46:05.000Z,washer,8
00006CZ,2025-09-22T08:59:31.000Z,washer,18
00006CZ,2025-09-21T19:56:45.000Z,washer,8
00006CZ,2025-09-21T19:18:49.000Z,washer,8
00006CZ,2025-09-21T17:44:42.000Z,washer,18
00006CZ,2025-09-21T17:43:42.000Z,washer,8
00006CZ,2025-09-21T13:49:59.000Z,washer,8
00006CZ,2025-09-21T13:43:09.000Z,washer,8
00006CZ,2025-09-21T11:11:30.000Z,washer,18
00006CZ,2025-09-21T10:28:48.000Z,washer,8
00006CZ,2025-09-21T10:17:13.000Z,washer,18
00006CZ,2025-09-21T09:35:14.000Z,washer,8
00006CZ,2025-09-21T09:20:44.000Z,washer,18
00006CZ,2025-09-21T08:18:26.000Z,washer,18
00006CZ,2025-09-21T08:17:44.000Z,washer,8
00006CZ,2025-09-20T14:30:01.000Z,washer,8
00006CZ,2025-09-20T11:16:32.000Z,washer,18
00006CZ,2025-09-20T10:28:59.000Z,washer,18
00006CZ,2025-09-20T10:20:46.000Z,washer,8
00006CZ,2025-09-20T09:43:29.000Z,washer,8
00006CZ,2025-09-20T09:42:24.000Z,washer,18
00006CZ,2025-09-19T15:10:04.000Z,washer,8
00006CZ,2025-09-19T15:08:58.000Z,washer,18
00006CZ,2025-09-19T11:29:31.000Z,washer,18
00006CZ,2025-09-19T10:17:32.000Z,washer,8
00006CZ,2025-09-19T10:16:06.000Z,washer,18
00006CZ,2025-09-18T18:25:37.000Z,washer,8
00006CZ,2025-09-17T16:35:35.000Z,washer,18
00006CZ,2025-09-17T15:46:22.000Z,washer,18
00006CZ,2025-09-17T13:56:55.000Z,washer,18
00006CZ,2025-09-17T11:51:54.000Z,washer,18
00006CZ,2025-09-17T08:20:56.000Z,washer,18
00006CZ,2025-09-16T17:25:36.000Z,washer,8
00006CZ,2025-09-16T13:06:04.000Z,washer,8
00006CZ,2025-09-16T13:05:12.000Z,washer,18
00006CZ,2025-09-16T10:40:42.000Z,washer,8
00006CZ,2025-09-16T09:43:39.000Z,washer,18
00006CZ,2025-09-15T19:02:25.000Z,washer,18
00006CZ,2025-09-15T13:32:53.000Z,washer,18
00006CZ,2025-09-15T12:20:22.000Z,washer,8
00006CZ,2025-09-15T09:09:41.000Z,washer,8
00006CZ,2025-09-15T08:24:30.000Z,washer,8
00006CZ,2025-09-15T08:23:09.000Z,washer,18
00006CZ,2025-09-14T15:53:02.000Z,washer,8
00006CZ,2025-09-14T15:47:23.000Z,washer,18
00006CZ,2025-09-14T12:50:22.000Z,washer,8
00006CZ,2025-09-14T10:41:43.000Z,washer,18
00006CZ,2025-09-14T10:35:12.000Z,washer,8
00006CZ,2025-09-14T10:32:51.000Z,washer,18
00006CZ,2025-09-14T10:27:09.000Z,washer,8
00006CZ,2025-09-14T09:48:39.000Z,washer,18
00006CZ,2025-09-14T09:08:00.000Z,washer,8
00006CZ,2025-09-13T17:40:48.000Z,washer,18
00006CZ,2025-09-13T17:39:44.000Z,washer,8
00006CZ,2025-09-13T11:11:50.000Z,washer,18
00006CZ,2025-09-13T10:16:31.000Z,washer,18
00006CZ,2025-09-12T11:00:29.000Z,washer,18
00006CZ,2025-09-12T07:47:28.000Z,washer,8
00006CZ,2025-09-11T19:12:26.000Z,washer,8
00006CZ,2025-09-11T18:32:13.000Z,washer,18
00006CZ,2025-09-11T17:52:12.000Z,washer,8
00006CZ,2025-09-11T07:47:23.000Z,washer,18
00006CZ,2025-09-11T00:19:48.000Z,washer,18
00006CZ,2025-09-10T12:22:47.000Z,washer,8
00006CZ,2025-09-09T17:48:37.000Z,washer,18
00006CZ,2025-09-09T16:19:18.000Z,washer,8
00006CZ,2025-09-09T15:11:06.000Z,washer,18
00006CZ,2025-09-09T14:27:03.000Z,washer,18
00006CZ,2025-09-09T12:24:43.000Z,washer,8
00006CZ,2025-09-09T08:36:17.000Z,washer,18
00006CZ,2025-09-08T15:48:01.000Z,washer,18
00006CZ,2025-09-08T12:54:43.000Z,washer,8
00006CZ,2025-09-08T10:48:58.000Z,washer,18
00006CZ,2025-09-08T10:01:36.000Z,washer,8
00006CZ,2025-09-08T10:00:51.000Z,washer,18
00006CZ,2025-09-07T15:39:15.000Z,washer,18
00006CZ,2025-09-07T14:24:42.000Z,washer,18
00006CZ,2025-09-07T13:42:12.000Z,washer,18
00006CZ,2025-09-07T12:31:16.000Z,washer,18
00006CZ,2025-09-07T09:01:07.000Z,washer,18
00006CZ,2025-09-06T10:18:31.000Z,washer,18
00006CZ,2025-09-06T10:07:38.000Z,washer,18
00006CZ,2025-09-06T08:46:59.000Z,washer,18
00006CZ,2025-09-05T16:44:26.000Z,washer,8
00006CZ,2025-09-05T14:26:35.000Z,washer,8
00006CZ,2025-09-05T11:52:52.000Z,washer,8
00006CZ,2025-09-05T10:23:07.000Z,washer,18
00006CZ,2025-09-05T09:20:41.000Z,washer,8
00006CZ,2025-09-05T09:19:59.000Z,washer,18
00006CZ,2025-09-04T08:44:58.000Z,washer,8
00006CZ,2025-09-03T17:38:05.000Z,washer,18
00006CZ,2025-09-03T13:47:43.000Z,washer,18
00006CZ,2025-09-03T10:35:14.000Z,washer,18
00006CZ,2025-09-03T08:18:05.000Z,washer,18
00006CZ,2025-09-02T12:03:07.000Z,washer,18
00006CZ,2025-09-02T09:54:10.000Z,washer,18
00006CZ,2025-09-01T15:56:23.000Z,washer,18
00006CZ,2025-09-01T13:52:17.000Z,washer,8
00006CZ,2025-09-01T13:45:48.000Z,washer,18
00006CZ,2025-09-01T12:17:29.000Z,washer,18
00006CZ,2025-08-31T17:25:30.000Z,washer,18
00006CZ,2025-08-31T17:16:03.000Z,washer,18
00006CZ,2025-08-31T16:04:34.000Z,washer,18
00006CZ,2025-08-31T14:06:04.000Z,washer,8
00006CZ,2025-08-31T14:04:15.000Z,washer,18
00006CZ,2025-08-31T13:03:40.000Z,washer,8
00006CZ,2025-08-31T12:19:31.000Z,washer,8
00006CZ,2025-08-31T12:14:58.000Z,washer,18
00006CZ,2025-08-31T11:28:00.000Z,washer,8
00006CZ,2025-08-31T11:26:39.000Z,washer,18
00006CZ,2025-08-31T10:21:59.000Z,washer,18
00006CZ,2025-08-31T09:25:29.000Z,washer,18
00006CZ,2025-08-30T19:29:07.000Z,washer,18
00006CZ,2025-08-30T16:00:49.000Z,washer,18
00006CZ,2025-08-30T13:21:07.000Z,washer,18
00006CZ,2025-08-30T12:32:47.000Z,washer,18
00006CZ,2025-08-30T09:32:05.000Z,washer,8
00006CZ,2025-08-29T20:25:36.000Z,washer,18
00006CZ,2025-08-29T16:52:48.000Z,washer,8
00006CZ,2025-08-29T11:32:33.000Z,washer,18
00006CZ,2025-08-29T03:41:36.000Z,washer,8
00006CZ,2025-08-29T03:39:56.000Z,washer,18
00006CZ,2025-08-28T19:22:48.000Z,washer,18
00006CZ,2025-08-28T12:14:57.000Z,washer,8
00006CZ,2025-08-26T11:59:13.000Z,washer,8
00006CZ,2025-08-26T11:58:03.000Z,washer,18
00006CZ,2025-08-25T13:55:55.000Z,washer,18
00006CZ,2025-08-24T14:09:00.000Z,washer,18
00006CZ,2025-08-24T08:31:01.000Z,washer,8
00006CZ,2025-08-24T08:22:18.000Z,washer,18
00006CZ,2025-08-22T18:36:37.000Z,washer,8
00006CZ,2025-08-22T16:22:52.000Z,washer,18
00006CZ,2025-08-22T16:13:12.000Z,washer,8
00006CZ,2025-08-22T15:37:15.000Z,washer,18
00006CZ,2025-08-21T16:45:24.000Z,washer,8
00006CZ,2025-08-21T15:29:45.000Z,washer,18
00006CZ,2025-08-21T14:18:01.000Z,washer,18
00006CZ,2025-08-21T11:40:09.000Z,washer,18
00006CZ,2025-08-21T11:36:43.000Z,washer,8
00006CZ,2025-08-21T10:24:33.000Z,washer,8
00006CZ,2025-08-20T14:31:11.000Z,washer,18
00006CZ,2025-08-20T08:44:53.000Z,washer,8
00006CZ,2025-08-20T08:44:14.000Z,washer,18
00006CZ,2025-08-19T17:09:53.000Z,washer,18
00006CZ,2025-08-19T12:28:00.000Z,washer,18
00006CZ,2025-08-18T09:10:57.000Z,washer,18
00006CZ,2025-08-17T18:32:32.000Z,washer,8
00006CZ,2025-08-17T18:20:48.000Z,washer,18
00006CZ,2025-08-17T18:11:25.000Z,washer,18
00006CZ,2025-08-17T17:25:21.000Z,washer,18
00006CZ,2025-08-17T17:17:56.000Z,washer,8
00006CZ,2025-08-17T16:05:16.000Z,washer,18
00006CZ,2025-08-17T08:42:36.000Z,washer,8
00006CZ,2025-08-16T16:51:14.000Z,washer,8
00006CZ,2025-08-16T14:35:42.000Z,washer,18
00006CZ,2025-08-16T14:34:49.000Z,washer,8
00006CZ,2025-08-16T13:58:34.000Z,washer,8
00006CZ,2025-08-16T13:45:07.000Z,washer,18
00006CZ,2025-08-16T10:57:06.000Z,washer,18
00006CZ,2025-08-16T10:09:10.000Z,washer,18
00006CZ,2025-08-16T09:58:33.000Z,washer,8
00006CZ,2025-08-15T15:49:24.000Z,washer,18
00006CZ,2025-08-15T14:13:50.000Z,washer,8
00006CZ,2025-08-15T12:34:20.000Z,washer,18
00006CZ,2025-08-15T11:18:28.000Z,washer,18
00006CZ,2025-08-15T10:36:23.000Z,washer,18
00006CZ,2025-08-15T09:48:36.000Z,washer,18
00006CZ,2025-08-15T09:47:56.000Z,washer,8
00006CZ,2025-08-14T18:16:27.000Z,washer,8
00006CZ,2025-08-14T16:20:32.000Z,washer,18
00006CZ,2025-08-14T15:36:04.000Z,washer,18
00006CZ,2025-08-14T14:53:50.000Z,washer,8
00006CZ,2025-08-14T13:59:46.000Z,washer,8
00006CZ,2025-08-14T13:58:47.000Z,washer,18
00006CZ,2025-08-14T10:57:27.000Z,washer,18
00006CZ,2025-08-13T11:19:17.000Z,washer,18
00006CZ,2025-08-13T10:29:11.000Z,washer,8
00006CZ,2025-08-13T09:51:23.000Z,washer,8
00006CZ,2025-08-13T09:15:57.000Z,washer,8
00006CZ,2025-08-12T18:48:46.000Z,washer,18
00006CZ,2025-08-12T16:08:13.000Z,washer,8
00006CZ,2025-08-11T18:44:00.000Z,washer,8
00006CZ,2025-08-11T14:09:37.000Z,washer,8
00006CZ,2025-08-11T14:08:02.000Z,washer,18
00006CZ,2025-08-11T11:11:26.000Z,washer,18
00006CZ,2025-08-10T15:12:06.000Z,washer,8
00006CZ,2025-08-10T11:24:01.000Z,washer,8
00006CZ,2025-08-10T10:37:58.000Z,washer,18
00006CZ,2025-08-09T13:55:22.000Z,washer,18
00006CZ,2025-08-09T09:44:41.000Z,washer,18
00006CZ,2025-08-08T16:44:43.000Z,washer,18
00006CZ,2025-08-08T16:25:45.000Z,washer,8
00006CZ,2025-08-08T15:55:44.000Z,washer,18
00006CZ,2025-08-08T15:35:05.000Z,washer,8
00006CZ,2025-08-08T12:20:29.000Z,washer,18
00006CZ,2025-08-08T12:18:43.000Z,washer,8
00006CZ,2025-08-08T11:05:00.000Z,washer,18
00006CZ,2025-08-08T11:01:19.000Z,washer,8
00006CZ,2025-08-08T10:17:41.000Z,washer,18
00006CZ,2025-08-07T14:15:21.000Z,washer,18
00006CZ,2025-08-07T13:24:17.000Z,washer,8
00006CZ,2025-08-07T09:34:33.000Z,washer,8
00006CZ,2025-08-07T09:30:17.000Z,washer,18
00006CZ,2025-08-07T08:10:53.000Z,washer,18
00006CZ,2025-08-06T17:51:32.000Z,washer,18
00006CZ,2025-08-06T10:08:29.000Z,washer,18
00006CZ,2025-08-06T07:24:58.000Z,washer,18
00006CZ,2025-08-05T15:21:12.000Z,washer,18
00006CZ,2025-08-05T14:04:54.000Z,washer,8
00006CZ,2025-08-04T22:54:25.000Z,washer,8
00006CZ,2025-08-04T16:24:45.000Z,washer,8
00006CZ,2025-08-04T11:13:23.000Z,washer,18
00006CZ,2025-08-03T15:55:35.000Z,washer,8
00006CZ,2025-08-03T13:50:35.000Z,washer,18
00006CZ,2025-08-02T15:05:56.000Z,washer,18
00006CZ,2025-08-02T14:52:20.000Z,washer,18
00006CZ,2025-08-02T13:15:28.000Z,washer,8
00006CZ,2025-08-02T06:45:49.000Z,washer,18
00006CZ,2025-08-01T17:16:23.000Z,washer,8
00006CZ,2025-08-01T16:17:15.000Z,washer,18
00006CZ,2025-08-01T16:12:20.000Z,washer,8
00006CZ,2025-08-01T15:32:01.000Z,washer,18
00006CZ,2025-08-01T08:26:16.000Z,washer,18
00006CZ,2025-08-01T07:38:59.000Z,washer,18
00006CZ,2025-07-31T16:57:04.000Z,washer,8
00006CZ,2025-07-31T14:11:35.000Z,washer,18
00006CZ,2025-07-30T18:29:00.000Z,washer,18
00006CZ,2025-07-30T17:44:39.000Z,washer,18
00006CZ,2025-07-30T17:14:21.000Z,washer,8
00006CZ,2025-07-30T16:21:52.000Z,washer,8
00006CZ,2025-07-30T13:08:46.000Z,washer,18
00006CZ,2025-07-30T12:38:55.000Z,washer,8
00006CZ,2025-07-30T12:22:20.000Z,washer,18
00006CZ,2025-07-30T11:39:23.000Z,washer,18
00006CZ,2025-07-30T09:00:18.000Z,washer,8
00006CZ,2025-07-30T08:59:04.000Z,washer,18
00006CZ,2025-07-29T21:03:57.000Z,washer,18
00006CZ,2025-07-29T16:23:33.000Z,washer,18
00006CZ,2025-07-29T15:38:08.000Z,washer,18
00006CZ,2025-07-29T14:05:29.000Z,washer,18
00006CZ,2025-07-29T14:00:07.000Z,washer,18
00006CZ,2025-07-28T17:19:40.000Z,washer,18
00006CZ,2025-07-28T14:51:54.000Z,washer,18
00006CZ,2025-07-28T11:19:37.000Z,washer,18
00006CZ,2025-07-28T06:14:03.000Z,washer,8
00006CZ,2025-07-27T21:01:56.000Z,washer,18
00006CZ,2025-07-27T17:47:33.000Z,washer,18
00006CZ,2025-07-27T16:58:55.000Z,washer,18
00006CZ,2025-07-27T16:55:50.000Z,washer,8
00006CZ,2025-07-27T15:51:10.000Z,washer,18
00006CZ,2025-07-27T09:45:01.000Z,washer,8
00006CZ,2025-07-27T09:39:11.000Z,washer,18
00006CZ,2025-07-26T16:44:23.000Z,washer,8
00006CZ,2025-07-26T12:53:16.000Z,washer,18
00006CZ,2025-07-26T10:08:36.000Z,washer,18
00006CZ,2025-07-26T09:58:17.000Z,washer,8
00006CZ,2025-07-25T18:33:44.000Z,washer,18
00006CZ,2025-07-25T18:19:02.000Z,washer,8
00006CZ,2025-07-25T14:40:49.000Z,washer,8
00006CZ,2025-07-25T10:41:12.000Z,washer,18
00006CZ,2025-07-24T15:32:42.000Z,washer,18
00006CZ,2025-07-24T09:35:31.000Z,washer,18
00006CZ,2025-07-23T20:26:25.000Z,washer,18
00006CZ,2025-07-23T15:12:42.000Z,washer,18
00006CZ,2025-07-22T06:33:03.000Z,washer,18
00006CZ,2025-07-21T16:44:19.000Z,washer,18
00006CZ,2025-07-21T15:52:18.000Z,washer,18
00006CZ,2025-07-21T14:01:27.000Z,washer,8
00006CZ,2025-07-21T11:08:14.000Z,washer,18
00006CZ,2025-07-20T20:33:54.000Z,washer,8
00006CZ,2025-07-20T15:14:33.000Z,washer,18
00006CZ,2025-07-20T15:06:00.000Z,washer,18
00006CZ,2025-07-20T10:54:02.000Z,washer,8
00006CZ,2025-07-20T10:15:51.000Z,washer,18
00006CZ,2025-07-19T17:22:52.000Z,washer,18
00006CZ,2025-07-19T17:21:48.000Z,washer,8
00006CZ,2025-07-19T15:20:02.000Z,washer,18
00006CZ,2025-07-18T18:56:05.000Z,washer,8
00006CZ,2025-07-18T18:54:46.000Z,washer,18
00006CZ,2025-07-18T17:25:58.000Z,washer,18
00006CZ,2025-07-18T12:47:00.000Z,washer,18
00006CZ,2025-07-17T09:27:10.000Z,washer,18
00006CZ,2025-07-16T16:47:22.000Z,washer,18
00006CZ,2025-07-16T15:11:02.000Z,washer,8
00006CZ,2025-07-16T10:22:39.000Z,washer,18
00006CZ,2025-07-16T09:22:51.000Z,washer,18
00006CZ,2025-07-16T08:12:21.000Z,washer,18
00006CZ,2025-07-15T16:01:09.000Z,washer,18
00006CZ,2025-07-15T13:56:27.000Z,washer,18
00006CZ,2025-07-15T13:55:17.000Z,washer,8
00006CZ,2025-07-15T09:19:48.000Z,washer,18
00006CZ,2025-07-15T07:44:18.000Z,washer,18
00006CZ,2025-07-14T19:14:32.000Z,washer,18
00006CZ,2025-07-14T15:42:55.000Z,washer,18
00006CZ,2025-07-14T15:42:01.000Z,washer,8
00006CZ,2025-07-14T14:57:49.000Z,washer,8
00006CZ,2025-07-14T14:55:50.000Z,washer,18
00006CZ,2025-07-14T14:00:24.000Z,washer,18
00006CZ,2025-07-14T13:17:12.000Z,washer,18
00006CZ,2025-07-13T19:50:59.000Z,washer,18
00006CZ,2025-07-13T19:06:51.000Z,washer,18
00006CZ,2025-07-13T16:44:50.000Z,washer,8
00006CZ,2025-07-13T13:37:30.000Z,washer,8
00006CZ,2025-07-12T16:50:40.000Z,washer,18
00006CZ,2025-07-12T15:52:42.000Z,washer,18
00006CZ,2025-07-12T12:55:47.000Z,washer,18
00006CZ,2025-07-12T12:07:24.000Z,washer,18
00006CZ,2025-07-12T12:00:08.000Z,washer,8
00006CZ,2025-07-12T11:18:25.000Z,washer,18
00006CZ,2025-07-12T10:27:39.000Z,washer,18
00006CZ,2025-07-12T09:34:23.000Z,washer,18
00006CZ,2025-07-11T16:42:31.000Z,washer,8
00006CZ,2025-07-11T15:15:28.000Z,washer,18
00006CZ,2025-07-11T14:33:03.000Z,washer,18
00006CZ,2025-07-10T17:57:56.000Z,washer,18
00006CZ,2025-07-10T11:53:21.000Z,washer,18
00006CZ,2025-07-09T19:20:18.000Z,washer,18
00006CZ,2025-07-09T18:03:44.000Z,washer,18
00006CZ,2025-07-09T17:20:05.000Z,washer,18
00006CZ,2025-07-09T16:36:30.000Z,washer,18
00006CZ,2025-07-08T17:25:18.000Z,washer,8
00006CZ,2025-07-08T07:36:26.000Z,washer,8
00006CZ,2025-07-07T20:13:40.000Z,washer,8
00006CZ,2025-07-07T10:12:47.000Z,washer,8
00006CZ,2025-07-06T19:40:18.000Z,washer,18
00006CZ,2025-07-06T15:30:39.000Z,washer,18
00006CZ,2025-07-06T14:14:39.000Z,washer,18
00006CZ,2025-07-06T11:29:44.000Z,washer,18
00006CZ,2025-07-06T11:25:21.000Z,washer,8
00006CZ,2025-07-06T06:52:17.000Z,washer,18
00006CZ,2025-07-06T06:51:26.000Z,washer,8
00006CZ,2025-07-05T18:27:46.000Z,washer,8
00006CZ,2025-07-05T12:43:25.000Z,washer,18
00006CZ,2025-07-04T20:10:58.000Z,washer,18
00006CZ,2025-07-04T17:41:07.000Z,washer,18
00006CZ,2025-07-04T14:46:16.000Z,washer,8
00006CZ,2025-07-04T13:32:33.000Z,washer,18
00006CZ,2025-07-03T13:41:35.000Z,washer,18
00006CZ,2025-07-02T19:50:41.000Z,washer,8
00006CZ,2025-07-02T18:50:47.000Z,washer,18
00006CZ,2025-07-02T07:23:37.000Z,washer,8
00006CZ,2025-07-02T07:22:27.000Z,washer,18
00006CZ,2025-07-01T16:01:04.000Z,washer,18
00006CZ,2025-06-30T19:08:43.000Z,washer,18
00006CZ,2025-06-30T12:02:24.000Z,washer,18
00006CZ,2025-06-30T11:16:52.000Z,washer,18
00006CZ,2025-06-30T10:32:53.000Z,washer,18
00006CZ,2025-06-30T08:17:54.000Z,washer,18
00006CZ,2025-06-29T22:32:27.000Z,washer,8
00006CZ,2025-06-29T20:19:06.000Z,washer,18
00006CZ,2025-06-29T11:33:41.000Z,washer,18
00006CZ,2025-06-29T10:45:14.000Z,washer,18
00006CZ,2025-06-29T09:07:03.000Z,washer,18
00006CZ,2025-06-29T08:24:28.000Z,washer,8
00006CZ,2025-06-29T08:23:55.000Z,washer,18
00006CZ,2025-06-29T07:43:20.000Z,washer,8
00006CZ,2025-06-29T07:42:48.000Z,washer,18
00006CZ,2025-06-28T18:21:48.000Z,washer,18
00006CZ,2025-06-28T18:10:31.000Z,washer,18
00006CZ,2025-06-27T13:02:13.000Z,washer,8
00006CZ,2025-06-27T12:01:41.000Z,washer,18
00006CZ,2025-06-26T17:12:02.000Z,washer,18
00006CZ,2025-06-25T17:01:53.000Z,washer,18
00006CZ,2025-06-25T16:49:25.000Z,washer,8
00006CZ,2025-06-24T18:53:53.000Z,washer,18
00006CZ,2025-06-24T14:31:45.000Z,washer,8
00006CZ,2025-06-24T14:29:30.000Z,washer,18
00006CZ,2025-06-23T17:49:44.000Z,washer,8
00006CZ,2025-06-23T14:02:17.000Z,washer,18
00006CZ,2025-06-22T12:42:34.000Z,washer,8
00006CZ,2025-06-22T10:32:54.000Z,washer,18
00006CZ,2025-06-22T08:54:21.000Z,washer,8
00006CZ,2025-06-21T22:56:30.000Z,washer,8
00006CZ,2025-06-21T14:51:35.000Z,washer,18
00006CZ,2025-06-21T14:12:00.000Z,washer,8
00006CZ,2025-06-21T14:07:39.000Z,washer,18
00006CZ,2025-06-21T11:48:31.000Z,washer,18
00006CZ,2025-06-21T10:51:41.000Z,washer,18
00006CZ,2025-06-21T07:45:34.000Z,washer,18
00006CZ,2025-06-19T19:12:16.000Z,washer,18
00006CZ,2025-06-19T16:14:49.000Z,washer,18
00006CZ,2025-06-19T15:37:03.000Z,washer,8
00006CZ,2025-06-19T15:26:29.000Z,washer,18
00006CZ,2025-06-19T14:07:34.000Z,washer,18
00006CZ,2025-06-19T09:33:44.000Z,washer,18
00006CZ,2025-06-19T08:09:24.000Z,washer,18
00006CZ,2025-06-18T19:11:35.000Z,washer,18
00006CZ,2025-06-18T19:01:04.000Z,washer,18
00006CZ,2025-06-17T17:51:32.000Z,washer,18
00006CZ,2025-06-17T10:35:12.000Z,washer,18
00006CZ,2025-06-17T10:34:18.000Z,washer,8
00006CZ,2025-06-16T22:37:20.000Z,washer,18
00006CZ,2025-06-16T19:15:11.000Z,washer,18
00006CZ,2025-06-16T11:15:42.000Z,washer,18
00006CZ,2025-06-16T11:04:59.000Z,washer,18
00006CZ,2025-06-16T10:12:35.000Z,washer,8
00006CZ,2025-06-15T15:25:49.000Z,washer,18
00006CZ,2025-06-15T12:25:16.000Z,washer,18
00006CZ,2025-06-15T11:23:21.000Z,washer,18
00006CZ,2025-06-15T10:50:09.000Z,washer,8
00006CZ,2025-06-15T08:39:11.000Z,washer,8
00006CZ,2025-06-15T08:37:24.000Z,washer,18
00006CZ,2025-06-14T18:39:58.000Z,washer,18
00006CZ,2025-06-14T15:03:59.000Z,washer,18
00006CZ,2025-06-14T15:03:13.000Z,washer,8
00006CZ,2025-06-14T13:05:15.000Z,washer,18
00006CZ,2025-06-14T10:55:33.000Z,washer,8
00006CZ,2025-06-14T08:46:12.000Z,washer,8
00006CZ,2025-06-14T08:27:11.000Z,washer,18
00006CZ,2025-06-13T21:10:11.000Z,washer,18
00006CZ,2025-06-13T15:03:02.000Z,washer,18
00006CZ,2025-06-13T09:50:25.000Z,washer,18
00006CZ,2025-06-13T09:05:32.000Z,washer,18
00006CZ,2025-06-12T15:24:15.000Z,washer,18
00006CZ,2025-06-12T12:47:54.000Z,washer,8
00006CZ,2025-06-12T09:41:50.000Z,washer,8
00006CZ,2025-06-11T17:06:54.000Z,washer,18
00006CZ,2025-06-11T16:23:09.000Z,washer,18
00006CZ,2025-06-11T08:15:58.000Z,washer,8
00006CZ,2025-06-10T12:29:05.000Z,washer,18
00006CZ,2025-06-09T17:12:54.000Z,washer,18
00006CZ,2025-06-09T16:28:51.000Z,washer,8
00006CZ,2025-06-09T16:28:12.000Z,washer,18
00006CZ,2025-06-09T07:35:08.000Z,washer,8
00006CZ,2025-06-08T11:55:01.000Z,washer,18
00006CZ,2025-06-08T09:50:18.000Z,washer,8
00006CZ,2025-06-08T09:49:26.000Z,washer,18
00006CZ,2025-06-08T08:28:22.000Z,washer,8
00006CZ,2025-06-07T16:18:15.000Z,washer,8
00006CZ,2025-06-07T08:58:17.000Z,washer,18
00006CZ,2025-06-05T15:38:27.000Z,washer,8
00006CZ,2025-06-05T10:51:37.000Z,washer,18
00006CZ,2025-06-05T09:17:26.000Z,washer,18
00006CZ,2025-06-04T18:52:55.000Z,washer,18
00006CZ,2025-06-04T10:15:17.000Z,washer,8
00006CZ,2025-06-03T19:57:22.000Z,washer,18
00006CZ,2025-06-03T14:51:30.000Z,washer,18
00006CZ,2025-06-02T10:09:27.000Z,washer,18
00006CZ,2025-06-01T14:20:14.000Z,washer,18
00006CZ,2025-06-01T14:02:26.000Z,washer,18
00006CZ,2025-06-01T13:51:59.000Z,washer,18
00006CZ,2025-06-01T09:06:38.000Z,washer,8
00006CZ,2025-05-31T12:07:34.000Z,washer,18
00006CZ,2025-05-31T10:42:54.000Z,washer,8
00006CZ,2025-05-31T09:27:57.000Z,washer,18
00006CZ,2025-05-30T15:51:43.000Z,washer,8
00006CZ,2025-05-30T10:53:30.000Z,washer,8
00006CZ,2025-05-30T10:50:00.000Z,washer,18
00006CZ,2025-05-30T10:03:36.000Z,washer,18
00006CZ,2025-05-29T08:45:37.000Z,washer,18
00006CZ,2025-05-28T18:37:05.000Z,washer,8
00006CZ,2025-05-28T18:31:25.000Z,washer,18
00006CZ,2025-05-28T18:21:38.000Z,washer,18
00006CZ,2025-05-27T17:41:05.000Z,washer,18
00006CZ,2025-05-27T16:32:50.000Z,washer,8
00006CZ,2025-05-27T16:03:28.000Z,washer,18
00006CZ,2025-05-27T11:44:55.000Z,washer,8
00006CZ,2025-05-26T20:50:44.000Z,washer,8
00006CZ,2025-05-26T14:37:23.000Z,washer,18
00006CZ,2025-05-26T14:34:35.000Z,washer,8
00006CZ,2025-05-26T13:03:09.000Z,washer,18
00006CZ,2025-05-26T10:03:11.000Z,washer,8
00006CZ,2025-05-26T10:00:46.000Z,washer,18
00006CZ,2025-05-26T08:27:00.000Z,washer,18
00006CZ,2025-05-25T18:40:24.000Z,washer,18
00006CZ,2025-05-25T15:43:36.000Z,washer,8
00006CZ,2025-05-25T11:11:43.000Z,washer,18
00006CZ,2025-05-25T10:42:31.000Z,washer,8
00006CZ,2025-05-24T13:25:11.000Z,washer,18
00006CZ,2025-05-24T13:15:44.000Z,washer,18
00006CZ,2025-05-24T09:09:09.000Z,washer,8
00006CZ,2025-05-23T09:27:50.000Z,washer,18
00006CZ,2025-05-23T09:19:05.000Z,washer,18
00006CZ,2025-05-22T11:04:06.000Z,washer,18
00006CZ,2025-05-22T10:54:36.000Z,washer,18
00006CZ,2025-05-21T14:02:05.000Z,washer,18
00006CZ,2025-05-21T08:49:50.000Z,washer,18
00006CZ,2025-05-20T17:12:42.000Z,washer,8
00006CZ,2025-05-20T13:56:51.000Z,washer,18
00006CZ,2025-05-19T11:17:53.000Z,washer,18
00006CZ,2025-05-19T09:01:42.000Z,washer,18
00006CZ,2025-05-18T09:21:30.000Z,washer,18
00006CZ,2025-05-17T19:51:05.000Z,washer,8
00006CZ,2025-05-17T18:19:51.000Z,washer,8
00006CZ,2025-05-17T18:18:12.000Z,washer,18
00006CZ,2025-05-17T10:04:10.000Z,washer,8
00006CZ,2025-05-17T08:32:19.000Z,washer,18
00006CZ,2025-05-16T20:53:32.000Z,washer,18
00006CZ,2025-05-16T11:47:33.000Z,washer,8
00006CZ,2025-05-16T08:47:40.000Z,washer,18
00006CZ,2025-05-15T21:58:02.000Z,washer,18
00006CZ,2025-05-15T21:55:13.000Z,washer,8
00006CZ,2025-05-15T18:08:35.000Z,washer,8
00006CZ,2025-05-15T17:04:10.000Z,washer,8
00006CZ,2025-05-15T16:29:53.000Z,washer,18
00006CZ,2025-05-14T19:13:17.000Z,washer,8
00006CZ,2025-05-14T19:11:31.000Z,washer,18
00006CZ,2025-05-14T19:10:31.000Z,washer,18
00006CZ,2025-05-14T17:08:18.000Z,washer,18
00006CZ,2025-05-14T09:15:33.000Z,washer,8
00006CZ,2025-05-14T08:30:52.000Z,washer,8
00006CZ,2025-05-13T15:06:11.000Z,washer,8
00006CZ,2025-05-13T14:24:53.000Z,washer,8
00006CZ,2025-05-12T08:30:52.000Z,washer,8
00006CZ,2025-05-11T18:20:06.000Z,washer,18
00006CZ,2025-05-11T18:03:27.000Z,washer,8
00006CZ,2025-05-11T17:26:42.000Z,washer,18
00006CZ,2025-05-11T12:00:09.000Z,washer,18
00006CZ,2025-05-11T11:18:35.000Z,washer,18
00006CZ,2025-05-11T09:29:38.000Z,washer,8
00006CZ,2025-05-10T14:45:28.000Z,washer,18
00006CZ,2025-05-10T10:47:11.000Z,washer,8
00006CZ,2025-05-10T10:45:57.000Z,washer,18
00006CZ,2025-05-10T08:11:26.000Z,washer,18
00006CZ,2025-05-10T08:06:31.000Z,washer,8
00006CZ,2025-05-09T13:19:54.000Z,washer,18
00006CZ,2025-05-09T10:23:20.000Z,washer,18
00006CZ,2025-05-09T09:33:06.000Z,washer,18
00006CZ,2025-05-08T19:27:04.000Z,washer,8
00006CZ,2025-05-07T21:46:22.000Z,washer,8
00006CZ,2025-05-07T17:01:14.000Z,washer,8
00006CZ,2025-05-07T16:04:26.000Z,washer,18
00006CZ,2025-05-07T15:19:40.000Z,washer,8
00006CZ,2025-05-07T15:18:05.000Z,washer,18
00006CZ,2025-05-07T11:28:16.000Z,washer,18
00006CZ,2025-05-07T09:04:26.000Z,washer,8
00006CZ,2025-05-06T12:14:02.000Z,washer,8
00006CZ,2025-05-05T12:54:04.000Z,washer,18
00006CZ,2025-05-05T10:50:19.000Z,washer,18
00006CZ,2025-05-04T13:30:57.000Z,washer,18
00006CZ,2025-05-04T11:04:26.000Z,washer,18
00006CZ,2025-05-03T13:42:32.000Z,washer,18
00006CZ,2025-05-02T22:14:53.000Z,washer,18
00006CZ,2025-05-02T22:06:38.000Z,washer,18
00006CZ,2025-05-02T13:29:43.000Z,washer,8
00006CZ,2025-05-02T10:15:17.000Z,washer,18
00006CZ,2025-05-02T09:30:10.000Z,washer,8
00006CZ,2025-05-02T09:28:01.000Z,washer,18
00006CZ,2025-05-01T13:31:12.000Z,washer,18
00006CZ,2025-05-01T10:51:44.000Z,washer,18
00006CZ,2025-04-30T11:56:07.000Z,washer,8
00006CZ,2025-04-30T10:07:51.000Z,washer,8
00006CZ,2025-04-29T18:20:44.000Z,washer,18
00006CZ,2025-04-29T16:37:01.000Z,washer,8
00006CZ,2025-04-29T14:36:22.000Z,washer,18
00006CZ,2025-04-29T12:52:01.000Z,washer,18
00006CZ,2025-04-29T10:26:29.000Z,washer,18
00006CZ,2025-04-29T09:00:38.000Z,washer,18
00006CZ,2025-04-28T07:51:01.000Z,washer,18
00006CZ,2025-04-28T06:36:08.000Z,washer,18
00006CZ,2025-04-27T19:08:01.000Z,washer,18
00006CZ,2025-04-27T16:50:45.000Z,washer,8
00006CZ,2025-04-27T16:45:32.000Z,washer,18
00006CZ,2025-04-27T14:54:12.000Z,washer,18
00006CZ,2025-04-27T10:58:18.000Z,washer,18
00006CZ,2025-04-26T12:43:37.000Z,washer,18
00006CZ,2025-04-26T09:42:21.000Z,washer,8
00006CZ,2025-04-25T19:37:15.000Z,washer,8
00006CZ,2025-04-24T13:21:12.000Z,washer,8
00006CZ,2025-04-24T08:09:59.000Z,washer,8
00006CZ,2025-04-24T08:09:22.000Z,washer,18
00006CZ,2025-04-23T09:20:23.000Z,washer,8
00006CZ,2025-04-23T08:12:36.000Z,washer,8
00006CZ,2025-04-22T13:07:09.000Z,washer,18
00006CZ,2025-04-22T11:25:38.000Z,washer,8
00006CZ,2025-04-22T10:19:03.000Z,washer,8
00006CZ,2025-04-22T10:17:48.000Z,washer,18
00006CZ,2025-04-22T08:44:54.000Z,washer,18
00006CZ,2025-04-21T13:37:58.000Z,washer,8
00006CZ,2025-04-21T10:56:06.000Z,washer,18
00006CZ,2025-04-20T19:44:18.000Z,washer,18
00006CZ,2025-04-20T17:22:00.000Z,washer,18
00006CZ,2025-04-20T17:14:10.000Z,washer,8
00006CZ,2025-04-20T11:43:23.000Z,washer,8
00006CZ,2025-04-20T10:14:49.000Z,washer,18
00006CZ,2025-04-20T07:49:33.000Z,washer,18
00006CZ,2025-04-20T07:20:49.000Z,washer,8
00006CZ,2025-04-19T18:34:37.000Z,washer,8
00006CZ,2025-04-19T18:21:48.000Z,washer,18
00006CZ,2025-04-19T17:58:29.000Z,washer,8
00006CZ,2025-04-19T17:39:37.000Z,washer,18
00006CZ,2025-04-19T15:34:30.000Z,washer,8
00006CZ,2025-04-19T14:36:01.000Z,washer,8
00006CZ,2025-04-19T13:55:05.000Z,washer,18
00006CZ,2025-04-19T12:57:43.000Z,washer,18
00006CZ,2025-04-19T12:08:08.000Z,washer,18
00006CZ,2025-04-19T09:41:14.000Z,washer,18
00006CZ,2025-04-19T09:05:51.000Z,washer,8
00006CZ,2025-04-19T08:40:57.000Z,washer,18
00006CZ,2025-04-18T19:35:17.000Z,washer,18
00006CZ,2025-04-18T09:35:52.000Z,washer,18
00006CZ,2025-04-17T19:01:49.000Z,washer,18
00006CZ,2025-04-17T17:54:52.000Z,washer,18
00006CZ,2025-04-17T17:13:24.000Z,washer,8
00006CZ,2025-04-17T14:26:22.000Z,washer,8
00006CZ,2025-04-17T14:23:45.000Z,washer,18
00006CZ,2025-04-17T11:56:51.000Z,washer,18
00006CZ,2025-04-17T10:15:39.000Z,washer,18
00006CZ,2025-04-17T08:22:49.000Z,washer,18
00006CZ,2025-04-16T16:31:44.000Z,washer,8
00006CZ,2025-04-16T16:28:45.000Z,washer,18
00006CZ,2025-04-16T12:44:45.000Z,washer,8
00006CZ,2025-04-16T10:10:39.000Z,washer,18
00006CZ,2025-04-15T08:42:55.000Z,washer,8
00006CZ,2025-04-15T08:40:47.000Z,washer,18
00006CZ,2025-04-14T16:24:25.000Z,washer,8
00006CZ,2025-04-14T14:25:20.000Z,washer,18
00006CZ,2025-04-13T16:52:48.000Z,washer,18
00006CZ,2025-04-13T16:44:56.000Z,washer,8
00006CZ,2025-04-13T15:20:19.000Z,washer,8
00006CZ,2025-04-13T15:17:43.000Z,washer,18
00006CZ,2025-04-13T12:59:47.000Z,washer,18
00006CZ,2025-04-13T12:16:57.000Z,washer,18
00006CZ,2025-04-13T12:15:57.000Z,washer,8
00006CZ,2025-04-12T18:37:53.000Z,washer,18
00006CZ,2025-04-12T12:49:40.000Z,washer,8
00006CZ,2025-04-12T11:22:15.000Z,washer,18
00006CZ,2025-04-12T09:46:45.000Z,washer,8
00006CZ,2025-04-12T08:09:40.000Z,washer,18
00006CZ,2025-04-11T20:41:19.000Z,washer,18
00006CZ,2025-04-11T10:05:04.000Z,washer,18
00006CZ,2025-04-10T20:30:19.000Z,washer,8
00006CZ,2025-04-10T15:59:18.000Z,washer,8
00006CZ,2025-04-10T15:29:02.000Z,washer,18
00006CZ,2025-04-09T11:41:33.000Z,washer,18
00006CZ,2025-04-08T16:46:42.000Z,washer,8
00006CZ,2025-04-08T14:10:41.000Z,washer,8
00006CZ,2025-04-08T13:46:51.000Z,washer,18
00006CZ,2025-04-08T13:18:22.000Z,washer,8
00006CZ,2025-04-08T10:05:12.000Z,washer,18
00006CZ,2025-04-08T09:23:40.000Z,washer,8
00006CZ,2025-04-08T09:21:49.000Z,washer,18
00006CZ,2025-04-06T15:30:42.000Z,washer,8
00006CZ,2025-04-06T15:30:07.000Z,washer,18
00006CZ,2025-04-06T09:47:50.000Z,washer,18
00006CZ,2025-04-06T08:14:04.000Z,washer,18
00006CZ,2025-04-05T18:06:48.000Z,washer,18
00006CZ,2025-04-05T17:56:35.000Z,washer,18
00006CZ,2025-04-05T16:20:34.000Z,washer,18
00006CZ,2025-04-05T16:19:54.000Z,washer,8
00006CZ,2025-04-05T09:52:27.000Z,washer,18
00006CZ,2025-04-05T09:05:53.000Z,washer,8
00006CZ,2025-04-05T09:05:03.000Z,washer,18
00006CZ,2025-04-05T01:05:52.000Z,washer,18
00006CZ,2025-04-05T01:05:12.000Z,washer,8
00006CZ,2025-04-04T21:48:13.000Z,washer,8
00006CZ,2025-04-04T16:03:03.000Z,washer,8
00006CZ,2025-04-04T16:01:22.000Z,washer,18
00006CZ,2025-04-04T14:56:00.000Z,washer,8
00006CZ,2025-04-04T11:44:09.000Z,washer,18
00006CZ,2025-04-03T20:37:55.000Z,washer,18
00006CZ,2025-04-03T20:25:15.000Z,washer,18
00006CZ,2025-04-03T08:02:10.000Z,washer,18
00006CZ,2025-03-31T11:04:50.000Z,washer,8
00006CZ,2025-03-31T11:02:49.000Z,washer,18
00006CZ,2025-03-30T13:02:42.000Z,washer,18
00006CZ,2025-03-30T12:20:45.000Z,washer,18
00006CZ,2025-03-29T12:19:23.000Z,washer,8
00006CZ,2025-03-29T11:35:31.000Z,washer,18
00006CZ,2025-03-29T09:29:42.000Z,washer,18
00006CZ,2025-03-28T19:03:26.000Z,washer,18
00006CZ,2025-03-28T17:36:06.000Z,washer,18
00006CZ,2025-03-28T12:25:57.000Z,washer,18
00006CZ,2025-03-28T11:57:51.000Z,washer,18
00006CZ,2025-03-28T09:17:14.000Z,washer,18
00006CZ,2025-03-28T07:59:35.000Z,washer,18
00006CZ,2025-03-27T12:07:43.000Z,washer,18
00006CZ,2025-03-27T11:07:12.000Z,washer,18
00006CZ,2025-03-27T09:18:01.000Z,washer,8
00006CZ,2025-03-26T10:49:41.000Z,washer,8
00006CZ,2025-03-26T10:44:24.000Z,washer,18
00006CZ,2025-03-26T10:11:11.000Z,washer,8
00006CZ,2025-03-26T09:53:56.000Z,washer,18
00006CZ,2025-03-26T07:57:23.000Z,washer,18
00006CZ,2025-03-26T07:51:23.000Z,washer,8
00006CZ,2025-03-26T07:15:04.000Z,washer,8
00006CZ,2025-03-26T07:10:47.000Z,washer,18
00006CZ,2025-03-25T09:27:36.000Z,washer,18
00006CZ,2025-03-24T11:47:56.000Z,washer,18
00006CZ,2025-03-23T15:06:21.000Z,washer,18
00006CZ,2025-03-23T14:16:55.000Z,washer,18
00006CZ,2025-03-22T15:48:04.000Z,washer,18
00006CZ,2025-03-22T15:38:20.000Z,washer,18
00006CZ,2025-03-22T09:46:57.000Z,washer,18
00006CZ,2025-03-22T09:02:03.000Z,washer,18
00006CZ,2025-03-22T08:31:26.000Z,washer,8
00006CZ,2025-03-22T08:18:46.000Z,washer,18
00006CZ,2025-03-21T22:22:51.000Z,washer,8
00006CZ,2025-03-21T22:22:51.000Z,washer,8
00006CZ,2025-03-21T22:22:16.000Z,washer,18
00006CZ,2025-03-21T12:46:53.000Z,washer,8
00006CZ,2025-03-21T07:11:16.000Z,washer,18
00006CZ,2025-03-20T16:25:37.000Z,washer,8
00006CZ,2025-03-19T15:38:10.000Z,washer,8
00006CZ,2025-03-19T15:31:14.000Z,washer,18
00006CZ,2025-03-18T08:33:49.000Z,washer,8
00006CZ,2025-03-18T07:12:56.000Z,washer,8
00006CZ,2025-03-17T16:53:38.000Z,washer,8
00006CZ,2025-03-17T14:38:02.000Z,washer,8
00006CZ,2025-03-17T12:36:19.000Z,washer,18
00006CZ,2025-03-17T11:49:14.000Z,washer,18
00006CZ,2025-03-17T09:17:21.000Z,washer,18
00006CZ,2025-03-16T17:59:01.000Z,washer,18
00006CZ,2025-03-15T14:24:03.000Z,washer,18
00006CZ,2025-03-15T14:14:48.000Z,washer,18
00006CZ,2025-03-15T12:56:59.000Z,washer,8
00006CZ,2025-03-15T12:52:32.000Z,washer,18
00006CZ,2025-03-15T10:24:37.000Z,washer,8
00006CZ,2025-03-15T07:46:50.000Z,washer,18
00006CZ,2025-03-14T22:26:04.000Z,washer,18
00006CZ,2025-03-14T21:25:57.000Z,washer,18
00006CZ,2025-03-14T21:22:08.000Z,washer,8
00006CZ,2025-03-14T18:57:50.000Z,washer,8
00006CZ,2025-03-14T12:51:20.000Z,washer,18
00006CZ,2025-03-14T09:51:29.000Z,washer,18
00006CZ,2025-03-13T17:34:26.000Z,washer,8
00006CZ,2025-03-13T13:48:02.000Z,washer,18
00006CZ,2025-03-12T16:17:38.000Z,washer,18
00006CZ,2025-03-12T13:19:11.000Z,washer,8
00006CZ,2025-03-11T08:42:26.000Z,washer,18
00006CZ,2025-03-10T15:49:56.000Z,washer,18
00006CZ,2025-03-10T13:49:36.000Z,washer,8
00006CZ,2025-03-10T12:36:33.000Z,washer,8
00006CZ,2025-03-10T10:26:16.000Z,washer,8
00006CZ,2025-03-09T18:42:14.000Z,washer,18
00006CZ,2025-03-09T12:59:31.000Z,washer,18
00006CZ,2025-03-09T12:01:57.000Z,washer,18
00006CZ,2025-03-09T08:40:26.000Z,washer,18
00006CZ,2025-03-08T13:26:10.000Z,washer,18
00006CZ,2025-03-08T08:59:36.000Z,washer,18
00006CZ,2025-03-08T08:58:38.000Z,washer,8
00006CZ,2025-03-08T07:58:06.000Z,washer,8
00006CZ,2025-03-07T18:26:16.000Z,washer,18
00006CZ,2025-03-07T18:16:08.000Z,washer,8
00006CZ,2025-03-06T10:26:16.000Z,washer,8
00006CZ,2025-03-06T09:09:25.000Z,washer,18
00006CZ,2025-03-05T15:39:01.000Z,washer,18
00006CZ,2025-03-04T17:51:31.000Z,washer,8
00006CZ,2025-03-04T14:30:46.000Z,washer,18
00006CZ,2025-03-04T12:01:17.000Z,washer,8
00006CZ,2025-03-04T11:13:37.000Z,washer,18
00006CZ,2025-03-04T11:12:56.000Z,washer,8
00006CZ,2025-03-03T17:46:51.000Z,washer,8
00006CZ,2025-03-03T13:34:25.000Z,washer,18
00006CZ,2025-03-03T11:59:32.000Z,washer,8
00006CZ,2025-03-02T16:36:53.000Z,washer,18
00006CZ,2025-03-02T15:55:30.000Z,washer,18
00006CZ,2025-03-02T14:11:01.000Z,washer,18
00006CZ,2025-03-02T11:28:40.000Z,washer,18
00006CZ,2025-03-02T10:41:25.000Z,washer,18
00006CZ,2025-03-02T10:31:23.000Z,washer,18
00006CZ,2025-03-01T20:56:53.000Z,washer,18
00006CZ,2025-03-01T19:12:27.000Z,washer,18
00006CZ,2025-03-01T14:40:03.000Z,washer,18
00006CZ,2025-03-01T12:46:46.000Z,washer,18
00006CZ,2025-03-01T11:41:14.000Z,washer,18
00006CZ,2025-02-28T21:58:44.000Z,washer,8
00006CZ,2025-02-28T18:35:48.000Z,washer,8
00006CZ,2025-02-28T17:44:34.000Z,washer,18
00006CZ,2025-02-28T17:43:57.000Z,washer,8
00006CZ,2025-02-28T16:48:08.000Z,washer,18
00006CZ,2025-02-28T16:46:17.000Z,washer,8
00006CZ,2025-02-28T15:19:44.000Z,washer,8
00006CZ,2025-02-28T14:54:24.000Z,washer,18
00006CZ,2025-02-27T19:54:53.000Z,washer,8
00006CZ,2025-02-26T10:45:44.000Z,washer,18
00006CZ,2025-02-25T12:43:47.000Z,washer,18
00006CZ,2025-02-25T12:42:58.000Z,washer,8
00006CZ,2025-02-23T15:30:45.000Z,washer,18
00006CZ,2025-02-23T15:22:07.000Z,washer,18
00006CZ,2025-02-23T14:20:05.000Z,washer,8
00006CZ,2025-02-23T14:18:41.000Z,washer,18
00006CZ,2025-02-23T11:05:51.000Z,washer,18
00006CZ,2025-02-23T09:52:07.000Z,washer,18
00006CZ,2025-02-23T03:05:29.000Z,washer,18
00006CZ,2025-02-23T03:04:52.000Z,washer,8
00006CZ,2025-02-23T02:11:56.000Z,washer,18
00006CZ,2025-02-23T02:07:46.000Z,washer,8
00006CZ,2025-02-22T14:55:00.000Z,washer,8
00006CZ,2025-02-22T12:33:18.000Z,washer,8
00006CZ,2025-02-22T11:49:01.000Z,washer,8
00006CZ,2025-02-22T11:21:19.000Z,washer,18
00006CZ,2025-02-22T10:18:07.000Z,washer,8
00006CZ,2025-02-22T09:33:54.000Z,washer,18
00006CZ,2025-02-21T18:57:02.000Z,washer,8
00006CZ,2025-02-21T16:23:09.000Z,washer,18
00006CZ,2025-02-21T09:45:29.000Z,washer,8
00006CZ,2025-02-20T16:20:38.000Z,washer,8
00006CZ,2025-02-20T16:19:11.000Z,washer,18
00006CZ,2025-02-20T10:59:04.000Z,washer,8
00006CZ,2025-02-20T10:11:59.000Z,washer,18
00006CZ,2025-02-20T10:11:13.000Z,washer,8
00006CZ,2025-02-19T13:27:01.000Z,washer,8
00006CZ,2025-02-18T20:13:22.000Z,washer,18
00006CZ,2025-02-18T13:02:03.000Z,washer,18
00006CZ,2025-02-18T08:01:08.000Z,washer,18
00006CZ,2025-02-16T16:59:44.000Z,washer,18
00006CZ,2025-02-16T16:01:03.000Z,washer,18
00006CZ,2025-02-15T17:42:50.000Z,washer,8
00006CZ,2025-02-15T16:31:32.000Z,washer,18
00006CZ,2025-02-15T11:35:23.000Z,washer,18
00006CZ,2025-02-15T11:33:06.000Z,washer,8
00006CZ,2025-02-14T10:05:36.000Z,washer,18
00006CZ,2025-02-13T17:12:38.000Z,washer,18
00006CZ,2025-02-11T20:57:29.000Z,washer,18
00006CZ,2025-02-10T16:17:35.000Z,washer,18
00006CZ,2025-02-10T11:34:36.000Z,washer,8
00006CZ,2025-02-10T11:34:03.000Z,washer,18
00006CZ,2025-02-10T09:40:31.000Z,washer,18
00006CZ,2025-02-10T08:57:42.000Z,washer,18
00006CZ,2025-02-09T17:02:46.000Z,washer,8
00006CZ,2025-02-09T14:09:18.000Z,washer,8
00006CZ,2025-02-09T11:52:59.000Z,washer,18
00006CZ,2025-02-09T09:32:39.000Z,washer,18
00006CZ,2025-02-08T17:22:39.000Z,washer,8
00006CZ,2025-02-08T11:07:09.000Z,washer,18
00006CZ,2025-02-08T11:00:14.000Z,washer,8
00006CZ,2025-02-07T15:35:15.000Z,washer,18
00006CZ,2025-02-07T15:31:42.000Z,washer,8
00006CZ,2025-02-06T08:21:52.000Z,washer,8
00006CZ,2025-02-04T18:11:07.000Z,washer,8
00006CZ,2025-02-04T10:48:59.000Z,washer,18
00006CZ,2025-02-03T16:01:47.000Z,washer,18
00006CZ,2025-02-02T13:33:48.000Z,washer,18
00006CZ,2025-02-02T13:22:59.000Z,washer,18
00006CZ,2025-02-01T14:23:19.000Z,washer,18
00006CZ,2025-02-01T14:22:14.000Z,washer,8
00006CZ,2025-02-01T12:14:59.000Z,washer,8
00006CZ,2025-02-01T11:33:02.000Z,washer,8
00006CZ,2025-01-31T20:08:05.000Z,washer,18
00006CZ,2025-01-31T15:08:34.000Z,washer,18
00006CZ,2025-01-31T13:48:43.000Z,washer,18
00006CZ,2025-01-31T10:21:47.000Z,washer,18
00006CZ,2025-01-31T08:47:22.000Z,washer,18
00006CZ,2025-01-30T08:53:35.000Z,washer,18
00006CZ,2025-01-30T08:52:26.000Z,washer,8
00006CZ,2025-01-29T17:51:12.000Z,washer,18
00006CZ,2025-01-29T16:25:55.000Z,washer,18
00006CZ,2025-01-29T16:25:19.000Z,washer,8
00006CZ,2025-01-29T12:31:13.000Z,washer,18
00006CZ,2025-01-28T21:22:04.000Z,washer,18
00006CZ,2025-01-28T15:27:57.000Z,washer,8
00006CZ,2025-01-28T15:20:34.000Z,washer,18
00006CZ,2025-01-28T11:02:04.000Z,washer,18
00006CZ,2025-01-28T10:22:32.000Z,washer,8
00006CZ,2025-01-28T10:17:25.000Z,washer,18
00006CZ,2025-01-28T09:34:50.000Z,washer,18
00006CZ,2025-01-27T10:12:15.000Z,washer,18
00006CZ,2025-01-26T22:11:00.000Z,washer,8
00006CZ,2025-01-26T17:13:49.000Z,washer,18
00006CZ,2025-01-26T14:40:27.000Z,washer,8
00006CZ,2025-01-26T11:40:56.000Z,washer,8
00006CZ,2025-01-26T11:38:43.000Z,washer,18
00006CZ,2025-01-26T10:14:59.000Z,washer,18
00006CZ,2025-01-25T19:54:17.000Z,washer,8
00006CZ,2025-01-25T13:49:46.000Z,washer,18
00006CZ,2025-01-25T11:43:04.000Z,washer,8
00006CZ,2025-01-25T07:53:02.000Z,washer,18
00006CZ,2025-01-24T20:02:06.000Z,washer,18
00006CZ,2025-01-24T17:23:45.000Z,washer,18
00006CZ,2025-01-24T16:38:37.000Z,washer,18
00006CZ,2025-01-24T16:37:33.000Z,washer,8
00006CZ,2025-01-24T12:59:15.000Z,washer,18
00006CZ,2025-01-24T09:34:29.000Z,washer,18
00006CZ,2025-01-24T09:33:29.000Z,washer,8
00006CZ,2025-01-24T08:20:07.000Z,washer,18
00006CZ,2025-01-23T13:20:27.000Z,washer,18
00006CZ,2025-01-23T12:32:13.000Z,washer,18
00006CZ,2025-01-22T17:39:59.000Z,washer,8
00006CZ,2025-01-22T09:22:47.000Z,washer,8
00006CZ,2025-01-21T15:14:19.000Z,washer,18
00006CZ,2025-01-21T08:12:06.000Z,washer,8
00006CZ,2025-01-19T19:06:55.000Z,washer,18
00006CZ,2025-01-19T12:44:59.000Z,washer,8
00006CZ,2025-01-19T12:42:57.000Z,washer,18
00006CZ,2025-01-19T11:53:16.000Z,washer,18
00006CZ,2025-01-19T10:30:25.000Z,washer,18
00006CZ,2025-01-18T13:37:01.000Z,washer,8
00006CZ,2025-01-18T12:44:47.000Z,washer,18
00006CZ,2025-01-18T12:43:23.000Z,washer,8
00006CZ,2025-01-18T11:56:38.000Z,washer,8
00006CZ,2025-01-17T16:55:22.000Z,washer,8
00006CZ,2025-01-17T15:24:22.000Z,washer,18
00006CZ,2025-01-17T15:08:36.000Z,washer,8
00006CZ,2025-01-17T14:39:24.000Z,washer,18
00006CZ,2025-01-17T08:28:17.000Z,washer,18
00006CZ,2025-01-16T10:28:30.000Z,washer,18
00006CZ,2025-01-15T17:14:53.000Z,washer,18
00006CZ,2025-01-15T12:35:07.000Z,washer,18
00006CZ,2025-01-15T09:11:38.000Z,washer,18
00006CZ,2025-01-14T14:14:35.000Z,washer,18
00006CZ,2025-01-14T13:31:40.000Z,washer,18
00006CZ,2025-01-12T11:40:05.000Z,washer,18
00006CZ,2025-01-11T19:05:51.000Z,washer,8
00006CZ,2025-01-11T13:44:39.000Z,washer,8
00006CZ,2025-01-11T13:27:04.000Z,washer,18
00006CZ,2025-01-11T13:00:56.000Z,washer,8
00006CZ,2025-01-11T12:41:39.000Z,washer,18
00006CZ,2025-01-11T11:33:50.000Z,washer,18
00006CZ,2025-01-11T10:48:48.000Z,washer,18
00006CZ,2025-01-10T10:44:18.000Z,washer,8
00006CZ,2025-01-09T16:06:21.000Z,washer,8
00006CZ,2025-01-09T10:29:26.000Z,washer,18
00006CZ,2025-01-09T10:20:10.000Z,washer,18
00006CZ,2025-01-07T12:20:28.000Z,washer,18
00006CZ,2025-01-06T19:10:49.000Z,washer,18
00006CZ,2025-01-06T13:18:05.000Z,washer,18
00006CZ,2025-01-05T18:32:45.000Z,washer,8
00006CZ,2025-01-05T18:31:28.000Z,washer,18
00006CZ,2025-01-05T12:43:41.000Z,washer,18
00006CZ,2025-01-05T12:10:32.000Z,washer,8
00006CZ,2025-01-04T18:18:19.000Z,washer,18
00006CZ,2025-01-04T17:12:28.000Z,washer,18
00006CZ,2025-01-02T21:09:22.000Z,washer,8
00006CZ,2025-01-02T13:31:08.000Z,washer,18
00006CZ,2025-01-01T13:17:00.000Z,washer,18
00006CZ,2025-01-01T12:33:44.000Z,washer,18
00006CZ,2024-12-31T13:08:30.000Z,washer,18
00006CZ,2024-12-31T11:54:40.000Z,washer,18
00006CZ,2024-12-31T11:07:25.000Z,washer,18
00006CZ,2024-12-31T11:06:20.000Z,washer,8
00006CZ,2024-12-30T16:45:31.000Z,washer,8
00006CZ,2024-12-30T16:27:08.000Z,washer,18
00006CZ,2024-12-30T14:23:44.000Z,washer,18
00006CZ,2024-12-30T10:41:30.000Z,washer,18
00006CZ,2024-12-29T15:51:57.000Z,washer,18
00006CZ,2024-12-29T15:40:34.000Z,washer,18
00006CZ,2024-12-29T13:08:37.000Z,washer,18
00006CZ,2024-12-28T10:46:03.000Z,washer,8
00006CZ,2024-12-27T10:44:02.000Z,washer,8
00006CZ,2024-12-24T11:44:30.000Z,washer,18
00006CZ,2024-12-23T19:37:58.000Z,washer,18
00006CZ,2024-12-23T19:28:30.000Z,washer,18
00006CZ,2024-12-23T19:28:00.000Z,washer,8
00006CZ,2024-12-23T17:57:28.000Z,washer,18
00006CZ,2024-12-23T17:56:05.000Z,washer,8
00006CZ,2024-12-23T12:34:15.000Z,washer,8
00006CZ,2024-12-23T11:21:00.000Z,washer,18
00006CZ,2024-12-23T08:23:27.000Z,washer,18
00006CZ,2024-12-23T07:22:30.000Z,washer,18
00006CZ,2024-12-22T21:03:58.000Z,washer,8
00006CZ,2024-12-22T20:25:55.000Z,washer,18
00006CZ,2024-12-21T19:25:32.000Z,washer,18
00006CZ,2024-12-21T19:16:48.000Z,washer,18
00006CZ,2024-12-21T16:44:39.000Z,washer,18
00006CZ,2024-12-21T16:00:58.000Z,washer,18
00006CZ,2024-12-21T15:47:24.000Z,washer,8
00006CZ,2024-12-21T15:05:14.000Z,washer,8
00006CZ,2024-12-21T14:56:31.000Z,washer,18
00006CZ,2024-12-21T11:46:44.000Z,washer,18
00006CZ,2024-12-21T10:45:01.000Z,washer,8
00006CZ,2024-12-21T10:37:24.000Z,washer,18
00006CZ,2024-12-21T09:10:00.000Z,washer,18
00006CZ,2024-12-20T18:22:02.000Z,washer,18
00006CZ,2024-12-20T15:53:23.000Z,washer,18
00006CZ,2024-12-20T15:44:38.000Z,washer,18
00006CZ,2024-12-20T09:52:16.000Z,washer,18
00006CZ,2024-12-19T17:36:06.000Z,washer,18
00006CZ,2024-12-19T16:01:40.000Z,washer,18
00006CZ,2024-12-19T14:51:34.000Z,washer,18
00006CZ,2024-12-19T13:59:13.000Z,washer,8
00006CZ,2024-12-19T09:15:50.000Z,washer,18
00006CZ,2024-12-18T16:14:11.000Z,washer,18
00006CZ,2024-12-18T15:18:14.000Z,washer,18
00006CZ,2024-12-18T13:17:33.000Z,washer,18
00006CZ,2024-12-18T06:16:38.000Z,washer,18
00006CZ,2024-12-17T18:09:03.000Z,washer,18
00006CZ,2024-12-17T16:00:32.000Z,washer,18
00006CZ,2024-12-17T15:14:58.000Z,washer,18
00006CZ,2024-12-17T13:10:38.000Z,washer,8
00006CZ,2024-12-17T08:38:27.000Z,washer,18
00006CZ,2024-12-15T16:05:48.000Z,washer,18
00006CZ,2024-12-15T13:39:29.000Z,washer,18
00006CZ,2024-12-15T10:25:23.000Z,washer,18
00006CZ,2024-12-15T09:45:37.000Z,washer,18
00006CZ,2024-12-14T19:34:50.000Z,washer,18
00006CZ,2024-12-14T10:48:13.000Z,washer,18
00006CZ,2024-12-13T08:33:29.000Z,washer,18
00006CZ,2024-12-12T10:20:26.000Z,washer,8
00006CZ,2024-12-11T14:10:47.000Z,washer,8
00006CZ,2024-12-11T08:48:28.000Z,washer,18
00006CZ,2024-12-10T21:02:46.000Z,washer,8
00006CZ,2024-12-10T14:26:15.000Z,washer,18
00006CZ,2024-12-08T15:37:08.000Z,washer,18
00006CZ,2024-12-08T12:59:52.000Z,washer,18
00006CZ,2024-12-07T18:55:01.000Z,washer,18
00006CZ,2024-12-07T17:09:17.000Z,washer,18
00006CZ,2024-12-07T16:57:52.000Z,washer,18
00006CZ,2024-12-07T13:09:36.000Z,washer,18
00006CZ,2024-12-07T12:23:29.000Z,washer,8
00006CZ,2024-12-07T12:17:29.000Z,washer,18
00006CZ,2024-12-07T11:34:22.000Z,washer,8
00006CZ,2024-12-07T10:42:21.000Z,washer,18
00006CZ,2024-12-07T09:17:03.000Z,washer,18
00006CZ,2024-12-07T08:36:12.000Z,washer,18
00006CZ,2024-12-06T09:17:16.000Z,washer,18
00006CZ,2024-12-05T11:20:02.000Z,washer,18
00006CZ,2024-12-05T10:12:15.000Z,washer,18
00006CZ,2024-12-04T11:37:23.000Z,washer,8
00006CZ,2024-12-04T08:22:43.000Z,washer,8
00006CZ,2024-12-02T11:33:19.000Z,washer,18
00006CZ,2024-12-02T08:35:36.000Z,washer,18
00006CZ,2024-12-01T13:37:44.000Z,washer,8
00006CZ,2024-12-01T03:43:48.000Z,washer,18
00006CZ,2024-11-30T21:28:34.000Z,washer,18
00006CZ,2024-11-30T10:53:32.000Z,washer,18
00006CZ,2024-11-30T10:04:04.000Z,washer,18
00006CZ,2024-11-29T15:07:10.000Z,washer,8
00006CZ,2024-11-28T16:02:58.000Z,washer,8
00006CZ,2024-11-28T15:44:55.000Z,washer,18
00006CZ,2024-11-27T21:27:46.000Z,washer,18
00006CZ,2024-11-27T21:22:56.000Z,washer,8
00006CZ,2024-11-27T12:30:38.000Z,washer,18
00006CZ,2024-11-27T10:23:54.000Z,washer,8
00006CZ,2024-11-27T10:23:05.000Z,washer,18
00006CZ,2024-11-25T08:34:52.000Z,washer,18
00006CZ,2024-11-24T17:22:01.000Z,washer,18
00006CZ,2024-11-24T16:19:03.000Z,washer,18
00006CZ,2024-11-24T15:57:26.000Z,washer,8
00006CZ,2024-11-24T15:12:54.000Z,washer,18
00006CZ,2024-11-24T12:25:20.000Z,washer,18
00006CZ,2024-11-24T10:32:36.000Z,washer,18
00006CZ,2024-11-23T17:18:07.000Z,washer,18
00006CZ,2024-11-23T17:17:08.000Z,washer,8
00006CZ,2024-11-23T16:03:02.000Z,washer,8
00006CZ,2024-11-23T12:53:12.000Z,washer,8
00006CZ,2024-11-23T12:50:32.000Z,washer,18
00006CZ,2024-11-21T19:45:04.000Z,washer,18
00006CZ,2024-11-21T09:11:41.000Z,washer,18
00006CZ,2024-11-20T15:19:39.000Z,washer,18
00006CZ,2024-11-20T11:39:58.000Z,washer,18
00006CZ,2024-11-20T10:41:05.000Z,washer,18
00006CZ,2024-11-20T07:55:46.000Z,washer,18
00006CZ,2024-11-18T11:12:50.000Z,washer,18
00006CZ,2024-11-17T14:51:24.000Z,washer,18
00006CZ,2024-11-17T13:30:39.000Z,washer,8
00006CZ,2024-11-17T12:54:03.000Z,washer,18
00006CZ,2024-11-17T10:58:41.000Z,washer,18
00006CZ,2024-11-16T13:37:02.000Z,washer,8
00006CZ,2024-11-16T12:04:35.000Z,washer,18
00006CZ,2024-11-16T10:35:02.000Z,washer,18
00006CZ,2024-11-15T17:57:33.000Z,washer,18
00006CZ,2024-11-15T11:50:04.000Z,washer,18
00006CZ,2024-11-15T11:39:18.000Z,washer,8
00006CZ,2024-11-14T18:14:06.000Z,washer,18
00006CZ,2024-11-14T17:15:45.000Z,washer,18
00006CZ,2024-11-14T13:39:07.000Z,washer,18
00006CZ,2024-11-14T10:59:56.000Z,washer,18
00006CZ,2024-11-13T10:19:35.000Z,washer,8
00006CZ,2024-11-13T08:15:41.000Z,washer,8
00006CZ,2024-11-12T07:07:00.000Z,washer,18
00006CZ,2024-11-11T14:54:54.000Z,washer,18
00006CZ,2024-11-10T18:25:09.000Z,washer,18
00006CZ,2024-11-10T15:19:38.000Z,washer,18
00006CZ,2024-11-10T14:25:46.000Z,washer,18
00006CZ,2024-11-10T13:40:09.000Z,washer,18
00006CZ,2024-11-10T13:30:36.000Z,washer,18
00006CZ,2024-11-10T10:29:50.000Z,washer,8
00006CZ,2024-11-09T16:35:48.000Z,washer,8
00006CZ,2024-11-09T15:00:03.000Z,washer,18
00006CZ,2024-11-09T10:38:40.000Z,washer,18
00006CZ,2024-11-09T09:57:00.000Z,washer,8
00006CZ,2024-11-09T09:13:39.000Z,washer,18
00006CZ,2024-11-08T12:44:56.000Z,washer,18
00006CZ,2024-11-08T11:44:51.000Z,washer,18
00006CZ,2024-11-07T17:56:01.000Z,washer,18
00006CZ,2024-11-07T11:16:25.000Z,washer,18
00006CZ,2024-11-06T19:55:31.000Z,washer,18
00006CZ,2024-11-06T07:52:30.000Z,washer,18
00006CZ,2024-11-05T17:01:57.000Z,washer,18
00006CZ,2024-11-05T15:34:54.000Z,washer,8
00006CZ,2024-11-05T12:37:51.000Z,washer,18
00006CZ,2024-11-05T09:32:05.000Z,washer,8
00006CZ,2024-11-05T09:29:41.000Z,washer,18
00006CZ,2024-11-05T08:37:22.000Z,washer,8
00006CZ,2024-11-05T07:58:29.000Z,washer,8
00006CZ,2024-11-05T07:57:30.000Z,washer,18
00006CZ,2024-11-03T17:37:17.000Z,washer,18
00006CZ,2024-11-03T11:12:12.000Z,washer,18
00006CZ,2024-11-03T09:08:48.000Z,washer,18
00006CZ,2024-11-02T13:10:43.000Z,washer,18
00006CZ,2024-11-02T12:17:34.000Z,washer,18
00006CZ,2024-11-02T12:16:43.000Z,washer,8
00006CZ,2024-11-02T09:57:32.000Z,washer,18
00006CZ,2024-11-02T08:44:38.000Z,washer,18
00006CZ,2024-11-01T15:56:27.000Z,washer,18
00006CZ,2024-10-31T09:51:02.000Z,washer,18
00006CZ,2024-10-31T09:05:18.000Z,washer,18
00006CZ,2024-10-30T12:48:14.000Z,washer,8
00006CZ,2024-10-28T15:19:04.000Z,washer,18
00006CZ,2024-10-28T14:50:26.000Z,washer,8
00006CZ,2024-10-28T11:17:50.000Z,washer,8
00006CZ,2024-10-27T19:48:58.000Z,washer,18
00006CZ,2024-10-27T16:07:41.000Z,washer,18
00006CZ,2024-10-27T15:20:48.000Z,washer,18
00006CZ,2024-10-27T14:37:31.000Z,washer,18
00006CZ,2024-10-27T13:06:43.000Z,washer,8
00006CZ,2024-10-27T13:05:03.000Z,washer,18
00006CZ,2024-10-27T11:06:46.000Z,washer,18
00006CZ,2024-10-26T17:55:15.000Z,washer,8
00006CZ,2024-10-26T10:11:33.000Z,washer,8
00006CZ,2024-10-26T08:27:19.000Z,washer,18
00006CZ,2024-10-25T08:08:59.000Z,washer,18
00006CZ,2024-10-24T17:38:02.000Z,washer,18
00006CZ,2024-10-24T15:15:17.000Z,washer,18
00006CZ,2024-10-24T11:40:11.000Z,washer,18
00006CZ,2024-10-22T16:54:25.000Z,washer,18
00006CZ,2024-10-22T16:11:23.000Z,washer,18
00006CZ,2024-10-22T15:30:10.000Z,washer,18
00006CZ,2024-10-22T12:18:12.000Z,washer,18
00006CZ,2024-10-22T11:25:43.000Z,washer,18
00006CZ,2024-10-22T08:50:33.000Z,washer,18
00006CZ,2024-10-21T17:10:39.000Z,washer,18
00006CZ,2024-10-21T11:52:30.000Z,washer,18
00006CZ,2024-10-20T17:43:44.000Z,washer,18
00006CZ,2024-10-20T17:33:42.000Z,washer,18
00006CZ,2024-10-20T16:32:11.000Z,washer,18
00006CZ,2024-10-20T12:20:58.000Z,washer,18
00006CZ,2024-10-20T11:39:45.000Z,washer,18
00006CZ,2024-10-19T19:44:19.000Z,washer,18
00006CZ,2024-10-19T19:33:12.000Z,washer,18
00006CZ,2024-10-19T16:40:49.000Z,washer,18
00006CZ,2024-10-19T14:42:10.000Z,washer,18
00006CZ,2024-10-19T12:16:52.000Z,washer,18
00006CZ,2024-10-19T11:31:46.000Z,washer,18
00006CZ,2024-10-19T10:43:12.000Z,washer,18
00006CZ,2024-10-18T20:04:28.000Z,washer,18
00006CZ,2024-10-18T19:23:15.000Z,washer,18
00006CZ,2024-10-18T14:18:49.000Z,washer,18
00006CZ,2024-10-18T07:25:46.000Z,washer,18
00006CZ,2024-10-16T16:54:42.000Z,washer,18
00006CZ,2024-10-16T11:26:28.000Z,washer,8
00006CZ,2024-10-16T11:12:43.000Z,washer,18
00006CZ,2024-10-16T09:29:52.000Z,washer,8
00006CZ,2024-10-16T09:27:26.000Z,washer,18
00006CZ,2024-10-16T08:40:50.000Z,washer,8
00006CZ,2024-10-16T08:37:59.000Z,washer,18
00006CZ,2024-10-15T18:36:47.000Z,washer,18
00006CZ,2024-10-15T17:45:05.000Z,washer,18
00006CZ,2024-10-15T16:35:57.000Z,washer,8
00006CZ,2024-10-15T15:45:29.000Z,washer,18
00006CZ,2024-10-14T18:16:12.000Z,washer,18
00006CZ,2024-10-14T09:49:45.000Z,washer,18
00006CZ,2024-10-13T13:37:50.000Z,washer,18
00006CZ,2024-10-13T12:06:03.000Z,washer,8
00006CZ,2024-10-13T08:56:52.000Z,washer,8
00006CZ,2024-10-13T08:36:47.000Z,washer,18
00006CZ,2024-10-13T08:07:32.000Z,washer,8
00006CZ,2024-10-12T17:35:48.000Z,washer,18
00006CZ,2024-10-11T09:35:14.000Z,washer,18
00006CZ,2024-10-10T18:02:53.000Z,washer,18
00006CZ,2024-10-09T14:28:00.000Z,washer,18
00006CZ,2024-10-09T12:58:07.000Z,washer,8
00006CZ,2024-10-08T10:02:55.000Z,washer,18
00006CZ,2024-10-07T13:55:46.000Z,washer,8
00006CZ,2024-10-07T13:18:32.000Z,washer,18
00006CZ,2024-10-07T09:59:34.000Z,washer,8
00006CZ,2024-10-06T13:31:33.000Z,washer,8
00006CZ,2024-10-06T10:23:16.000Z,washer,18
00006CZ,2024-10-06T09:16:02.000Z,washer,18
00006CZ,2024-10-05T14:57:03.000Z,washer,18
00006CZ,2024-10-05T14:43:00.000Z,washer,18
00006CZ,2024-10-05T10:35:52.000Z,washer,18
00006CZ,2024-10-04T08:00:57.000Z,washer,18
00006CZ,2024-10-03T15:06:46.000Z,washer,18
00006CZ,2024-10-01T21:31:12.000Z,washer,8
00006CZ,2024-10-01T13:09:59.000Z,washer,8
00006CZ,2024-10-01T08:22:48.000Z,washer,8
00006CZ,2024-10-01T08:21:25.000Z,washer,18
00006CZ,2024-10-01T06:48:00.000Z,washer,18
00006CZ,2024-09-29T14:49:50.000Z,washer,18
00006CZ,2024-09-29T09:59:31.000Z,washer,18
00006CZ,2024-09-28T13:11:14.000Z,washer,8
00006CZ,2024-09-28T11:35:14.000Z,washer,18
00006CZ,2024-09-28T08:41:12.000Z,washer,18
00006CZ,2024-09-28T07:46:11.000Z,washer,18
00006CZ,2024-09-27T21:13:43.000Z,washer,8
00006CZ,2024-09-27T16:21:17.000Z,washer,8
00006CZ,2024-09-27T15:51:59.000Z,washer,18
00006CZ,2024-09-27T11:26:33.000Z,washer,18
00006CZ,2024-09-26T09:00:27.000Z,washer,8
00006CZ,2024-09-26T08:16:47.000Z,washer,8
00006CZ,2024-09-26T08:13:56.000Z,washer,18
00006CZ,2024-09-25T19:08:06.000Z,washer,8
00006CZ,2024-09-25T18:03:42.000Z,washer,18
00006CZ,2024-09-25T15:02:03.000Z,washer,8
00006CZ,2024-09-25T09:56:33.000Z,washer,18
00006CZ,2024-09-24T18:13:34.000Z,washer,18
00006CZ,2024-09-24T14:54:05.000Z,washer,8
00006CZ,2024-09-24T10:15:33.000Z,washer,18
00006CZ,2024-09-24T09:24:50.000Z,washer,18
00006CZ,2024-09-23T19:44:35.000Z,washer,8
00006CZ,2024-09-23T18:51:59.000Z,washer,18
00006CZ,2024-09-23T14:04:07.000Z,washer,8
00006CZ,2024-09-23T12:13:01.000Z,washer,18
00006CZ,2024-09-23T08:11:53.000Z,washer,18
00006CZ,2024-09-22T16:37:52.000Z,washer,8
00006CZ,2024-09-22T15:33:57.000Z,washer,18
00006CZ,2024-09-22T13:13:25.000Z,washer,18
00006CZ,2024-09-22T11:44:21.000Z,washer,18
00006CZ,2024-09-22T10:42:17.000Z,washer,8
00006CZ,2024-09-22T10:35:40.000Z,washer,18
00006CZ,2024-09-22T09:54:33.000Z,washer,18
00006CZ,2024-09-21T18:39:40.000Z,washer,18
00006CZ,2024-09-21T17:28:32.000Z,washer,18
00006CZ,2024-09-21T12:40:50.000Z,washer,18
00006CZ,2024-09-21T11:44:34.000Z,washer,18
00006CZ,2024-09-21T10:55:48.000Z,washer,18
00006CZ,2024-09-21T10:09:39.000Z,washer,18
00006CZ,2024-09-21T09:02:47.000Z,washer,18
00006CZ,2024-09-20T19:48:43.000Z,washer,18
00006CZ,2024-09-19T15:56:09.000Z,washer,18
00006CZ,2024-09-19T14:26:18.000Z,washer,18
00006CZ,2024-09-18T09:21:20.000Z,washer,18
00006CZ,2024-09-18T08:30:38.000Z,washer,18
00006CZ,2024-09-18T08:10:02.000Z,washer,8
00006CZ,2024-09-17T13:48:00.000Z,washer,18
00006CZ,2024-09-16T18:17:27.000Z,washer,18
00006CZ,2024-09-16T16:56:11.000Z,washer,8
00006CZ,2024-09-16T15:04:02.000Z,washer,18
00006CZ,2024-09-16T13:19:32.000Z,washer,18
00006CZ,2024-09-16T09:22:20.000Z,washer,18
00006CZ,2024-09-16T08:43:33.000Z,washer,8
00006CZ,2024-09-15T12:16:49.000Z,washer,8
00006CZ,2024-09-14T15:15:00.000Z,washer,8
00006CZ,2024-09-14T06:42:15.000Z,washer,8
00006CZ,2024-09-14T06:05:03.000Z,washer,8
00006CZ,2024-09-14T06:04:09.000Z,washer,18
00006CZ,2024-09-13T18:43:17.000Z,washer,18
00006CZ,2024-09-13T09:13:31.000Z,washer,18
00006CZ,2024-09-12T13:35:37.000Z,washer,8
00006CZ,2024-09-12T13:27:57.000Z,washer,18
00006CZ,2024-09-11T13:12:16.000Z,washer,18
00006CZ,2024-09-11T09:49:11.000Z,washer,8
00006CZ,2024-09-10T21:11:15.000Z,washer,18
00006CZ,2024-09-10T15:51:05.000Z,washer,18
00006CZ,2024-09-10T13:05:25.000Z,washer,18
00006CZ,2024-09-10T12:21:13.000Z,washer,18
00006CZ,2024-09-10T11:08:30.000Z,washer,8
00006CZ,2024-09-10T10:18:53.000Z,washer,18
00006CZ,2024-09-09T20:06:48.000Z,washer,8
00006CZ,2024-09-08T15:10:26.000Z,washer,18
00006CZ,2024-09-08T10:54:35.000Z,washer,18
00006CZ,2024-09-08T10:00:31.000Z,washer,8
00006CZ,2024-09-08T07:48:02.000Z,washer,8
00006CZ,2024-09-07T18:30:37.000Z,washer,18
00006CZ,2024-09-07T10:07:51.000Z,washer,18
00006CZ,2024-09-07T09:28:17.000Z,washer,8
00006CZ,2024-09-07T09:19:24.000Z,washer,18
00006CZ,2024-09-06T22:32:08.000Z,washer,18
00006CZ,2024-09-06T18:03:13.000Z,washer,18
00006CZ,2024-09-06T17:18:34.000Z,washer,8
00006CZ,2024-09-06T15:44:05.000Z,washer,18
00006CZ,2024-09-06T14:06:50.000Z,washer,18
00006CZ,2024-09-06T09:50:39.000Z,washer,18
00006CZ,2024-09-05T16:15:18.000Z,washer,18
00006CZ,2024-09-05T13:42:10.000Z,washer,18
00006CZ,2024-09-05T08:41:47.000Z,washer,18
00006CZ,2024-09-04T14:59:22.000Z,washer,18
00006CZ,2024-09-04T09:23:32.000Z,washer,18
00006CZ,2024-09-04T08:59:44.000Z,washer,8
00006CZ,2024-09-03T13:36:27.000Z,washer,8
00006CZ,2024-09-03T13:26:54.000Z,washer,18
00006CZ,2024-09-03T12:45:17.000Z,washer,8
00006CZ,2024-09-01T14:25:22.000Z,washer,18
00006CZ,2024-09-01T12:54:09.000Z,washer,18
00006CZ,2024-09-01T12:27:26.000Z,washer,8
00006CZ,2024-09-01T12:04:32.000Z,washer,18
00006CZ,2024-09-01T11:47:18.000Z,washer,8
00006CZ,2024-09-01T11:20:45.000Z,washer,18
00006CZ,2024-09-01T10:39:18.000Z,washer,18
00006CZ,2024-09-01T09:54:10.000Z,washer,18
00006CZ,2024-09-01T06:58:23.000Z,washer,8
00006CZ,2024-08-31T15:35:54.000Z,washer,18
00006CZ,2024-08-31T14:40:11.000Z,washer,18
00006CZ,2024-08-31T12:16:18.000Z,washer,18
00006CZ,2024-08-31T11:33:04.000Z,washer,18
00006CZ,2024-08-31T09:09:58.000Z,washer,8
00006CZ,2024-08-30T10:17:22.000Z,washer,8
00006CZ,2024-08-29T08:58:40.000Z,washer,8
00006CZ,2024-08-28T16:35:06.000Z,washer,18
00006CZ,2024-08-27T14:20:00.000Z,washer,18
00006CZ,2024-08-26T19:29:13.000Z,washer,18
00006CZ,2024-08-26T17:48:46.000Z,washer,8
00006CZ,2024-08-26T13:03:14.000Z,washer,18
00006CZ,2024-08-26T09:20:48.000Z,washer,8
00006CZ,2024-08-25T17:18:04.000Z,washer,18
00006CZ,2024-08-25T15:17:17.000Z,washer,18
00006CZ,2024-08-25T12:43:58.000Z,washer,8
00006CZ,2024-08-25T12:15:17.000Z,washer,18
00006CZ,2024-08-25T11:25:15.000Z,washer,18
00006CZ,2024-08-24T17:43:16.000Z,washer,18
00006CZ,2024-08-24T16:16:05.000Z,washer,8
00006CZ,2024-08-24T07:42:06.000Z,washer,18
00006CZ,2024-08-24T07:23:17.000Z,washer,8
00006CZ,2024-08-23T19:20:46.000Z,washer,18
00006CZ,2024-08-23T17:18:44.000Z,washer,18
00006CZ,2024-08-23T16:30:09.000Z,washer,18
00006CZ,2024-08-23T09:42:42.000Z,washer,18
00006CZ,2024-08-23T08:08:03.000Z,washer,18
00006CZ,2024-08-23T06:54:32.000Z,washer,18
00006CZ,2024-08-22T18:44:29.000Z,washer,8
00006CZ,2024-08-22T18:25:36.000Z,washer,18
00006CZ,2024-08-22T12:17:10.000Z,washer,8
00006CZ,2024-08-22T07:28:40.000Z,washer,8
00006CZ,2024-08-21T16:45:24.000Z,washer,8
00006CZ,2024-08-21T16:20:18.000Z,washer,18
00006CZ,2024-08-21T14:59:22.000Z,washer,8
00006CZ,2024-08-21T14:57:28.000Z,washer,18
00006CZ,2024-08-21T11:19:55.000Z,washer,18
00006CZ,2024-08-20T20:49:57.000Z,washer,8
00006CZ,2024-08-20T18:35:01.000Z,washer,18
00006CZ,2024-08-20T18:29:06.000Z,washer,8
00006CZ,2024-08-20T16:42:44.000Z,washer,18
00006CZ,2024-08-20T14:03:21.000Z,washer,18
00006CZ,2024-08-20T13:49:48.000Z,washer,8
00006CZ,2024-08-20T10:25:40.000Z,washer,8
00006CZ,2024-08-19T18:27:30.000Z,washer,18
00006CZ,2024-08-19T15:37:52.000Z,washer,18
00006CZ,2024-08-19T13:43:54.000Z,washer,18
00006CZ,2024-08-18T19:56:12.000Z,washer,18
00006CZ,2024-08-18T19:00:37.000Z,washer,8
00006CZ,2024-08-18T17:50:40.000Z,washer,8
00006CZ,2024-08-18T17:13:30.000Z,washer,18
00006CZ,2024-08-18T16:29:00.000Z,washer,18
00006CZ,2024-08-18T15:44:23.000Z,washer,18
00006CZ,2024-08-18T15:15:34.000Z,washer,8
00006CZ,2024-08-18T14:40:02.000Z,washer,18
00006CZ,2024-08-18T13:58:09.000Z,washer,18
00006CZ,2024-08-18T13:01:30.000Z,washer,18
00006CZ,2024-08-18T10:16:03.000Z,washer,18
00006CZ,2024-08-18T10:09:01.000Z,washer,8
00006CZ,2024-08-17T15:01:29.000Z,washer,18
00006CZ,2024-08-17T15:00:44.000Z,washer,8
00006CZ,2024-08-17T10:06:16.000Z,washer,18
00006CZ,2024-08-17T09:50:51.000Z,washer,8
00006CZ,2024-08-17T09:12:02.000Z,washer,8
00006CZ,2024-08-17T09:11:11.000Z,washer,18
00006CZ,2024-08-16T19:21:43.000Z,washer,8
00006CZ,2024-08-16T16:46:51.000Z,washer,18
00006CZ,2024-08-16T15:46:02.000Z,washer,18
00006CZ,2024-08-16T08:19:17.000Z,washer,18
00006CZ,2024-08-15T14:18:34.000Z,washer,18
00006CZ,2024-08-15T13:52:05.000Z,washer,8
00006CZ,2024-08-15T12:53:34.000Z,washer,18
00006CZ,2024-08-15T08:18:02.000Z,washer,18
00006CZ,2024-08-15T07:00:31.000Z,washer,18
00006CZ,2024-08-14T14:50:44.000Z,washer,18
00006CZ,2024-08-14T13:57:45.000Z,washer,18
00006CZ,2024-08-14T08:50:13.000Z,washer,8
00006CZ,2024-08-13T14:44:51.000Z,washer,18
00006CZ,2024-08-13T10:10:42.000Z,washer,18
00006CZ,2024-08-12T17:46:22.000Z,washer,8
00006CZ,2024-08-12T15:22:56.000Z,washer,8
00006CZ,2024-08-12T15:20:41.000Z,washer,18
00006CZ,2024-08-11T20:58:13.000Z,washer,18
00006CZ,2024-08-11T20:57:13.000Z,washer,8
00006CZ,2024-08-11T15:12:42.000Z,washer,18
00006CZ,2024-08-11T14:24:13.000Z,washer,18
00006CZ,2024-08-11T13:37:41.000Z,washer,18
00006CZ,2024-08-11T13:36:57.000Z,washer,8
00006CZ,2024-08-11T07:55:42.000Z,washer,18
00006CZ,2024-08-10T13:17:18.000Z,washer,18
00006CZ,2024-08-10T12:29:18.000Z,washer,18
00006CZ,2024-08-10T12:28:04.000Z,washer,8
00006CZ,2024-08-10T09:49:59.000Z,washer,8
00006CZ,2024-08-10T09:24:50.000Z,washer,18
00006CZ,2024-08-09T17:18:38.000Z,washer,8
00006CZ,2024-08-09T17:16:35.000Z,washer,18
00006CZ,2024-08-09T11:33:15.000Z,washer,8
00006CZ,2024-08-09T11:28:54.000Z,washer,18
00006CZ,2024-08-08T16:48:27.000Z,washer,8
00006CZ,2024-08-08T14:05:59.000Z,washer,8
00006CZ,2024-08-08T10:03:49.000Z,washer,18
00006CZ,2024-08-08T10:03:01.000Z,washer,8
00006CZ,2024-08-07T18:32:03.000Z,washer,18
00006CZ,2024-08-07T12:53:24.000Z,washer,8
00006CZ,2024-08-06T10:40:18.000Z,washer,18
00006CZ,2024-08-05T16:43:20.000Z,washer,18
00006CZ,2024-08-05T08:55:24.000Z,washer,8
00006CZ,2024-08-04T12:05:20.000Z,washer,18
00006CZ,2024-08-04T11:53:21.000Z,washer,8
00006CZ,2024-08-04T11:10:45.000Z,washer,8
00006CZ,2024-08-04T10:50:30.000Z,washer,18
00006CZ,2024-08-04T10:05:24.000Z,washer,18
00006CZ,2024-08-03T17:14:13.000Z,washer,8
00006CZ,2024-08-03T17:12:04.000Z,washer,18
00006CZ,2024-08-03T15:16:24.000Z,washer,8
00006CZ,2024-08-03T10:06:30.000Z,washer,8
00006CZ,2024-08-03T08:45:55.000Z,washer,18
00006CZ,2024-08-02T18:26:22.000Z,washer,18
00006CZ,2024-08-02T16:31:42.000Z,washer,8
00006CZ,2024-08-02T14:19:29.000Z,washer,8
00006CZ,2024-08-02T08:49:38.000Z,washer,8
00006CZ,2024-08-02T08:47:06.000Z,washer,18
00006CZ,2024-08-01T19:11:37.000Z,washer,8
00006CZ,2024-08-01T12:37:56.000Z,washer,18
00006CZ,2024-08-01T09:21:08.000Z,washer,18
00006CZ,2024-07-30T21:06:25.000Z,washer,18
00006CZ,2024-07-29T13:38:52.000Z,washer,18
00006CZ,2024-07-29T11:57:23.000Z,washer,8
00006CZ,2024-07-29T10:47:03.000Z,washer,18
00006CZ,2024-07-28T17:57:10.000Z,washer,18
00006CZ,2024-07-28T15:49:19.000Z,washer,18
00006CZ,2024-07-28T13:20:28.000Z,washer,8
00006CZ,2024-07-28T13:10:56.000Z,washer,18
00006CZ,2024-07-28T12:12:42.000Z,washer,18
00006CZ,2024-07-28T09:27:18.000Z,washer,18
00006CZ,2024-07-28T09:26:36.000Z,washer,8
00006CZ,2024-07-27T11:33:01.000Z,washer,18
00006CZ,2024-07-27T08:35:52.000Z,washer,18
00006CZ,2024-07-27T06:09:33.000Z,washer,18
00006CZ,2024-07-26T20:39:37.000Z,washer,18
00006CZ,2024-07-26T18:59:27.000Z,washer,8
00006CZ,2024-07-25T17:06:09.000Z,washer,18
00006CZ,2024-07-25T17:05:24.000Z,washer,8
00006CZ,2024-07-25T12:53:57.000Z,washer,8
00006CZ,2024-07-24T12:57:49.000Z,washer,8
00006CZ,2024-07-23T18:02:37.000Z,washer,18
00006CZ,2024-07-22T18:11:25.000Z,washer,18
00006CZ,2024-07-22T14:48:49.000Z,washer,8
00006CZ,2024-07-21T10:06:40.000Z,washer,18
00006CZ,2024-07-21T08:16:06.000Z,washer,8
00006CZ,2024-07-20T10:52:42.000Z,washer,18
00006CZ,2024-07-20T09:50:01.000Z,washer,18
00006CZ,2024-07-20T09:34:42.000Z,washer,8
00006CZ,2024-07-19T13:16:04.000Z,washer,18
00006CZ,2024-07-19T07:58:58.000Z,washer,18
00006CZ,2024-07-18T18:31:23.000Z,washer,8
00006CZ,2024-07-18T17:53:11.000Z,washer,8
00006CZ,2024-07-18T16:45:08.000Z,washer,18
00006CZ,2024-07-18T12:09:41.000Z,washer,18
00006CZ,2024-07-18T11:02:19.000Z,washer,18
00006CZ,2024-07-18T07:46:03.000Z,washer,18
00006CZ,2024-07-17T19:06:57.000Z,washer,18
00006CZ,2024-07-17T11:14:10.000Z,washer,18
00006CZ,2024-07-16T20:32:15.000Z,washer,18
00006CZ,2024-07-16T17:38:27.000Z,washer,8
00006CZ,2024-07-16T17:34:55.000Z,washer,18
00006CZ,2024-07-15T18:30:03.000Z,washer,18
00006CZ,2024-07-15T17:40:09.000Z,washer,18
00006CZ,2024-07-15T12:16:39.000Z,washer,18
00006CZ,2024-07-15T11:03:48.000Z,washer,18
00006CZ,2024-07-15T09:54:24.000Z,washer,8
00006CZ,2024-07-15T09:53:43.000Z,washer,18
00006CZ,2024-07-14T16:17:36.000Z,washer,8
00006CZ,2024-07-14T16:14:43.000Z,washer,8
00006CZ,2024-07-14T16:14:43.000Z,washer,8
00006CZ,2024-07-14T16:14:43.000Z,washer,8
00006CZ,2024-07-14T16:14:43.000Z,washer,8
00006CZ,2024-07-14T15:45:34.000Z,washer,18
00006CZ,2024-07-14T14:48:35.000Z,washer,18
00006CZ,2024-07-14T13:36:08.000Z,washer,18
00006CZ,2024-07-14T13:34:50.000Z,washer,8
00006CZ,2024-07-13T14:01:08.000Z,washer,8
00006CZ,2024-07-13T12:51:03.000Z,washer,18
00006CZ,2024-07-13T11:58:48.000Z,washer,18
00006CZ,2024-07-13T09:39:03.000Z,washer,8
00006CZ,2024-07-13T09:37:53.000Z,washer,18
00006CZ,2024-07-13T06:52:56.000Z,washer,8
00006CZ,2024-07-12T15:20:59.000Z,washer,18
00006CZ,2024-07-12T11:54:13.000Z,washer,18
00006CZ,2024-07-12T08:00:47.000Z,washer,18
00006CZ,2024-07-11T13:30:00.000Z,washer,18
00006CZ,2024-07-11T09:54:31.000Z,washer,8
00006CZ,2024-07-10T16:20:15.000Z,washer,18
00006CZ,2024-07-09T21:47:03.000Z,washer,8
00006CZ,2024-07-09T10:02:12.000Z,washer,18
00006CZ,2024-07-09T10:01:29.000Z,washer,8
00006CZ,2024-07-08T15:17:53.000Z,washer,18
00006CZ,2024-07-08T15:16:47.000Z,washer,8
00006CZ,2024-07-07T13:19:38.000Z,washer,18
00006CZ,2024-07-07T09:13:58.000Z,washer,8
00006CZ,2024-07-06T19:46:51.000Z,washer,8
00006CZ,2024-07-06T18:30:04.000Z,washer,8
00006CZ,2024-07-06T09:28:49.000Z,washer,18
00006CZ,2024-07-05T09:37:19.000Z,washer,18
00006CZ,2024-07-04T08:26:06.000Z,washer,8
00006CZ,2024-07-03T12:16:07.000Z,washer,18
00006CZ,2024-07-03T08:34:09.000Z,washer,18
00006CZ,2024-07-03T04:59:21.000Z,washer,18
00006CZ,2024-07-02T16:04:27.000Z,washer,18
00006CZ,2024-07-01T15:16:12.000Z,washer,18
00006CZ,2024-07-01T12:51:12.000Z,washer,18
00006CZ,2024-07-01T12:42:02.000Z,washer,18
00006CZ,2024-07-01T12:41:22.000Z,washer,8
00006CZ,2024-06-30T17:31:19.000Z,washer,18
00006CZ,2024-06-30T17:29:44.000Z,washer,8
00006CZ,2024-06-30T13:47:32.000Z,washer,18
00006CZ,2024-06-30T08:54:59.000Z,washer,18
00006CZ,2024-06-29T13:03:22.000Z,washer,18
00006CZ,2024-06-29T12:11:44.000Z,washer,18
00006CZ,2024-06-29T09:29:27.000Z,washer,18
00006CZ,2024-06-28T08:30:22.000Z,washer,8
00006CZ,2024-06-28T07:47:29.000Z,washer,8
00006CZ,2024-06-28T06:20:01.000Z,washer,18
00006CZ,2024-06-27T16:00:45.000Z,washer,18
00006CZ,2024-06-25T17:51:03.000Z,washer,18
00006CZ,2024-06-25T17:04:39.000Z,washer,18
00006CZ,2024-06-24T12:13:29.000Z,washer,18
00006CZ,2024-06-23T18:00:06.000Z,washer,18
00006CZ,2024-06-23T17:52:55.000Z,washer,8
00006CZ,2024-06-23T17:16:47.000Z,washer,18
00006CZ,2024-06-23T16:53:46.000Z,washer,8
00006CZ,2024-06-23T13:21:42.000Z,washer,8
00006CZ,2024-06-23T13:20:46.000Z,washer,18
00006CZ,2024-06-23T12:10:11.000Z,washer,18
00006CZ,2024-06-23T11:30:05.000Z,washer,18
00006CZ,2024-06-23T09:51:48.000Z,washer,8
00006CZ,2024-06-23T09:12:15.000Z,washer,8
00006CZ,2024-06-22T17:01:05.000Z,washer,8
00006CZ,2024-06-22T16:03:42.000Z,washer,18
00006CZ,2024-06-22T12:33:36.000Z,washer,18
00006CZ,2024-06-21T17:27:08.000Z,washer,8
00006CZ,2024-06-21T17:00:28.000Z,washer,18
00006CZ,2024-06-21T16:42:09.000Z,washer,8
00006CZ,2024-06-21T15:57:03.000Z,washer,18
00006CZ,2024-06-21T10:44:56.000Z,washer,18
00006CZ,2024-06-21T08:53:06.000Z,washer,18
00006CZ,2024-06-20T08:08:32.000Z,washer,18
00006CZ,2024-06-19T16:53:36.000Z,washer,8
00006CZ,2024-06-18T17:30:26.000Z,washer,18
00006CZ,2024-06-18T10:12:26.000Z,washer,18
00006CZ,2024-06-18T09:52:18.000Z,washer,8
00006CZ,2024-06-18T09:23:54.000Z,washer,18
00006CZ,2024-06-18T08:50:20.000Z,washer,8
00006CZ,2024-06-17T18:44:32.000Z,washer,18
00006CZ,2024-06-17T18:42:48.000Z,washer,8
00006CZ,2024-06-16T20:07:49.000Z,washer,18
00006CZ,2024-06-16T19:23:45.000Z,washer,18
00006CZ,2024-06-16T14:18:59.000Z,washer,18
00006CZ,2024-06-16T13:12:46.000Z,washer,18
00006CZ,2024-06-16T12:02:21.000Z,washer,8
00006CZ,2024-06-15T14:51:47.000Z,washer,18
00006CZ,2024-06-15T12:59:30.000Z,washer,18
00006CZ,2024-06-15T12:14:06.000Z,washer,18
00006CZ,2024-06-15T12:03:14.000Z,washer,18
00006CZ,2024-06-15T11:17:56.000Z,washer,18
00006CZ,2024-06-15T10:36:25.000Z,washer,18
00006CZ,2024-06-15T09:22:26.000Z,washer,8
00006CZ,2024-06-14T18:03:06.000Z,washer,18
00006CZ,2024-06-14T15:29:03.000Z,washer,8
00006CZ,2024-06-14T08:58:03.000Z,washer,18
00006CZ,2024-06-14T08:17:49.000Z,washer,8
00006CZ,2024-06-14T08:14:50.000Z,washer,18
00006CZ,2024-06-11T19:06:47.000Z,washer,18
00006CZ,2024-06-11T12:37:33.000Z,washer,18
00006CZ,2024-06-11T11:56:29.000Z,washer,18
00006CZ,2024-06-11T10:46:04.000Z,washer,18
00006CZ,2024-06-11T09:48:06.000Z,washer,8
00006CZ,2024-06-11T09:05:29.000Z,washer,8
00006CZ,2024-06-11T09:04:46.000Z,washer,18
00006CZ,2024-06-10T20:45:34.000Z,washer,18
00006CZ,2024-06-09T16:31:14.000Z,washer,18
00006CZ,2024-06-08T16:44:02.000Z,washer,18
00006CZ,2024-06-08T16:32:33.000Z,washer,18
00006CZ,2024-06-08T10:57:02.000Z,washer,8
00006CZ,2024-06-08T06:16:37.000Z,washer,8
00006CZ,2024-06-07T18:31:21.000Z,washer,18
00006CZ,2024-06-07T12:52:47.000Z,washer,18
00006CZ,2024-06-07T11:09:34.000Z,washer,8
00006CZ,2024-06-06T17:09:13.000Z,washer,18
00006CZ,2024-06-06T13:35:32.000Z,washer,18
00006CZ,2024-06-05T17:57:50.000Z,washer,8
00006CZ,2024-06-04T17:06:59.000Z,washer,18
00006CZ,2024-06-03T18:44:09.000Z,washer,18
00006CZ,2024-06-03T16:15:18.000Z,washer,8
00006CZ,2024-06-02T14:27:05.000Z,washer,18
00006CZ,2024-06-02T11:25:03.000Z,washer,8
00006CZ,2024-06-01T19:09:20.000Z,washer,8
00006CZ,2024-06-01T11:10:44.000Z,washer,18
00006CZ,2024-06-01T09:16:53.000Z,washer,18
00006CZ,2024-05-31T14:17:01.000Z,washer,18
00006CZ,2024-05-31T13:36:02.000Z,washer,8
00006CZ,2024-05-31T12:16:33.000Z,washer,8
00006CZ,2024-05-31T12:12:50.000Z,washer,18
00006CZ,2024-05-30T20:14:16.000Z,washer,18
00006CZ,2024-05-30T16:18:24.000Z,washer,8
00006CZ,2024-05-30T13:11:07.000Z,washer,8
00006CZ,2024-05-30T12:19:51.000Z,washer,18
00006CZ,2024-05-30T11:00:02.000Z,washer,8
00006CZ,2024-05-30T09:19:23.000Z,washer,8
00006CZ,2024-05-30T09:13:55.000Z,washer,18
00006CZ,2024-05-29T18:46:20.000Z,washer,18
00006CZ,2024-05-29T17:02:23.000Z,washer,8
00006CZ,2024-05-29T12:33:28.000Z,washer,18
00006CZ,2024-05-28T16:13:16.000Z,washer,18
00006CZ,2024-05-27T11:57:12.000Z,washer,18
00006CZ,2024-05-27T09:23:04.000Z,washer,8
00006CZ,2024-05-27T08:47:48.000Z,washer,8
00006CZ,2024-05-27T08:08:02.000Z,washer,8
00006CZ,2024-05-27T08:05:57.000Z,washer,18
00006CZ,2024-05-25T09:28:19.000Z,washer,18
00006CZ,2024-05-24T12:42:42.000Z,washer,18
00006CZ,2024-05-24T10:31:57.000Z,washer,8
00006CZ,2024-05-23T14:07:18.000Z,washer,18
00006CZ,2024-05-23T11:40:37.000Z,washer,8
00006CZ,2024-05-21T14:55:00.000Z,washer,18
00006CZ,2024-05-21T14:12:37.000Z,washer,18
00006CZ,2024-05-20T07:53:09.000Z,washer,8
00006CZ,2024-05-19T14:12:51.000Z,washer,8
00006CZ,2024-05-18T09:39:51.000Z,washer,18
00006CZ,2024-05-17T15:57:01.000Z,washer,8
00006CZ,2024-05-17T08:23:38.000Z,washer,18
00006CZ,2024-05-16T11:10:53.000Z,washer,8
00006CZ,2024-05-16T09:46:12.000Z,washer,18
00006CZ,2024-05-16T08:49:04.000Z,washer,18
00006CZ,2024-05-15T19:05:51.000Z,washer,8
00006CZ,2024-05-15T11:41:55.000Z,washer,18
00006CZ,2024-05-14T18:23:31.000Z,washer,8
00006CZ,2024-05-14T18:17:34.000Z,washer,18
00006CZ,2024-05-14T18:06:17.000Z,washer,18
00006CZ,2024-05-14T14:43:25.000Z,washer,18
00006CZ,2024-05-14T07:50:36.000Z,washer,18
00006CZ,2024-05-12T16:31:33.000Z,washer,18
00006CZ,2024-05-12T10:27:37.000Z,washer,18
00006CZ,2024-05-12T10:26:21.000Z,washer,8
00006CZ,2024-05-11T16:00:48.000Z,washer,18
00006CZ,2024-05-11T09:39:54.000Z,washer,8
00006CZ,2024-05-11T09:27:56.000Z,washer,18
00006CZ,2024-05-10T16:42:54.000Z,washer,18
00006CZ,2024-05-10T15:11:06.000Z,washer,18
00006CZ,2024-05-09T13:39:27.000Z,washer,18
00006CZ,2024-05-08T05:50:14.000Z,washer,8
00006CZ,2024-05-07T16:29:21.000Z,washer,18
00006CZ,2024-05-07T15:27:10.000Z,washer,18
00006CZ,2024-05-07T10:58:19.000Z,washer,18
00006CZ,2024-05-06T15:46:44.000Z,washer,18
00006CZ,2024-05-05T18:50:28.000Z,washer,18
00006CZ,2024-05-05T14:49:24.000Z,washer,18
00006CZ,2024-05-05T12:54:23.000Z,washer,18
00006CZ,2024-05-05T09:31:13.000Z,washer,18
00006CZ,2024-05-05T07:44:41.000Z,washer,18
00006CZ,2024-05-04T16:28:06.000Z,washer,8
00006CZ,2024-05-04T15:47:28.000Z,washer,8
00006CZ,2024-05-03T16:35:32.000Z,washer,18
00006CZ,2024-05-02T23:56:10.000Z,washer,18
00006CZ,2024-05-02T23:03:25.000Z,washer,18
00006CZ,2024-05-02T21:22:47.000Z,washer,8
00006CZ,2024-05-02T14:12:38.000Z,washer,18
00006CZ,2024-05-02T11:04:23.000Z,washer,8
00006CZ,2024-05-02T11:02:53.000Z,washer,18
00006CZ,2024-05-02T07:54:16.000Z,washer,8
00006CZ,2024-05-01T11:19:43.000Z,washer,18
00006CZ,2024-04-30T20:51:59.000Z,washer,8
00006CZ,2024-04-30T08:45:12.000Z,washer,18
00006CZ,2024-04-30T07:47:25.000Z,washer,18
00006CZ,2024-04-29T17:36:03.000Z,washer,18
00006CZ,2024-04-29T15:58:00.000Z,washer,18
00006CZ,2024-04-29T11:43:37.000Z,washer,18
00006CZ,2024-04-28T08:23:53.000Z,washer,18
00006CZ,2024-04-27T11:30:01.000Z,washer,18
00006CZ,2024-04-27T09:58:38.000Z,washer,18
00006CZ,2024-04-27T09:09:48.000Z,washer,18
00006CZ,2024-04-27T09:08:14.000Z,washer,8
00006CZ,2024-04-26T11:45:55.000Z,washer,8
00006CZ,2024-04-26T11:06:04.000Z,washer,8
00006CZ,2024-04-26T11:05:01.000Z,washer,18
00006CZ,2024-04-25T15:39:04.000Z,washer,18
00006CZ,2024-04-25T15:30:16.000Z,washer,18
00006CZ,2024-04-25T07:15:56.000Z,washer,18
00006CZ,2024-04-23T06:20:18.000Z,washer,8
00006CZ,2024-04-22T20:01:26.000Z,washer,18
00006CZ,2024-04-22T20:00:48.000Z,washer,8
00006CZ,2024-04-22T19:06:39.000Z,washer,18
00006CZ,2024-04-20T17:16:39.000Z,washer,8
00006CZ,2024-04-20T17:12:34.000Z,washer,18
00006CZ,2024-04-18T15:39:17.000Z,washer,8
00006CZ,2024-04-18T15:38:00.000Z,washer,18
00006CZ,2024-04-18T12:52:30.000Z,washer,8
00006CZ,2024-04-18T12:51:31.000Z,washer,18
00006CZ,2024-04-18T09:20:26.000Z,washer,18
00006CZ,2024-04-17T18:18:58.000Z,washer,8
00006CZ,2024-04-16T15:53:42.000Z,washer,18
00006CZ,2024-04-15T09:39:05.000Z,washer,8
00006CZ,2024-04-15T09:01:12.000Z,washer,8
00006CZ,2024-04-15T08:59:55.000Z,washer,18
00006CZ,2024-04-14T20:34:24.000Z,washer,18
00006CZ,2024-04-14T19:46:49.000Z,washer,18
00006CZ,2024-04-14T15:59:57.000Z,washer,8
00006CZ,2024-04-14T15:58:11.000Z,washer,18
00006CZ,2024-04-14T10:51:57.000Z,washer,18
00006CZ,2024-04-14T07:46:40.000Z,washer,18
00006CZ,2024-04-13T09:26:23.000Z,washer,8
00006CZ,2024-04-12T06:16:59.000Z,washer,18
00006CZ,2024-04-10T16:57:54.000Z,washer,18
00006CZ,2024-04-10T11:10:30.000Z,washer,8
00006CZ,2024-04-09T17:55:35.000Z,washer,8
00006CZ,2024-04-08T15:03:01.000Z,washer,18
00006CZ,2024-04-08T09:41:56.000Z,washer,18
00006CZ,2024-04-07T08:13:33.000Z,washer,18
00006CZ,2024-04-07T06:26:36.000Z,washer,18
00006CZ,2024-04-06T13:25:53.000Z,washer,18
00006CZ,2024-04-06T11:22:35.000Z,washer,18
00006CZ,2024-04-06T08:02:17.000Z,washer,8
00006CZ,2024-04-05T19:40:21.000Z,washer,18
00006CZ,2024-04-05T14:35:42.000Z,washer,8
00006CZ,2024-04-05T14:23:09.000Z,washer,18
00006CZ,2024-04-05T13:59:18.000Z,washer,8
00006CZ,2024-04-04T16:40:26.000Z,washer,18
00006CZ,2024-03-31T15:15:28.000Z,washer,8
00006CZ,2024-03-30T13:50:32.000Z,washer,18
00006CZ,2024-03-30T13:41:00.000Z,washer,18
00006CZ,2024-03-30T10:46:54.000Z,washer,18
00006CZ,2024-03-30T09:40:15.000Z,washer,18
00006CZ,2024-03-30T09:02:44.000Z,washer,8
00006CZ,2024-03-30T07:58:32.000Z,washer,18
00006CZ,2024-03-28T15:52:03.000Z,washer,18
00006CZ,2024-03-28T09:27:55.000Z,washer,8
00006CZ,2024-03-27T19:43:23.000Z,washer,18
00006CZ,2024-03-27T19:42:35.000Z,washer,8
00006CZ,2024-03-27T10:38:23.000Z,washer,18
00006CZ,2024-03-25T12:10:55.000Z,washer,8
00006CZ,2024-03-25T06:23:33.000Z,washer,8
00006CZ,2024-03-24T15:47:46.000Z,washer,18
00006CZ,2024-03-24T07:14:10.000Z,washer,18
00006CZ,2024-03-23T18:11:41.000Z,washer,18
00006CZ,2024-03-23T17:23:53.000Z,washer,18
00006CZ,2024-03-23T11:07:28.000Z,washer,8
00006CZ,2024-03-22T19:41:00.000Z,washer,18
00006CZ,2024-03-22T18:07:11.000Z,washer,8
00006CZ,2024-03-22T17:34:20.000Z,washer,18
00006CZ,2024-03-19T13:54:56.000Z,washer,18
00006CZ,2024-03-19T09:59:49.000Z,washer,8
00006CZ,2024-03-18T14:37:18.000Z,washer,18
00006CZ,2024-03-18T12:43:24.000Z,washer,18
00006CZ,2024-03-17T18:28:29.000Z,washer,18
00006CZ,2024-03-17T17:32:18.000Z,washer,18
00006CZ,2024-03-17T10:36:04.000Z,washer,18
00006CZ,2024-03-17T09:32:48.000Z,washer,18
00006CZ,2024-03-17T09:21:24.000Z,washer,8
00006CZ,2024-03-17T07:56:44.000Z,washer,18
00006CZ,2024-03-16T15:24:06.000Z,washer,18
00006CZ,2024-03-16T14:32:06.000Z,washer,18
00006CZ,2024-03-16T09:59:50.000Z,washer,18
00006CZ,2024-03-16T07:10:30.000Z,washer,8
00006CZ,2024-03-14T15:06:01.000Z,washer,18
00006CZ,2024-03-14T15:04:22.000Z,washer,8
00006CZ,2024-03-14T08:11:51.000Z,washer,18
00006CZ,2024-03-13T14:45:09.000Z,washer,18
00006CZ,2024-03-13T09:31:21.000Z,washer,18
00006CZ,2024-03-12T11:41:58.000Z,washer,18
00006CZ,2024-03-11T11:38:11.000Z,washer,18
00006CZ,2024-03-09T17:07:27.000Z,washer,8
00006CZ,2024-03-09T15:27:44.000Z,washer,8
00006CZ,2024-03-09T11:14:44.000Z,washer,18
00006CZ,2024-03-09T10:36:47.000Z,washer,8
00006CZ,2024-03-08T15:22:38.000Z,washer,18
00006CZ,2024-03-08T11:36:50.000Z,washer,8
00006CZ,2024-03-08T09:31:43.000Z,washer,18
00006CZ,2024-03-08T09:31:00.000Z,washer,8
00006CZ,2024-03-08T08:42:10.000Z,washer,8
00006CZ,2024-03-08T08:40:57.000Z,washer,18
00006CZ,2024-03-07T10:53:13.000Z,washer,18
00006CZ,2024-03-05T16:40:10.000Z,washer,18
00006CZ,2024-03-03T14:36:02.000Z,washer,8
00006CZ,2024-03-02T16:46:50.000Z,washer,18
00006CZ,2024-03-02T15:37:23.000Z,washer,18
00006CZ,2024-03-02T14:16:05.000Z,washer,8
00006CZ,2024-03-02T12:47:33.000Z,washer,8
00006CZ,2024-03-01T16:29:22.000Z,washer,18
00006CZ,2024-02-27T07:27:00.000Z,washer,18
00006CZ,2024-02-26T15:29:24.000Z,washer,8
00006CZ,2024-02-26T13:16:53.000Z,washer,8
00006CZ,2024-02-25T15:15:19.000Z,washer,18
00006CZ,2024-02-25T12:20:11.000Z,washer,8
00006CZ,2024-02-25T11:57:22.000Z,washer,18
00006CZ,2024-02-25T09:26:51.000Z,washer,8
00006CZ,2024-02-25T08:45:42.000Z,washer,8
00006CZ,2024-02-24T10:05:26.000Z,washer,8
00006CZ,2024-02-24T09:00:44.000Z,washer,8
00006CZ,2024-02-24T08:59:54.000Z,washer,18
00006CZ,2024-02-24T06:53:44.000Z,washer,8
00006CZ,2024-02-23T17:28:25.000Z,washer,8
00006CZ,2024-02-23T16:27:53.000Z,washer,18
00006CZ,2024-02-23T15:11:58.000Z,washer,18
00006CZ,2024-02-23T09:29:49.000Z,washer,8
00006CZ,2024-02-23T09:28:52.000Z,washer,18
00006CZ,2024-02-22T16:13:05.000Z,washer,8
00006CZ,2024-02-22T14:14:23.000Z,washer,8
00006CZ,2024-02-22T14:13:48.000Z,washer,18
00006CZ,2024-02-21T09:46:29.000Z,washer,8
00006CZ,2024-02-20T15:20:45.000Z,washer,18
00006CZ,2024-02-19T14:45:51.000Z,washer,8
00006CZ,2024-02-18T13:36:14.000Z,washer,8
00006CZ,2024-02-18T07:51:47.000Z,washer,18
00006CZ,2024-02-18T06:51:01.000Z,washer,18
00006CZ,2024-02-17T16:12:02.000Z,washer,18
00006CZ,2024-02-17T14:13:41.000Z,washer,8
00006CZ,2024-02-17T12:25:01.000Z,washer,18
00006CZ,2024-02-17T08:57:12.000Z,washer,8
00006CZ,2024-02-16T13:35:05.000Z,washer,8
00006CZ,2024-02-16T09:59:14.000Z,washer,8
00006CZ,2024-02-16T07:22:14.000Z,washer,18
00006CZ,2024-02-15T14:35:47.000Z,washer,18
00006CZ,2024-02-15T14:33:58.000Z,washer,8
00006CZ,2024-02-15T11:54:25.000Z,washer,18
00006CZ,2024-02-15T10:51:44.000Z,washer,8
00006CZ,2024-02-15T10:44:17.000Z,washer,8
00006CZ,2024-02-15T10:43:11.000Z,washer,18
00006CZ,2024-02-14T10:46:47.000Z,washer,8
00006CZ,2024-02-13T14:36:22.000Z,washer,18
00006CZ,2024-02-13T12:15:10.000Z,washer,8
00006CZ,2024-02-13T12:06:06.000Z,washer,18
00006CZ,2024-02-13T11:34:16.000Z,washer,8
00006CZ,2024-02-12T18:48:12.000Z,washer,18
00006CZ,2024-02-12T18:47:12.000Z,washer,8
00006CZ,2024-02-11T08:29:29.000Z,washer,18
00006CZ,2024-02-11T08:27:56.000Z,washer,8
00006CZ,2024-02-10T16:52:45.000Z,washer,8
00006CZ,2024-02-10T15:52:57.000Z,washer,18
00006CZ,2024-02-10T11:34:21.000Z,washer,8
00006CZ,2024-02-10T11:27:32.000Z,washer,18
00006CZ,2024-02-10T10:00:57.000Z,washer,8
00006CZ,2024-02-06T12:19:02.000Z,washer,18
00006CZ,2024-02-05T16:08:07.000Z,washer,18
00006CZ,2024-02-05T14:08:50.000Z,washer,8
00006CZ,2024-02-04T17:13:30.000Z,washer,18
00006CZ,2024-02-03T15:05:46.000Z,washer,18
00006CZ,2024-02-03T11:47:39.000Z,washer,18
00006CZ,2024-02-02T19:12:07.000Z,washer,8
00006CZ,2024-02-01T16:55:17.000Z,washer,8
00006CZ,2024-01-30T11:23:29.000Z,washer,8
00006CZ,2024-01-30T11:22:51.000Z,washer,18
00006CZ,2024-01-30T06:29:04.000Z,washer,8
00006CZ,2024-01-28T15:50:26.000Z,washer,18
00006CZ,2024-01-28T15:04:13.000Z,washer,18
00006CZ,2024-01-28T13:40:41.000Z,washer,8
00006CZ,2024-01-25T08:58:47.000Z,washer,8
00006CZ,2024-01-25T08:54:55.000Z,washer,18
00006CZ,2024-01-24T07:00:10.000Z,washer,8
00006CZ,2024-01-21T14:15:11.000Z,washer,8
00006CZ,2024-01-21T13:00:54.000Z,washer,8
00006CZ,2024-01-21T11:18:51.000Z,washer,18
00006CZ,2024-01-21T10:27:11.000Z,washer,18
00006CZ,2024-01-20T18:12:39.000Z,washer,18
00006CZ,2024-01-20T16:32:08.000Z,washer,18
00006CZ,2024-01-20T16:31:32.000Z,washer,8
00006CZ,2024-01-20T15:38:09.000Z,washer,18
00006CZ,2024-01-20T15:37:18.000Z,washer,8
00006CZ,2024-01-19T11:05:44.000Z,washer,18
00006CZ,2024-01-18T17:06:54.000Z,washer,18
00006CZ,2024-01-17T16:48:50.000Z,washer,8
00006CZ,2024-01-17T14:14:28.000Z,washer,18
00006CZ,2024-01-17T13:30:13.000Z,washer,18
00006CZ,2024-01-16T13:25:46.000Z,washer,18
00006CZ,2024-01-16T11:17:27.000Z,washer,8
00006CZ,2024-01-15T12:38:56.000Z,washer,18
00006CZ,2024-01-15T11:14:53.000Z,washer,18
00006CZ,2024-01-14T19:27:33.000Z,washer,18
00006CZ,2024-01-14T17:10:08.000Z,washer,18
00006CZ,2024-01-14T13:29:09.000Z,washer,18
00006CZ,2024-01-14T13:28:22.000Z,washer,8
00006CZ,2024-01-14T10:42:09.000Z,washer,8
00006CZ,2024-01-13T10:48:37.000Z,washer,18
00006CZ,2024-01-13T10:29:05.000Z,washer,8
00006CZ,2024-01-13T09:49:55.000Z,washer,18
00006CZ,2024-01-13T09:39:07.000Z,washer,8
00006CZ,2024-01-12T18:30:28.000Z,washer,8
00006CZ,2024-01-11T13:50:59.000Z,washer,18
00006CZ,2024-01-11T07:53:29.000Z,washer,8
00006CZ,2024-01-10T15:44:51.000Z,washer,8
00006CZ,2024-01-08T16:14:24.000Z,washer,18
00006CZ,2024-01-07T14:26:53.000Z,washer,8
00006CZ,2024-01-06T10:04:24.000Z,washer,8
00006CZ,2024-01-05T14:41:21.000Z,washer,18
00006CZ,2024-01-04T14:38:04.000Z,washer,8
00006CZ,2024-01-03T14:13:57.000Z,washer,18
00006CZ,2024-01-02T16:24:47.000Z,washer,18
00006CZ,2024-01-02T14:23:19.000Z,washer,18
00006CZ,2024-01-01T16:24:50.000Z,washer,18
00006CZ,2023-12-30T11:02:40.000Z,washer,8
00006CZ,2023-12-30T11:01:46.000Z,washer,18
00006CZ,2023-12-29T12:17:19.000Z,washer,18
00006CZ,2023-12-29T10:45:24.000Z,washer,8
00006CZ,2023-12-27T13:32:38.000Z,washer,18
00006CZ,2023-12-26T10:48:09.000Z,washer,8
00006CZ,2023-12-26T09:50:07.000Z,washer,8
00006CZ,2023-12-24T03:38:41.000Z,washer,18
00006CZ,2023-12-23T17:24:44.000Z,washer,18
00006CZ,2023-12-23T15:15:42.000Z,washer,8
00006CZ,2023-12-23T15:02:12.000Z,washer,18
00006CZ,2023-12-23T14:11:20.000Z,washer,18
00006CZ,2023-12-22T11:47:55.000Z,washer,18
00006CZ,2023-12-22T07:09:01.000Z,washer,18
00006CZ,2023-12-22T06:07:12.000Z,washer,8
00006CZ,2023-12-21T15:55:10.000Z,washer,8
00006CZ,2023-12-21T14:09:49.000Z,washer,18
00006CZ,2023-12-21T12:35:24.000Z,washer,8
00006CZ,2023-12-21T12:34:46.000Z,washer,18
00006CZ,2023-12-21T09:33:54.000Z,washer,18
00006CZ,2023-12-21T08:08:59.000Z,washer,18
00006CZ,2023-12-20T12:42:02.000Z,washer,18
00006CZ,2023-12-19T14:16:45.000Z,washer,18
00006CZ,2023-12-19T10:33:06.000Z,washer,18
00006CZ,2023-12-19T08:53:39.000Z,washer,18
00006CZ,2023-12-19T08:10:58.000Z,washer,8
00006CZ,2023-12-19T08:08:46.000Z,washer,18
00006CZ,2023-12-18T16:12:03.000Z,washer,18
00006CZ,2023-12-17T14:24:52.000Z,washer,18
00006CZ,2023-12-17T09:04:37.000Z,washer,8
00006CZ,2023-12-16T17:10:15.000Z,washer,18
00006CZ,2023-12-16T17:07:49.000Z,washer,18
00006CZ,2023-12-16T16:39:18.000Z,washer,8
00006CZ,2023-12-16T16:21:26.000Z,washer,18
00006CZ,2023-12-16T15:14:39.000Z,washer,8
00006CZ,2023-12-16T15:12:09.000Z,washer,18
00006CZ,2023-12-16T11:17:40.000Z,washer,18
00006CZ,2023-12-16T10:22:23.000Z,washer,18
00006CZ,2023-12-16T09:32:12.000Z,washer,18
00006CZ,2023-12-15T14:44:26.000Z,washer,8
00006CZ,2023-12-15T13:55:32.000Z,washer,18
00006CZ,2023-12-14T18:46:33.000Z,washer,8
00006CZ,2023-12-14T14:18:13.000Z,washer,18
00006CZ,2023-12-14T11:05:30.000Z,washer,18
00006CZ,2023-12-13T12:56:19.000Z,washer,18
00006CZ,2023-12-12T13:59:34.000Z,washer,8
00006CZ,2023-12-12T13:56:21.000Z,washer,18
00006CZ,2023-12-12T06:45:09.000Z,washer,8
00006CZ,2023-12-11T15:25:35.000Z,washer,18
00006CZ,2023-12-10T07:04:36.000Z,washer,8
00006CZ,2023-12-10T06:58:12.000Z,washer,18
00006CZ,2023-12-09T14:33:25.000Z,washer,18
00006CZ,2023-12-09T14:32:37.000Z,washer,8
00006CZ,2023-12-05T18:41:26.000Z,washer,8
00006CZ,2023-12-04T12:16:11.000Z,washer,8
00006CZ,2023-12-03T12:19:44.000Z,washer,18
00006CZ,2023-12-01T12:05:53.000Z,washer,18
00006CZ,2023-12-01T10:35:38.000Z,washer,18
00006CZ,2023-11-30T07:51:31.000Z,washer,8
00006CZ,2023-11-30T07:49:36.000Z,washer,18
00006CZ,2023-11-28T09:38:18.000Z,washer,18
00006CZ,2023-11-27T13:08:06.000Z,washer,18
00006CZ,2023-11-26T20:04:34.000Z,washer,8
00006CZ,2023-11-26T09:29:37.000Z,washer,8
00006CZ,2023-11-25T13:03:40.000Z,washer,18
00006CZ,2023-11-25T09:47:44.000Z,washer,8
00006CZ,2023-11-24T14:32:48.000Z,washer,18
00006CZ,2023-11-24T11:29:32.000Z,washer,8
00006CZ,2023-11-24T10:19:32.000Z,washer,8
00006CZ,2023-11-23T15:30:15.000Z,washer,18
00006CZ,2023-11-21T16:53:40.000Z,washer,18
00006CZ,2023-11-21T10:31:06.000Z,washer,8
00006CZ,2023-11-20T16:35:18.000Z,washer,18
00006CZ,2023-11-19T15:07:09.000Z,washer,8
00006CZ,2023-11-19T14:00:02.000Z,washer,18
00006CZ,2023-11-18T15:38:11.000Z,washer,18
00006CZ,2023-11-18T15:05:08.000Z,washer,18
00006CZ,2023-11-18T14:22:10.000Z,washer,18
00006CZ,2023-11-18T10:14:37.000Z,washer,8
00006CZ,2023-11-18T09:52:55.000Z,washer,18
00006CZ,2023-11-17T16:23:29.000Z,washer,18
00006CZ,2023-11-17T12:36:48.000Z,washer,8
00006CZ,2023-11-16T16:11:29.000Z,washer,8
00006CZ,2023-11-15T11:50:16.000Z,washer,18
00006CZ,2023-11-15T09:55:44.000Z,washer,18
00006CZ,2023-11-14T20:52:26.000Z,washer,8
00006CZ,2023-11-13T09:42:36.000Z,washer,18
00006CZ,2023-11-12T16:59:49.000Z,washer,18
00006CZ,2023-11-12T16:17:40.000Z,washer,18
00006CZ,2023-11-12T10:40:04.000Z,washer,18
00006CZ,2023-11-12T09:52:55.000Z,washer,18
00006CZ,2023-11-11T16:38:22.000Z,washer,18
00006CZ,2023-11-11T13:54:31.000Z,washer,8
00006CZ,2023-11-11T09:22:22.000Z,washer,8
00006CZ,2023-11-09T11:42:58.000Z,washer,8
00006CZ,2023-11-09T09:55:17.000Z,washer,18
00006CZ,2023-11-08T14:50:39.000Z,washer,18
00006CZ,2023-11-06T17:04:38.000Z,washer,18
00006CZ,2023-11-06T12:30:55.000Z,washer,8
00006CZ,2023-11-05T17:25:03.000Z,washer,18
00006CZ,2023-11-05T16:37:21.000Z,washer,18
00006CZ,2023-11-05T14:05:03.000Z,washer,18
00006CZ,2023-11-05T13:17:05.000Z,washer,18
00006CZ,2023-11-05T13:08:26.000Z,washer,18
00006CZ,2023-11-05T13:00:44.000Z,washer,8
00006CZ,2023-11-05T12:53:11.000Z,washer,8
00006CZ,2023-11-05T12:24:34.000Z,washer,18
00006CZ,2023-11-05T11:41:02.000Z,washer,18
00006CZ,2023-11-05T11:39:28.000Z,washer,8
00006CZ,2023-11-04T09:27:38.000Z,washer,8
00006CZ,2023-11-04T09:02:53.000Z,washer,18
00006CZ,2023-10-29T21:26:27.000Z,washer,8
00006CZ,2023-10-29T14:06:04.000Z,washer,8
00006CZ,2023-10-29T13:53:57.000Z,washer,18
00006CZ,2023-10-29T08:25:00.000Z,washer,8
00006CZ,2023-10-28T15:10:50.000Z,washer,18
00006CZ,2023-10-27T20:44:37.000Z,washer,18
00006CZ,2023-10-25T10:37:33.000Z,washer,18
00006CZ,2023-10-25T10:32:06.000Z,washer,8
00006CZ,2023-10-23T14:17:49.000Z,washer,8
00006CZ,2023-10-23T07:37:50.000Z,washer,8
00006CZ,2023-10-22T13:08:16.000Z,washer,18
00006CZ,2023-10-22T09:54:23.000Z,washer,18
00006CZ,2023-10-21T17:09:53.000Z,washer,18
00006CZ,2023-10-21T16:22:55.000Z,washer,18
00006CZ,2023-10-21T16:21:26.000Z,washer,8
00006CZ,2023-10-21T12:25:56.000Z,washer,18
00006CZ,2023-10-21T11:40:44.000Z,washer,18
00006CZ,2023-10-21T10:16:44.000Z,washer,18
00006CZ,2023-10-20T14:11:02.000Z,washer,18
00006CZ,2023-10-20T13:22:30.000Z,washer,18
00006CZ,2023-10-20T12:02:28.000Z,washer,18
00006CZ,2023-10-20T11:20:27.000Z,washer,18
00006CZ,2023-10-20T09:55:52.000Z,washer,18
00006CZ,2023-10-17T15:31:46.000Z,washer,18
00006CZ,2023-10-17T09:37:18.000Z,washer,18
00006CZ,2023-10-17T08:23:45.000Z,washer,8
00006CZ,2023-10-16T18:12:37.000Z,washer,18
00006CZ,2023-10-16T15:20:55.000Z,washer,18
00006CZ,2023-10-16T12:27:57.000Z,washer,18
00006CZ,2023-10-15T14:17:13.000Z,washer,18
00006CZ,2023-10-15T08:42:37.000Z,washer,18
00006CZ,2023-10-14T13:59:44.000Z,washer,8
00006CZ,2023-10-14T13:57:51.000Z,washer,18
00006CZ,2023-10-14T12:18:12.000Z,washer,18
00006CZ,2023-10-14T11:28:24.000Z,washer,8
00006CZ,2023-10-13T13:02:56.000Z,washer,18
00006CZ,2023-10-13T12:53:02.000Z,washer,18
00006CZ,2023-10-13T11:40:22.000Z,washer,18
00006CZ,2023-10-13T10:03:14.000Z,washer,18
00006CZ,2023-10-13T09:07:24.000Z,washer,18
00006CZ,2023-10-12T13:44:59.000Z,washer,18
00006CZ,2023-10-12T13:44:06.000Z,washer,8
00006CZ,2023-10-12T10:59:27.000Z,washer,18
00006CZ,2023-10-12T09:08:23.000Z,washer,8
00006CZ,2023-10-11T12:18:46.000Z,washer,18
00006CZ,2023-10-10T17:09:59.000Z,washer,18
00006CZ,2023-10-10T16:13:24.000Z,washer,18
00006CZ,2023-10-08T14:56:55.000Z,washer,8
00006CZ,2023-10-08T09:25:46.000Z,washer,8
00006CZ,2023-10-07T09:32:00.000Z,washer,8
00006CZ,2023-10-07T08:52:06.000Z,washer,18
00006CZ,2023-10-06T18:19:27.000Z,washer,18
00006CZ,2023-10-06T18:18:03.000Z,washer,8
00006CZ,2023-10-04T19:22:51.000Z,washer,8
00006CZ,2023-10-04T17:14:57.000Z,washer,8
00006CZ,2023-10-04T16:25:10.000Z,washer,8
00006CZ,2023-10-04T14:08:46.000Z,washer,18
00006CZ,2023-10-04T07:57:22.000Z,washer,8
00006CZ,2023-10-03T13:01:15.000Z,washer,8
00006CZ,2023-10-02T09:01:15.000Z,washer,18
00006CZ,2023-10-01T17:00:28.000Z,washer,18
00006CZ,2023-10-01T12:21:03.000Z,washer,18
00006CZ,2023-10-01T09:16:56.000Z,washer,8
00006CZ,2023-10-01T09:06:11.000Z,washer,8
00006CZ,2023-09-30T08:44:37.000Z,washer,18
00006CZ,2023-09-29T11:43:37.000Z,washer,18
00006CZ,2023-09-29T11:42:33.000Z,washer,8
00006CZ,2023-09-28T15:54:33.000Z,washer,8
00006CZ,2023-09-28T15:53:22.000Z,washer,18
00006CZ,2023-09-28T13:23:48.000Z,washer,8
00006CZ,2023-09-28T09:33:31.000Z,washer,18
00006CZ,2023-09-27T17:04:20.000Z,washer,8
00006CZ,2023-09-27T16:03:22.000Z,washer,18
00006CZ,2023-09-27T11:39:32.000Z,washer,18
00006CZ,2023-09-27T07:55:15.000Z,washer,18
00006CZ,2023-09-27T07:54:32.000Z,washer,8
00006CZ,2023-09-26T14:07:36.000Z,washer,8
00006CZ,2023-09-26T10:28:28.000Z,washer,18
00006CZ,2023-09-26T08:27:41.000Z,washer,18
00006CZ,2023-09-25T16:21:06.000Z,washer,8
00006CZ,2023-09-25T11:30:37.000Z,washer,8
00006CZ,2023-09-25T11:29:11.000Z,washer,8
00006CZ,2023-09-25T11:27:37.000Z,washer,8
00006CZ,2023-09-25T09:09:45.000Z,washer,18
00006CZ,2023-09-24T22:06:25.000Z,washer,8
00006CZ,2023-09-24T17:29:55.000Z,washer,18
00006CZ,2023-09-24T17:29:11.000Z,washer,8
00006CZ,2023-09-24T08:36:19.000Z,washer,8
00006CZ,2023-09-23T12:58:39.000Z,washer,18
00006CZ,2023-09-23T10:14:06.000Z,washer,8
00006CZ,2023-09-23T09:15:41.000Z,washer,8
00006CZ,2023-09-22T12:36:43.000Z,washer,18
00006CZ,2023-09-22T12:25:25.000Z,washer,18
00006CZ,2023-09-22T11:22:56.000Z,washer,18
00006CZ,2023-09-20T16:13:54.000Z,washer,8
00006CZ,2023-09-19T10:00:32.000Z,washer,18
00006CZ,2023-09-16T11:12:35.000Z,washer,18
00006CZ,2023-09-15T20:37:57.000Z,washer,8
00006CZ,2023-09-15T17:20:31.000Z,washer,18
00006CZ,2023-09-15T12:44:40.000Z,washer,18
00006CZ,2023-09-15T11:57:35.000Z,washer,18
00006CZ,2023-09-15T11:56:47.000Z,washer,8
00006CZ,2023-09-15T09:00:38.000Z,washer,18
00006CZ,2023-09-15T08:19:14.000Z,washer,18
00006CZ,2023-09-14T10:47:09.000Z,washer,18
00006CZ,2023-09-13T13:57:34.000Z,washer,18
00006CZ,2023-09-13T09:57:42.000Z,washer,18
00006CZ,2023-09-12T14:22:47.000Z,washer,18
00006CZ,2023-09-11T13:25:54.000Z,washer,18
00006CZ,2023-09-11T09:34:48.000Z,washer,18
00006CZ,2023-09-10T16:38:52.000Z,washer,18
00006CZ,2023-09-10T13:50:30.000Z,washer,8
00006CZ,2023-09-10T13:48:48.000Z,washer,18
00006CZ,2023-09-10T11:25:11.000Z,washer,18
00006CZ,2023-09-10T08:58:09.000Z,washer,18
00006CZ,2023-09-09T18:48:54.000Z,washer,18
00006CZ,2023-09-09T12:43:24.000Z,washer,8
00006CZ,2023-09-09T09:10:49.000Z,washer,18
00006CZ,2023-09-09T08:21:23.000Z,washer,18
00006CZ,2023-09-09T08:06:42.000Z,washer,8
00006CZ,2023-09-08T14:50:51.000Z,washer,18
00006CZ,2023-09-07T07:56:22.000Z,washer,18
00006CZ,2023-09-06T16:33:02.000Z,washer,18
00006CZ,2023-09-06T08:33:27.000Z,washer,18
00006CZ,2023-09-04T12:28:43.000Z,washer,8
00006CZ,2023-09-04T12:27:53.000Z,washer,18
00006CZ,2023-09-04T10:58:52.000Z,washer,8
00006CZ,2023-09-04T09:44:26.000Z,washer,18
00006CZ,2023-09-03T19:19:39.000Z,washer,18
00006CZ,2023-09-03T14:08:34.000Z,washer,18
00006CZ,2023-09-03T10:40:53.000Z,washer,8
00006CZ,2023-09-03T09:57:17.000Z,washer,8
00006CZ,2023-09-03T08:59:34.000Z,washer,18
00006CZ,2023-09-02T20:37:12.000Z,washer,8
00006CZ,2023-09-02T20:32:02.000Z,washer,18
00006CZ,2023-09-02T14:28:30.000Z,washer,8
00006CZ,2023-09-01T17:16:17.000Z,washer,18
00006CZ,2023-09-01T15:25:37.000Z,washer,18
00006CZ,2023-09-01T14:18:25.000Z,washer,8
00006CZ,2023-09-01T14:14:06.000Z,washer,18
00006CZ,2023-09-01T08:31:22.000Z,washer,18
00006CZ,2023-09-01T08:24:36.000Z,washer,8
00006CZ,2023-08-31T12:42:44.000Z,washer,18
00006CZ,2023-08-31T11:34:30.000Z,washer,18
00006CZ,2023-08-31T10:36:20.000Z,washer,18
00006CZ,2023-08-31T10:35:28.000Z,washer,8
00006CZ,2023-08-31T10:26:03.000Z,washer,18
00006CZ,2023-08-31T10:25:21.000Z,washer,8
00006CZ,2023-08-30T17:21:25.000Z,washer,8
00006CZ,2023-08-30T17:20:17.000Z,washer,18
00006CZ,2023-08-30T16:35:49.000Z,washer,18
00006CZ,2023-08-30T13:55:53.000Z,washer,18
00006CZ,2023-08-30T11:54:37.000Z,washer,18
00006CZ,2023-08-30T10:00:11.000Z,washer,18
00006CZ,2023-08-29T14:38:07.000Z,washer,18
00006CZ,2023-08-28T13:47:47.000Z,washer,8
00006CZ,2023-08-28T09:27:39.000Z,washer,18
00006CZ,2023-08-27T14:24:57.000Z,washer,18
00006CZ,2023-08-27T11:04:29.000Z,washer,18
00006CZ,2023-08-27T09:25:34.000Z,washer,8
00006CZ,2023-08-26T17:17:44.000Z,washer,18
00006CZ,2023-08-25T11:56:27.000Z,washer,18
00006CZ,2023-08-24T13:40:19.000Z,washer,18
00006CZ,2023-08-23T08:21:34.000Z,washer,18
00006CZ,2023-08-22T17:23:04.000Z,washer,18
00006CZ,2023-08-22T14:34:56.000Z,washer,18
00006CZ,2023-08-22T13:14:17.000Z,washer,18
00006CZ,2023-08-21T08:09:07.000Z,washer,18
00006CZ,2023-08-20T14:43:17.000Z,washer,8
00006CZ,2023-08-20T14:41:01.000Z,washer,18
00006CZ,2023-08-20T13:40:15.000Z,washer,18
00006CZ,2023-08-20T12:37:29.000Z,washer,18
00006CZ,2023-08-20T11:19:18.000Z,washer,8
00006CZ,2023-08-20T10:44:09.000Z,washer,18
00006CZ,2023-08-20T09:46:38.000Z,washer,18
00006CZ,2023-08-20T09:00:39.000Z,washer,18
00006CZ,2023-08-19T14:10:37.000Z,washer,8
00006CZ,2023-08-19T13:51:04.000Z,washer,18
00006CZ,2023-08-19T09:17:56.000Z,washer,8
00006CZ,2023-08-19T00:43:03.000Z,washer,18
00006CZ,2023-08-18T20:07:06.000Z,washer,18
00006CZ,2023-08-18T15:00:00.000Z,washer,18
00006CZ,2023-08-17T09:07:01.000Z,washer,8
00006CZ,2023-08-17T08:41:26.000Z,washer,18
00006CZ,2023-08-16T13:22:40.000Z,washer,18
00006CZ,2023-08-16T08:12:58.000Z,washer,8
00006CZ,2023-08-15T17:56:42.000Z,washer,18
00006CZ,2023-08-15T13:55:49.000Z,washer,18
00006CZ,2023-08-15T13:51:47.000Z,washer,8
00006CZ,2023-08-14T20:28:24.000Z,washer,18
00006CZ,2023-08-14T19:44:26.000Z,washer,18
00006CZ,2023-08-13T16:34:53.000Z,washer,18
00006CZ,2023-08-13T16:33:45.000Z,washer,8
00006CZ,2023-08-13T14:41:34.000Z,washer,18
00006CZ,2023-08-13T14:00:31.000Z,washer,18
00006CZ,2023-08-13T10:24:06.000Z,washer,8
00006CZ,2023-08-13T09:32:20.000Z,washer,8
00006CZ,2023-08-12T12:45:01.000Z,washer,8
00006CZ,2023-08-12T11:00:31.000Z,washer,18
00006CZ,2023-08-12T10:07:54.000Z,washer,18
00006CZ,2023-08-12T10:02:49.000Z,washer,8
00006CZ,2023-08-11T14:15:54.000Z,washer,8
00006CZ,2023-08-11T11:37:01.000Z,washer,18
00006CZ,2023-08-11T08:19:39.000Z,washer,18
00006CZ,2023-08-10T12:00:00.000Z,washer,18
00006CZ,2023-08-10T10:43:45.000Z,washer,8
00006CZ,2023-08-09T16:57:43.000Z,washer,18
00006CZ,2023-08-09T16:11:54.000Z,washer,18
00006CZ,2023-08-09T12:01:45.000Z,washer,8
00006CZ,2023-08-09T06:50:55.000Z,washer,18
00006CZ,2023-08-08T16:36:22.000Z,washer,18
00006CZ,2023-08-08T13:31:28.000Z,washer,18
00006CZ,2023-08-08T13:30:35.000Z,washer,8
00006CZ,2023-08-08T09:35:51.000Z,washer,8
00006CZ,2023-08-07T20:04:28.000Z,washer,8
00006CZ,2023-08-07T16:20:41.000Z,washer,18
00006CZ,2023-08-07T11:52:08.000Z,washer,8
00006CZ,2023-08-06T18:43:57.000Z,washer,18
00006CZ,2023-08-06T13:38:39.000Z,washer,18
00006CZ,2023-08-05T12:03:33.000Z,washer,18
00006CZ,2023-08-05T11:52:44.000Z,washer,8
00006CZ,2023-08-05T10:52:17.000Z,washer,8
00006CZ,2023-08-05T10:09:53.000Z,washer,8
00006CZ,2023-08-05T10:03:16.000Z,washer,18
00006CZ,2023-08-05T10:02:12.000Z,washer,8
00006CZ,2023-08-04T17:22:13.000Z,washer,8
00006CZ,2023-08-04T17:01:03.000Z,washer,18
00006CZ,2023-08-04T09:18:15.000Z,washer,18
00006CZ,2023-08-03T22:28:38.000Z,washer,18
00006CZ,2023-08-03T20:38:59.000Z,washer,8
00006CZ,2023-08-03T12:24:21.000Z,washer,8
00006CZ,2023-08-02T14:43:43.000Z,washer,18
00006CZ,2023-08-02T11:42:23.000Z,washer,8
00006CZ,2023-08-01T18:34:47.000Z,washer,8
00006CZ,2023-08-01T17:53:37.000Z,washer,18
00006CZ,2023-07-31T18:46:45.000Z,washer,18
00006CZ,2023-07-31T17:50:13.000Z,washer,18
00006CZ,2023-07-31T14:59:16.000Z,washer,18
00006CZ,2023-07-31T14:02:10.000Z,washer,18
00006CZ,2023-07-30T10:40:58.000Z,washer,18
00006CZ,2023-07-30T09:41:00.000Z,washer,18
00006CZ,2023-07-30T09:07:52.000Z,washer,8
00006CZ,2023-07-29T19:35:59.000Z,washer,8
00006CZ,2023-07-28T15:26:32.000Z,washer,8
00006CZ,2023-07-27T16:16:00.000Z,washer,18
00006CZ,2023-07-27T16:14:40.000Z,washer,8
00006CZ,2023-07-25T12:32:57.000Z,washer,18
00006CZ,2023-07-23T16:36:44.000Z,washer,18
00006CZ,2023-07-23T16:32:18.000Z,washer,8
00006CZ,2023-07-23T13:22:21.000Z,washer,8
00006CZ,2023-07-22T19:23:43.000Z,washer,18
00006CZ,2023-07-22T18:56:47.000Z,washer,8
00006CZ,2023-07-22T18:36:49.000Z,washer,18
00006CZ,2023-07-22T10:29:25.000Z,washer,8
00006CZ,2023-07-22T09:28:37.000Z,washer,8
00006CZ,2023-07-21T17:56:24.000Z,washer,18
00006CZ,2023-07-20T16:40:20.000Z,washer,18
00006CZ,2023-07-20T14:33:51.000Z,washer,18
00006CZ,2023-07-20T05:10:25.000Z,washer,18
00006CZ,2023-07-19T13:06:19.000Z,washer,8
00006CZ,2023-07-19T10:13:58.000Z,washer,18
00006CZ,2023-07-18T17:32:26.000Z,washer,18
00006CZ,2023-07-18T13:29:08.000Z,washer,18
00006CZ,2023-07-18T08:03:58.000Z,washer,8
00006CZ,2023-07-17T10:49:42.000Z,washer,8
00006CZ,2023-07-16T11:53:59.000Z,washer,18
00006CZ,2023-07-16T11:08:55.000Z,washer,18
00006CZ,2023-07-16T08:45:41.000Z,washer,8
00006CZ,2023-07-15T11:53:34.000Z,washer,8
00006CZ,2023-07-15T10:03:23.000Z,washer,18
00006CZ,2023-07-15T08:57:22.000Z,washer,18
00006CZ,2023-07-15T01:08:17.000Z,washer,18
00006CZ,2023-07-15T00:25:19.000Z,washer,18
00006CZ,2023-07-14T15:17:49.000Z,washer,18
00006CZ,2023-07-14T13:01:33.000Z,washer,8
00006CZ,2023-07-14T10:12:08.000Z,washer,18
00006CZ,2023-07-14T09:46:36.000Z,washer,8
00006CZ,2023-07-14T07:38:16.000Z,washer,8
00006CZ,2023-07-12T16:11:47.000Z,washer,18
00006CZ,2023-07-12T14:01:34.000Z,washer,8
00006CZ,2023-07-12T11:45:48.000Z,washer,18
00006CZ,2023-07-11T19:36:48.000Z,washer,18
00006CZ,2023-07-11T18:13:28.000Z,washer,18
00006CZ,2023-07-11T08:42:56.000Z,washer,8
00006CZ,2023-07-10T22:12:22.000Z,washer,8
00006CZ,2023-07-10T18:15:55.000Z,washer,18
00006CZ,2023-07-10T09:49:01.000Z,washer,8
00006CZ,2023-07-10T09:47:52.000Z,washer,18
00006CZ,2023-07-10T07:09:54.000Z,washer,18
00006CZ,2023-07-09T16:55:55.000Z,washer,18
00006CZ,2023-07-09T16:00:24.000Z,washer,18
00006CZ,2023-07-09T15:05:54.000Z,washer,18
00006CZ,2023-07-09T12:29:01.000Z,washer,18
00006CZ,2023-07-09T11:45:18.000Z,washer,18
00006CZ,2023-07-09T11:36:44.000Z,washer,18
00006CZ,2023-07-09T10:20:40.000Z,washer,18
00006CZ,2023-07-09T10:11:36.000Z,washer,8
00006CZ,2023-07-09T09:39:18.000Z,washer,18
00006CZ,2023-07-09T08:53:34.000Z,washer,18
00006CZ,2023-07-09T08:43:20.000Z,washer,18
00006CZ,2023-07-08T17:05:00.000Z,washer,18
00006CZ,2023-07-08T13:18:42.000Z,washer,8
00006CZ,2023-07-08T09:52:40.000Z,washer,18
00006CZ,2023-07-08T09:08:36.000Z,washer,18
00006CZ,2023-07-07T17:49:19.000Z,washer,18
00006CZ,2023-07-07T16:42:22.000Z,washer,18
00006CZ,2023-07-07T15:55:10.000Z,washer,18
00006CZ,2023-07-07T11:25:36.000Z,washer,18
00006CZ,2023-07-07T10:58:49.000Z,washer,8
00006CZ,2023-07-07T09:49:48.000Z,washer,18
00006CZ,2023-07-06T10:17:56.000Z,washer,18
00006CZ,2023-07-06T09:21:36.000Z,washer,8
00006CZ,2023-07-04T15:47:49.000Z,washer,8
00006CZ,2023-07-04T15:01:21.000Z,washer,18
00006CZ,2023-07-04T13:18:30.000Z,washer,18
00006CZ,2023-07-04T12:32:53.000Z,washer,18
00006CZ,2023-07-04T12:10:21.000Z,washer,8
00006CZ,2023-07-04T12:09:23.000Z,washer,8
00006CZ,2023-07-03T14:10:17.000Z,washer,18
00006CZ,2023-07-03T11:51:34.000Z,washer,18
00006CZ,2023-07-03T11:02:47.000Z,washer,8
00006CZ,2023-07-03T10:43:14.000Z,washer,18
00006CZ,2023-07-03T09:55:49.000Z,washer,18
00006CZ,2023-07-03T08:42:04.000Z,washer,18
00006CZ,2023-07-02T14:44:45.000Z,washer,8
00006CZ,2023-07-01T11:14:41.000Z,washer,18
00006CZ,2023-07-01T10:24:49.000Z,washer,18
00006CZ,2023-07-01T09:14:50.000Z,washer,8
00006CZ,2023-07-01T06:50:29.000Z,washer,18
00006CZ,2023-06-30T17:14:22.000Z,washer,8
00006CZ,2023-06-30T16:01:41.000Z,washer,18
00006CZ,2023-06-30T13:32:50.000Z,washer,18
00006CZ,2023-06-30T13:11:01.000Z,washer,8
00006CZ,2023-06-30T12:48:36.000Z,washer,18
00006CZ,2023-06-30T09:24:39.000Z,washer,8
00006CZ,2023-06-27T17:37:44.000Z,washer,8
00006CZ,2023-06-27T14:47:42.000Z,washer,18
00006CZ,2023-06-27T14:46:49.000Z,washer,8
00006CZ,2023-06-27T10:53:25.000Z,washer,18
00006CZ,2023-06-27T09:45:00.000Z,washer,18
00006CZ,2023-06-27T09:44:15.000Z,washer,8
00006CZ,2023-06-27T09:00:45.000Z,washer,8
00006CZ,2023-06-27T08:53:10.000Z,washer,18
00006CZ,2023-06-27T08:23:25.000Z,washer,8
00006CZ,2023-06-27T08:08:45.000Z,washer,18
00006CZ,2023-06-26T19:49:04.000Z,washer,18
00006CZ,2023-06-26T16:16:30.000Z,washer,18
00006CZ,2023-06-26T12:57:33.000Z,washer,8
00006CZ,2023-06-26T12:21:05.000Z,washer,8
00006CZ,2023-06-24T16:08:18.000Z,washer,18
00006CZ,2023-06-24T14:38:18.000Z,washer,18
00006CZ,2023-06-23T17:16:19.000Z,washer,18
00006CZ,2023-06-23T15:51:45.000Z,washer,8
00006CZ,2023-06-23T08:29:26.000Z,washer,8
00006CZ,2023-06-22T10:30:15.000Z,washer,8
00006CZ,2023-06-22T09:48:47.000Z,washer,8
00006CZ,2023-06-22T09:47:22.000Z,washer,18
00006CZ,2023-06-22T06:25:37.000Z,washer,18
00006CZ,2023-06-22T06:07:34.000Z,washer,8
00006CZ,2023-06-22T05:38:50.000Z,washer,18
00006CZ,2023-06-21T13:38:25.000Z,washer,18
00006CZ,2023-06-21T13:33:57.000Z,washer,8
00006CZ,2023-06-21T08:25:41.000Z,washer,18
00006CZ,2023-06-21T05:13:34.000Z,washer,8
00006CZ,2023-06-21T05:10:56.000Z,washer,18
00006CZ,2023-06-20T18:22:14.000Z,washer,8
00006CZ,2023-06-19T11:20:24.000Z,washer,18
00006CZ,2023-06-19T08:15:36.000Z,washer,18
00006CZ,2023-06-18T21:24:58.000Z,washer,8
00006CZ,2023-06-18T13:21:25.000Z,washer,18
00006CZ,2023-06-18T12:18:36.000Z,washer,18
00006CZ,2023-06-18T10:04:48.000Z,washer,8
00006CZ,2023-06-17T18:23:58.000Z,washer,18
00006CZ,2023-06-17T07:52:10.000Z,washer,8
00006CZ,2023-06-17T07:37:46.000Z,washer,18
00006CZ,2023-06-16T06:22:27.000Z,washer,18
00006CZ,2023-06-14T16:47:45.000Z,washer,8
00006CZ,2023-06-14T16:24:51.000Z,washer,18
00006CZ,2023-06-13T13:07:18.000Z,washer,18
00006CZ,2023-06-13T12:25:38.000Z,washer,18
00006CZ,2023-06-13T11:17:38.000Z,washer,18
00006CZ,2023-06-12T11:34:48.000Z,washer,18
00006CZ,2023-06-11T17:04:48.000Z,washer,8
00006CZ,2023-06-11T17:04:11.000Z,washer,18
00006CZ,2023-06-10T22:10:32.000Z,washer,18
00006CZ,2023-06-10T12:38:33.000Z,washer,8
00006CZ,2023-06-10T11:59:39.000Z,washer,18
00006CZ,2023-06-10T11:02:03.000Z,washer,18
00006CZ,2023-06-09T12:45:16.000Z,washer,18
00006CZ,2023-06-09T12:29:24.000Z,washer,8
00006CZ,2023-06-08T16:03:26.000Z,washer,8
00006CZ,2023-06-07T19:44:09.000Z,washer,8
00006CZ,2023-06-06T18:51:57.000Z,washer,8
00006CZ,2023-06-05T19:36:26.000Z,washer,18
00006CZ,2023-06-05T07:28:22.000Z,washer,8
00006CZ,2023-06-05T07:26:30.000Z,washer,18
00006CZ,2023-06-03T17:34:45.000Z,washer,8
00006CZ,2023-06-03T12:22:48.000Z,washer,8
00006CZ,2023-06-02T09:37:16.000Z,washer,18
00006CZ,2023-06-01T14:19:51.000Z,washer,18
00006CZ,2023-06-01T13:18:58.000Z,washer,8
00006CZ,2023-06-01T13:18:11.000Z,washer,18
00006CZ,2023-05-31T13:02:08.000Z,washer,8
00006CZ,2023-05-29T16:15:19.000Z,washer,8
00006CZ,2023-05-28T18:05:41.000Z,washer,18
00006CZ,2023-05-28T13:39:19.000Z,washer,18
00006CZ,2023-05-28T12:52:29.000Z,washer,8
00006CZ,2023-05-28T12:42:10.000Z,washer,18
00006CZ,2023-05-28T10:04:38.000Z,washer,8
00006CZ,2023-05-28T08:13:15.000Z,washer,8
00006CZ,2023-05-27T14:06:01.000Z,washer,8
00006CZ,2023-05-27T10:38:40.000Z,washer,18
00006CZ,2023-05-27T09:46:03.000Z,washer,18
00006CZ,2023-05-27T07:15:35.000Z,washer,18
00006CZ,2023-05-26T13:07:00.000Z,washer,18
00006CZ,2023-05-26T09:01:40.000Z,washer,18
00006CZ,2023-05-25T18:33:54.000Z,washer,18
00006CZ,2023-05-25T15:21:32.000Z,washer,8
00006CZ,2023-05-25T09:34:13.000Z,washer,18
00006CZ,2023-05-25T09:25:41.000Z,washer,18
00006CZ,2023-05-24T07:19:48.000Z,washer,18
00006CZ,2023-05-23T11:14:14.000Z,washer,8
00006CZ,2023-05-23T11:08:36.000Z,washer,18
00006CZ,2023-05-22T16:24:51.000Z,washer,18
00006CZ,2023-05-22T15:10:27.000Z,washer,18
00006CZ,2023-05-21T10:24:43.000Z,washer,18
00006CZ,2023-05-21T09:27:29.000Z,washer,8
00006CZ,2023-05-20T21:16:00.000Z,washer,8
00006CZ,2023-05-20T21:13:03.000Z,washer,18
00006CZ,2023-05-20T17:00:03.000Z,washer,18
00006CZ,2023-05-20T10:59:51.000Z,washer,8
00006CZ,2023-05-20T10:21:09.000Z,washer,8
00006CZ,2023-05-20T09:12:52.000Z,washer,18
00006CZ,2023-05-20T07:52:04.000Z,washer,8
00006CZ,2023-05-18T11:05:14.000Z,washer,18
00006CZ,2023-05-17T19:16:05.000Z,washer,8
00006CZ,2023-05-16T16:33:20.000Z,washer,18
00006CZ,2023-05-16T09:00:33.000Z,washer,8
00006CZ,2023-05-15T18:46:44.000Z,washer,18
00006CZ,2023-05-15T16:19:29.000Z,washer,18
00006CZ,2023-05-15T15:36:52.000Z,washer,8
00006CZ,2023-05-15T15:34:59.000Z,washer,18
00006CZ,2023-05-15T09:22:23.000Z,washer,8
00006CZ,2023-05-15T09:21:30.000Z,washer,18
00006CZ,2023-05-14T15:37:59.000Z,washer,8
00006CZ,2023-05-14T12:55:38.000Z,washer,8
00006CZ,2023-05-14T09:05:20.000Z,washer,18
00006CZ,2023-05-14T07:47:24.000Z,washer,18
00006CZ,2023-05-13T14:11:49.000Z,washer,18
00006CZ,2023-05-11T10:12:40.000Z,washer,18
00006CZ,2023-05-10T19:39:36.000Z,washer,18
00006CZ,2023-05-09T10:56:37.000Z,washer,18
00006CZ,2023-05-08T14:38:09.000Z,washer,8
00006CZ,2023-05-08T10:42:56.000Z,washer,18
00006CZ,2023-05-06T22:11:34.000Z,washer,8
00006CZ,2023-05-06T22:09:07.000Z,washer,18
00006CZ,2023-05-06T15:33:04.000Z,washer,8
00006CZ,2023-05-06T11:31:39.000Z,washer,8
00006CZ,2023-05-06T10:49:32.000Z,washer,8
00006CZ,2023-05-06T10:46:56.000Z,washer,18
00006CZ,2023-05-06T09:54:30.000Z,washer,18
00006CZ,2023-05-06T09:53:08.000Z,washer,8
00006CZ,2023-05-06T09:02:58.000Z,washer,18
00006CZ,2023-05-06T09:01:58.000Z,washer,8
00006CZ,2023-05-05T22:07:12.000Z,washer,8
00006CZ,2023-05-05T22:06:22.000Z,washer,18
00006CZ,2023-05-05T16:00:20.000Z,washer,18
00006CZ,2023-05-05T15:15:08.000Z,washer,18
00006CZ,2023-05-05T10:35:16.000Z,washer,8
00006CZ,2023-05-05T09:26:55.000Z,washer,18
00006CZ,2023-05-05T07:15:05.000Z,washer,18
00006CZ,2023-05-03T08:15:24.000Z,washer,18
00006CZ,2023-05-03T08:14:36.000Z,washer,8
00006CZ,2023-05-02T20:51:07.000Z,washer,8
00006CZ,2023-05-02T08:57:36.000Z,washer,18
00006CZ,2023-05-01T15:05:23.000Z,washer,18
00006CZ,2023-05-01T08:33:30.000Z,washer,18
00006CZ,2023-04-30T10:35:25.000Z,washer,18
00006CZ,2023-04-30T09:37:14.000Z,washer,18
00006CZ,2023-04-30T09:35:55.000Z,washer,8
00006CZ,2023-04-29T20:40:39.000Z,washer,18
00006CZ,2023-04-28T23:20:24.000Z,washer,8
00006CZ,2023-04-28T22:23:14.000Z,washer,8
00006CZ,2023-04-28T22:10:57.000Z,washer,18
00006CZ,2023-04-27T13:25:03.000Z,washer,8
00006CZ,2023-04-27T09:07:57.000Z,washer,18
00006CZ,2023-04-26T09:48:59.000Z,washer,18
00006CZ,2023-04-25T08:58:15.000Z,washer,18
00006CZ,2023-04-25T08:12:22.000Z,washer,18
00006CZ,2023-04-24T14:12:56.000Z,washer,18
00006CZ,2023-04-24T12:06:29.000Z,washer,18
00006CZ,2023-04-23T15:08:17.000Z,washer,18
00006CZ,2023-04-23T13:55:06.000Z,washer,18
00006CZ,2023-04-23T13:43:24.000Z,washer,8
00006CZ,2023-04-23T12:58:52.000Z,washer,18
00006CZ,2023-04-23T12:57:45.000Z,washer,8
00006CZ,2023-04-23T11:18:25.000Z,washer,18
00006CZ,2023-04-23T10:12:20.000Z,washer,8
00006CZ,2023-04-22T15:25:29.000Z,washer,18
00006CZ,2023-04-22T09:01:09.000Z,washer,18
00006CZ,2023-04-21T20:14:36.000Z,washer,18
00006CZ,2023-04-21T20:13:31.000Z,washer,8
00006CZ,2023-04-21T12:08:35.000Z,washer,8
00006CZ,2023-04-21T11:29:36.000Z,washer,8
00006CZ,2023-04-21T08:40:15.000Z,washer,8
00006CZ,2023-04-21T08:36:17.000Z,washer,18
00006CZ,2023-04-20T18:37:41.000Z,washer,18
00006CZ,2023-04-20T17:38:53.000Z,washer,18
00006CZ,2023-04-19T09:19:01.000Z,washer,18
00006CZ,2023-04-19T09:03:12.000Z,washer,8
00006CZ,2023-04-18T08:47:39.000Z,washer,18
00006CZ,2023-04-17T15:57:37.000Z,washer,18
00006CZ,2023-04-17T15:56:29.000Z,washer,8
00006CZ,2023-04-17T12:16:29.000Z,washer,18
00006CZ,2023-04-17T09:31:30.000Z,washer,18
00006CZ,2023-04-17T07:11:38.000Z,washer,18
00006CZ,2023-04-17T07:10:15.000Z,washer,8
00006CZ,2023-04-16T09:54:54.000Z,washer,18
00006CZ,2023-04-16T08:15:16.000Z,washer,8
00006CZ,2023-04-16T08:14:18.000Z,washer,18
00006CZ,2023-04-15T16:00:30.000Z,washer,8
00006CZ,2023-04-15T15:12:46.000Z,washer,8
00006CZ,2023-04-15T15:11:16.000Z,washer,18
00006CZ,2023-04-14T16:52:33.000Z,washer,18
00006CZ,2023-04-12T08:01:38.000Z,washer,18
00006CZ,2023-04-11T19:06:05.000Z,washer,8
00006CZ,2023-04-11T19:03:31.000Z,washer,18
00006CZ,2023-04-11T13:03:26.000Z,washer,18
00006CZ,2023-04-11T12:21:19.000Z,washer,18
00006CZ,2023-04-11T09:52:16.000Z,washer,18
00006CZ,2023-04-11T08:10:03.000Z,washer,18
00006CZ,2023-04-10T20:02:56.000Z,washer,18
00006CZ,2023-04-09T11:17:12.000Z,washer,18
00006CZ,2023-04-08T17:01:14.000Z,washer,18
00006CZ,2023-04-08T09:54:34.000Z,washer,18
00006CZ,2023-04-08T09:51:43.000Z,washer,8
00006CZ,2023-04-07T21:16:06.000Z,washer,8
00006CZ,2023-04-06T16:56:04.000Z,washer,8
00006CZ,2023-04-06T16:53:53.000Z,washer,18
00006CZ,2023-04-06T15:24:24.000Z,washer,18
00006CZ,2023-04-06T11:35:58.000Z,washer,18
00006CZ,2023-04-06T10:46:46.000Z,washer,18
00006CZ,2023-04-06T10:45:26.000Z,washer,8
00006CZ,2023-04-06T08:35:22.000Z,washer,18
00006CZ,2023-04-04T20:05:13.000Z,washer,8
00006CZ,2023-04-04T14:49:58.000Z,washer,8
00006CZ,2023-04-02T09:40:27.000Z,washer,8
00006CZ,2023-04-01T13:35:18.000Z,washer,18
00006CZ,2023-03-31T18:06:05.000Z,washer,8
00006CZ,2023-03-31T18:02:27.000Z,washer,18
00006CZ,2023-03-31T13:18:55.000Z,washer,18
00006CZ,2023-03-30T08:53:17.000Z,washer,8
00006CZ,2023-03-29T10:55:54.000Z,washer,18
00006CZ,2023-03-29T10:54:39.000Z,washer,8
00006CZ,2023-03-27T12:42:57.000Z,washer,8
00006CZ,2023-03-26T18:49:39.000Z,washer,8
00006CZ,2023-03-26T08:37:31.000Z,washer,18
00006CZ,2023-03-25T14:47:05.000Z,washer,18
00006CZ,2023-03-25T07:24:05.000Z,washer,8
00006CZ,2023-03-25T06:43:09.000Z,washer,18
00006CZ,2023-03-24T18:14:11.000Z,washer,18
00006CZ,2023-03-24T16:50:26.000Z,washer,18
00006CZ,2023-03-24T11:11:48.000Z,washer,18
00006CZ,2023-03-20T17:33:31.000Z,washer,18
00006CZ,2023-03-20T09:35:59.000Z,washer,18
00006CZ,2023-03-19T20:01:33.000Z,washer,18
00006CZ,2023-03-19T13:34:00.000Z,washer,8
00006CZ,2023-03-19T10:22:36.000Z,washer,8
00006CZ,2023-03-18T16:56:20.000Z,washer,18
00006CZ,2023-03-18T10:24:54.000Z,washer,18
00006CZ,2023-03-18T09:20:25.000Z,washer,18
00006CZ,2023-03-13T21:25:59.000Z,washer,8
00006CZ,2023-03-13T21:22:13.000Z,washer,18
00006CZ,2023-03-13T09:29:04.000Z,washer,18
00006CZ,2023-03-12T13:25:45.000Z,washer,18
00006CZ,2023-03-12T08:19:21.000Z,washer,8
00006CZ,2023-03-09T10:13:17.000Z,washer,18
00006CZ,2023-03-07T17:00:36.000Z,washer,18
00006CZ,2023-03-05T17:01:55.000Z,washer,8
00006CZ,2023-03-04T14:53:48.000Z,washer,18
00006CZ,2023-03-04T13:33:52.000Z,washer,18
00006CZ,2023-03-04T11:37:54.000Z,washer,18
00006CZ,2023-03-04T10:48:33.000Z,washer,18
00006CZ,2023-03-03T21:09:07.000Z,washer,8
00006CZ,2023-03-03T15:23:26.000Z,washer,18
00006CZ,2023-03-03T11:28:50.000Z,washer,18
00006CZ,2023-02-28T09:46:05.000Z,washer,8
00006CZ,2023-02-28T06:07:35.000Z,washer,8
00006CZ,2023-02-28T05:08:07.000Z,washer,8
00006CZ,2023-02-27T18:46:35.000Z,washer,8
00006CZ,2023-02-27T10:25:06.000Z,washer,18
00006CZ,2023-02-26T13:28:03.000Z,washer,18
00006CZ,2023-02-26T04:38:38.000Z,washer,8
00006CZ,2023-02-25T17:56:10.000Z,washer,18
00006CZ,2023-02-25T11:51:13.000Z,washer,18
00006CZ,2023-02-23T18:28:08.000Z,washer,18
00006CZ,2023-02-23T17:05:26.000Z,washer,18
00006CZ,2023-02-23T08:52:53.000Z,washer,18
00006CZ,2023-02-21T17:26:34.000Z,washer,18
00006CZ,2023-02-21T12:29:54.000Z,washer,8
00006CZ,2023-02-21T11:45:56.000Z,washer,18
00006CZ,2023-02-20T16:24:44.000Z,washer,18
00006CZ,2023-02-20T14:38:43.000Z,washer,18
00006CZ,2023-02-20T11:40:02.000Z,washer,18
00006CZ,2023-02-19T19:44:49.000Z,washer,8
00006CZ,2023-02-19T19:41:14.000Z,washer,8
00006CZ,2023-02-18T11:26:29.000Z,washer,18
00006CZ,2023-02-17T16:21:53.000Z,washer,18
00006CZ,2023-02-17T15:17:11.000Z,washer,18
00006CZ,2023-02-17T10:10:37.000Z,washer,8
00006CZ,2023-02-16T17:55:58.000Z,washer,18
00006CZ,2023-02-16T07:18:18.000Z,washer,8
00006CZ,2023-02-13T20:57:05.000Z,washer,8
00006CZ,2023-02-08T19:15:28.000Z,washer,8
00006CZ,2023-02-08T18:54:57.000Z,washer,18
00006CZ,2023-02-08T17:34:04.000Z,washer,18
00006CZ,2023-02-08T16:45:50.000Z,washer,18
00006CZ,2023-02-08T16:37:41.000Z,washer,8
00006CZ,2023-02-08T16:14:25.000Z,washer,18
00006CZ,2023-02-08T16:07:01.000Z,washer,8
00006CZ,2023-02-08T16:03:47.000Z,washer,8
00006CZ,2023-02-08T16:00:42.000Z,washer,8
00006CZ,2023-02-06T12:42:39.000Z,washer,18
00006CZ,2023-02-06T12:17:38.000Z,washer,8
00006CZ,2023-02-06T12:11:06.000Z,washer,8
00006CZ,2023-02-06T12:02:44.000Z,washer,8
00006CZ,2023-02-06T11:50:28.000Z,washer,18
00006CZ,2023-02-06T11:46:57.000Z,washer,8
00006CZ,2023-02-06T11:32:11.000Z,washer,8
00006CZ,2023-02-06T11:21:50.000Z,washer,8
00006CZ,2023-02-03T12:15:47.000Z,washer,18
00006CZ,2023-02-03T09:16:20.000Z,washer,8
00006CZ,2023-02-02T12:06:52.000Z,washer,18
2CTX,2026-08-05T14:46:35.000Z,washer,18
2CTX,2026-08-05T12:54:18.000Z,washer,18
2CTX,2026-08-05T12:31:07.000Z,washer,8
2CTX,2026-08-05T11:14:49.000Z,washer,18
2CTX,2026-08-05T10:20:23.000Z,washer,18
2CTX,2026-08-05T09:29:33.000Z,washer,8
2CTX,2026-08-05T09:04:22.000Z,washer,18
2CTX,2026-08-04T17:52:29.000Z,washer,18
2CTX,2026-08-04T14:40:34.000Z,washer,18
2CTX,2026-08-03T17:10:56.000Z,washer,18
2CTX,2026-08-03T16:25:14.000Z,washer,18
2CTX,2026-08-03T15:53:43.000Z,washer,8
2CTX,2026-08-03T14:42:42.000Z,washer,18
2CTX,2026-08-03T13:05:20.000Z,washer,8
2CTX,2026-08-03T12:12:23.000Z,washer,8
2CTX,2026-08-02T15:40:17.000Z,washer,8
2CTX,2026-08-02T15:39:11.000Z,washer,18
2CTX,2026-08-02T13:09:07.000Z,washer,18
2CTX,2026-08-02T12:42:37.000Z,washer,8
2CTX,2026-08-02T12:06:57.000Z,washer,18
2CTX,2026-08-02T12:04:38.000Z,washer,8
2CTX,2026-08-02T10:38:50.000Z,washer,18
2CTX,2026-08-02T09:48:00.000Z,washer,18
2CTX,2026-08-02T08:58:37.000Z,washer,18
2CTX,2026-08-02T07:26:39.000Z,washer,18
2CTX,2026-08-01T21:59:17.000Z,washer,18
2CTX,2026-08-01T21:58:09.000Z,washer,8
2CTX,2026-08-01T20:06:47.000Z,washer,18
2CTX,2026-08-01T19:19:14.000Z,washer,8
2CTX,2026-08-01T19:17:43.000Z,washer,18
2CTX,2026-08-01T16:55:04.000Z,washer,8
2CTX,2026-08-01T15:15:36.000Z,washer,8
2CTX,2026-08-01T08:36:29.000Z,washer,8
2CTX,2026-08-01T08:02:03.000Z,washer,18
2CTX,2026-07-31T18:56:16.000Z,washer,18
2CTX,2026-07-31T17:33:24.000Z,washer,18
2CTX,2026-07-31T16:40:53.000Z,washer,18
2CTX,2026-07-31T14:35:54.000Z,washer,8
2CTX,2026-07-31T14:34:52.000Z,washer,18
2CTX,2026-07-31T12:34:29.000Z,washer,18
2CTX,2026-07-31T11:03:23.000Z,washer,18
2CTX,2026-07-31T10:08:48.000Z,washer,8
2CTX,2026-07-31T10:07:59.000Z,washer,18
2CTX,2026-07-31T06:09:59.000Z,washer,8
2CTX,2026-07-31T06:08:40.000Z,washer,18
2CTX,2026-07-30T15:59:28.000Z,washer,8
2CTX,2026-07-30T15:19:08.000Z,washer,8
2CTX,2026-07-30T15:15:02.000Z,washer,18
2CTX,2026-07-30T14:15:04.000Z,washer,8
2CTX,2026-07-30T14:12:38.000Z,washer,18
2CTX,2026-07-30T09:38:24.000Z,washer,8
2CTX,2026-07-30T09:37:02.000Z,washer,18
2CTX,2026-07-29T20:31:30.000Z,washer,8
2CTX,2026-07-29T20:24:54.000Z,washer,18
2CTX,2026-07-29T19:48:11.000Z,washer,8
2CTX,2026-07-29T18:14:54.000Z,washer,18
2CTX,2026-07-29T14:57:00.000Z,washer,8
2CTX,2026-07-29T14:42:08.000Z,washer,18
2CTX,2026-07-29T11:21:50.000Z,washer,8
2CTX,2026-07-29T10:08:18.000Z,washer,18
2CTX,2026-07-28T10:45:30.000Z,washer,18
2CTX,2026-07-27T19:04:25.000Z,washer,8
2CTX,2026-07-27T15:53:25.000Z,washer,18
2CTX,2026-07-27T10:24:14.000Z,washer,18
2CTX,2026-07-26T18:40:13.000Z,washer,18
2CTX,2026-07-26T15:19:48.000Z,washer,18
2CTX,2026-07-26T10:24:02.000Z,washer,8
2CTX,2026-07-26T08:41:25.000Z,washer,8
2CTX,2026-07-25T17:24:03.000Z,washer,8
2CTX,2026-07-25T16:55:37.000Z,washer,18
2CTX,2026-07-25T16:07:48.000Z,washer,18
2CTX,2026-07-25T15:42:13.000Z,washer,8
2CTX,2026-07-25T15:04:37.000Z,washer,8
2CTX,2026-07-25T15:02:22.000Z,washer,18
2CTX,2026-07-25T14:24:23.000Z,washer,8
2CTX,2026-07-25T14:15:53.000Z,washer,18
2CTX,2026-07-25T10:22:38.000Z,washer,18
2CTX,2026-07-25T05:23:00.000Z,washer,8
2CTX,2026-07-24T18:59:29.000Z,washer,18
2CTX,2026-07-24T16:27:06.000Z,washer,18
2CTX,2026-07-24T15:35:27.000Z,washer,18
2CTX,2026-07-24T14:48:30.000Z,washer,18
2CTX,2026-07-24T14:41:46.000Z,washer,8
2CTX,2026-07-24T14:01:17.000Z,washer,8
2CTX,2026-07-24T13:50:09.000Z,washer,18
2CTX,2026-07-24T13:03:42.000Z,washer,18
2CTX,2026-07-24T11:56:33.000Z,washer,18
2CTX,2026-07-24T10:37:51.000Z,washer,18
2CTX,2026-07-23T16:02:32.000Z,washer,18
2CTX,2026-07-23T12:08:03.000Z,washer,8
2CTX,2026-07-23T06:39:45.000Z,washer,18
2CTX,2026-07-23T06:29:25.000Z,washer,8
2CTX,2026-07-22T20:20:27.000Z,washer,8
2CTX,2026-07-22T19:50:17.000Z,washer,18
2CTX,2026-07-22T16:46:15.000Z,washer,18
2CTX,2026-07-22T16:36:59.000Z,washer,8
2CTX,2026-07-22T15:54:33.000Z,washer,18
2CTX,2026-07-22T13:52:22.000Z,washer,18
2CTX,2026-07-21T19:24:27.000Z,washer,8
2CTX,2026-07-21T18:31:10.000Z,washer,8
2CTX,2026-07-21T18:28:22.000Z,washer,18
2CTX,2026-07-21T13:39:08.000Z,washer,18
2CTX,2026-07-20T22:36:28.000Z,washer,8
2CTX,2026-07-20T22:34:52.000Z,washer,18
2CTX,2026-07-20T17:33:23.000Z,washer,18
2CTX,2026-07-20T13:02:41.000Z,washer,18
2CTX,2026-07-20T11:04:06.000Z,washer,8
2CTX,2026-07-20T11:01:47.000Z,washer,18
2CTX,2026-07-20T10:03:05.000Z,washer,18
2CTX,2026-07-20T09:16:41.000Z,washer,18
2CTX,2026-07-19T18:22:14.000Z,washer,8
2CTX,2026-07-19T18:21:25.000Z,washer,18
2CTX,2026-07-19T16:55:30.000Z,washer,18
2CTX,2026-07-19T14:55:51.000Z,washer,18
2CTX,2026-07-19T14:15:47.000Z,washer,8
2CTX,2026-07-19T10:58:42.000Z,washer,8
2CTX,2026-07-19T10:49:55.000Z,washer,18
2CTX,2026-07-19T10:19:28.000Z,washer,8
2CTX,2026-07-19T10:07:25.000Z,washer,18
2CTX,2026-07-19T09:23:25.000Z,washer,18
2CTX,2026-07-19T08:39:12.000Z,washer,18
2CTX,2026-07-19T07:29:56.000Z,washer,18
2CTX,2026-07-18T17:30:14.000Z,washer,8
2CTX,2026-07-18T17:24:30.000Z,washer,18
2CTX,2026-07-18T14:01:17.000Z,washer,8
2CTX,2026-07-18T13:15:38.000Z,washer,18
2CTX,2026-07-18T11:18:38.000Z,washer,8
2CTX,2026-07-18T07:26:45.000Z,washer,18
2CTX,2026-07-18T07:25:37.000Z,washer,8
2CTX,2026-07-18T04:44:49.000Z,washer,18
2CTX,2026-07-17T17:47:59.000Z,washer,18
2CTX,2026-07-17T16:45:39.000Z,washer,18
2CTX,2026-07-17T15:54:32.000Z,washer,18
2CTX,2026-07-17T10:02:09.000Z,washer,18
2CTX,2026-07-17T08:46:04.000Z,washer,18
2CTX,2026-07-17T06:58:14.000Z,washer,8
2CTX,2026-07-16T20:37:39.000Z,washer,18
2CTX,2026-07-16T17:31:45.000Z,washer,18
2CTX,2026-07-16T16:14:17.000Z,washer,18
2CTX,2026-07-16T16:10:06.000Z,washer,8
2CTX,2026-07-16T14:48:59.000Z,washer,8
2CTX,2026-07-16T13:44:30.000Z,washer,18
2CTX,2026-07-16T12:31:17.000Z,washer,18
2CTX,2026-07-16T11:35:05.000Z,washer,8
2CTX,2026-07-15T17:59:46.000Z,washer,8
2CTX,2026-07-15T17:27:50.000Z,washer,18
2CTX,2026-07-15T17:02:07.000Z,washer,8
2CTX,2026-07-15T13:40:43.000Z,washer,18
2CTX,2026-07-15T11:11:09.000Z,washer,18
2CTX,2026-07-15T06:21:24.000Z,washer,8
2CTX,2026-07-15T06:20:33.000Z,washer,18
2CTX,2026-07-14T15:46:51.000Z,washer,8
2CTX,2026-07-14T15:01:55.000Z,washer,8
2CTX,2026-07-13T16:24:16.000Z,washer,18
2CTX,2026-07-13T14:26:50.000Z,washer,18
2CTX,2026-07-13T10:28:18.000Z,washer,18
2CTX,2026-07-13T07:58:19.000Z,washer,18
2CTX,2026-07-13T05:16:15.000Z,washer,8
2CTX,2026-07-13T05:14:51.000Z,washer,18
2CTX,2026-07-12T18:11:19.000Z,washer,8
2CTX,2026-07-12T17:16:36.000Z,washer,18
2CTX,2026-07-12T15:55:52.000Z,washer,18
2CTX,2026-07-12T14:05:51.000Z,washer,18
2CTX,2026-07-12T13:22:14.000Z,washer,8
2CTX,2026-07-12T09:16:59.000Z,washer,18
2CTX,2026-07-11T18:21:52.000Z,washer,18
2CTX,2026-07-11T14:42:41.000Z,washer,8
2CTX,2026-07-11T13:40:16.000Z,washer,18
2CTX,2026-07-11T12:54:59.000Z,washer,18
2CTX,2026-07-11T12:13:09.000Z,washer,8
2CTX,2026-07-11T12:08:59.000Z,washer,18
2CTX,2026-07-11T11:18:41.000Z,washer,18
2CTX,2026-07-11T10:32:04.000Z,washer,8
2CTX,2026-07-11T09:52:10.000Z,washer,8
2CTX,2026-07-11T09:37:12.000Z,washer,18
2CTX,2026-07-11T09:13:30.000Z,washer,8
2CTX,2026-07-11T08:31:15.000Z,washer,8
2CTX,2026-07-10T18:40:38.000Z,washer,18
2CTX,2026-07-10T16:41:09.000Z,washer,18
2CTX,2026-07-10T15:23:28.000Z,washer,8
2CTX,2026-07-10T15:02:48.000Z,washer,18
2CTX,2026-07-10T13:36:38.000Z,washer,18
2CTX,2026-07-10T12:06:58.000Z,washer,18
2CTX,2026-07-10T10:25:17.000Z,washer,18
2CTX,2026-07-09T17:57:47.000Z,washer,18
2CTX,2026-07-09T12:30:09.000Z,washer,8
2CTX,2026-07-09T12:26:44.000Z,washer,18
2CTX,2026-07-09T11:16:57.000Z,washer,8
2CTX,2026-07-08T15:07:22.000Z,washer,8
2CTX,2026-07-08T14:23:35.000Z,washer,18
2CTX,2026-07-08T11:35:32.000Z,washer,8
2CTX,2026-07-08T11:27:52.000Z,washer,18
2CTX,2026-07-08T10:53:33.000Z,washer,8
2CTX,2026-07-08T10:42:00.000Z,washer,18
2CTX,2026-07-08T09:55:27.000Z,washer,18
2CTX,2026-07-08T09:50:54.000Z,washer,8
2CTX,2026-07-07T14:04:59.000Z,washer,8
2CTX,2026-07-07T12:39:03.000Z,washer,18
2CTX,2026-07-07T10:27:08.000Z,washer,8
2CTX,2026-07-07T08:22:45.000Z,washer,18
2CTX,2026-07-07T06:46:53.000Z,washer,8
2CTX,2026-07-07T06:43:19.000Z,washer,18
2CTX,2026-07-06T19:12:55.000Z,washer,18
2CTX,2026-07-06T17:52:47.000Z,washer,8
2CTX,2026-07-06T17:10:00.000Z,washer,18
2CTX,2026-07-06T15:24:34.000Z,washer,18
2CTX,2026-07-06T14:25:02.000Z,washer,18
2CTX,2026-07-06T13:19:14.000Z,washer,8
2CTX,2026-07-06T13:17:31.000Z,washer,18
2CTX,2026-07-06T12:40:20.000Z,washer,8
2CTX,2026-07-06T12:24:33.000Z,washer,18
2CTX,2026-07-06T11:28:35.000Z,washer,8
2CTX,2026-07-06T10:47:16.000Z,washer,18
2CTX,2026-07-06T08:23:56.000Z,washer,18
2CTX,2026-07-06T07:38:06.000Z,washer,18
2CTX,2026-07-05T15:39:04.000Z,washer,18
2CTX,2026-07-05T14:32:17.000Z,washer,18
2CTX,2026-07-05T14:24:18.000Z,washer,8
2CTX,2026-07-05T13:19:29.000Z,washer,8
2CTX,2026-07-05T12:04:14.000Z,washer,8
2CTX,2026-07-05T10:12:57.000Z,washer,18
2CTX,2026-07-05T09:09:42.000Z,washer,18
2CTX,2026-07-05T09:02:32.000Z,washer,8
2CTX,2026-07-05T08:23:12.000Z,washer,8
2CTX,2026-07-05T08:21:49.000Z,washer,18
2CTX,2026-07-04T19:17:51.000Z,washer,18
2CTX,2026-07-04T14:40:48.000Z,washer,8
2CTX,2026-07-04T14:31:12.000Z,washer,18
2CTX,2026-07-04T14:02:34.000Z,washer,8
2CTX,2026-07-04T09:39:18.000Z,washer,8
2CTX,2026-07-04T09:00:35.000Z,washer,18
2CTX,2026-07-04T08:06:44.000Z,washer,18
2CTX,2026-07-04T06:43:34.000Z,washer,18
2CTX,2026-07-04T05:24:12.000Z,washer,8
2CTX,2026-07-03T19:34:06.000Z,washer,18
2CTX,2026-07-03T16:15:56.000Z,washer,18
2CTX,2026-07-03T15:28:03.000Z,washer,8
2CTX,2026-07-03T13:31:08.000Z,washer,18
2CTX,2026-07-03T08:33:09.000Z,washer,18
2CTX,2026-07-02T16:23:42.000Z,washer,18
2CTX,2026-07-02T13:28:54.000Z,washer,18
2CTX,2026-07-02T09:48:52.000Z,washer,8
2CTX,2026-07-01T18:30:01.000Z,washer,8
2CTX,2026-07-01T17:46:46.000Z,washer,8
2CTX,2026-07-01T15:19:49.000Z,washer,18
2CTX,2026-07-01T13:06:14.000Z,washer,8
2CTX,2026-07-01T12:22:05.000Z,washer,18
2CTX,2026-07-01T10:32:45.000Z,washer,18
2CTX,2026-07-01T09:19:16.000Z,washer,18
2CTX,2026-06-30T18:34:55.000Z,washer,18
2CTX,2026-06-30T17:05:57.000Z,washer,18
2CTX,2026-06-30T15:33:37.000Z,washer,18
2CTX,2026-06-30T12:09:09.000Z,washer,8
2CTX,2026-06-30T12:07:53.000Z,washer,18
2CTX,2026-06-30T10:07:50.000Z,washer,18
2CTX,2026-06-30T09:00:46.000Z,washer,8
2CTX,2026-06-30T08:57:13.000Z,washer,18
2CTX,2026-06-30T06:48:38.000Z,washer,8
2CTX,2026-06-29T13:20:21.000Z,washer,18
2CTX,2026-06-29T09:12:44.000Z,washer,8
2CTX,2026-06-29T06:13:41.000Z,washer,8
2CTX,2026-06-28T19:32:50.000Z,washer,18
2CTX,2026-06-28T19:28:18.000Z,washer,8
2CTX,2026-06-28T18:43:11.000Z,washer,18
2CTX,2026-06-28T17:56:50.000Z,washer,8
2CTX,2026-06-28T17:51:37.000Z,washer,18
2CTX,2026-06-28T16:23:01.000Z,washer,18
2CTX,2026-06-28T15:11:12.000Z,washer,18
2CTX,2026-06-28T06:49:09.000Z,washer,8
2CTX,2026-06-27T21:07:27.000Z,washer,18
2CTX,2026-06-27T20:02:31.000Z,washer,8
2CTX,2026-06-27T19:05:23.000Z,washer,18
2CTX,2026-06-27T17:48:34.000Z,washer,18
2CTX,2026-06-27T15:25:24.000Z,washer,18
2CTX,2026-06-27T14:10:49.000Z,washer,18
2CTX,2026-06-27T10:29:54.000Z,washer,18
2CTX,2026-06-27T09:36:51.000Z,washer,18
2CTX,2026-06-27T07:22:58.000Z,washer,18
2CTX,2026-06-27T07:01:56.000Z,washer,8
2CTX,2026-06-27T06:34:50.000Z,washer,18
2CTX,2026-06-27T01:47:30.000Z,washer,18
2CTX,2026-06-26T19:42:45.000Z,washer,8
2CTX,2026-06-25T18:51:22.000Z,washer,18
2CTX,2026-06-25T17:32:22.000Z,washer,8
2CTX,2026-06-25T16:45:37.000Z,washer,18
2CTX,2026-06-25T14:39:30.000Z,washer,18
2CTX,2026-06-25T10:52:56.000Z,washer,18
2CTX,2026-06-25T09:53:51.000Z,washer,8
2CTX,2026-06-25T09:50:08.000Z,washer,18
2CTX,2026-06-25T09:12:43.000Z,washer,8
2CTX,2026-06-25T09:05:30.000Z,washer,18
2CTX,2026-06-23T17:48:50.000Z,washer,18
2CTX,2026-06-23T16:56:50.000Z,washer,18
2CTX,2026-06-23T16:51:02.000Z,washer,8
2CTX,2026-06-22T16:15:30.000Z,washer,18
2CTX,2026-06-22T16:08:25.000Z,washer,8
2CTX,2026-06-22T12:16:53.000Z,washer,8
2CTX,2026-06-22T12:08:55.000Z,washer,18
2CTX,2026-06-22T07:46:02.000Z,washer,18
2CTX,2026-06-21T20:42:40.000Z,washer,8
2CTX,2026-06-21T20:03:05.000Z,washer,8
2CTX,2026-06-21T20:02:15.000Z,washer,18
2CTX,2026-06-21T15:51:00.000Z,washer,18
2CTX,2026-06-21T15:08:44.000Z,washer,18
2CTX,2026-06-21T14:13:15.000Z,washer,18
2CTX,2026-06-21T14:03:11.000Z,washer,8
2CTX,2026-06-21T13:27:15.000Z,washer,18
2CTX,2026-06-21T13:22:45.000Z,washer,8
2CTX,2026-06-21T12:43:38.000Z,washer,18
2CTX,2026-06-21T12:07:35.000Z,washer,18
2CTX,2026-06-21T07:42:16.000Z,washer,18
2CTX,2026-06-21T06:43:01.000Z,washer,18
2CTX,2026-06-21T06:29:43.000Z,washer,8
2CTX,2026-06-21T05:56:32.000Z,washer,18
2CTX,2026-06-20T15:33:50.000Z,washer,8
2CTX,2026-06-20T12:43:22.000Z,washer,8
2CTX,2026-06-20T11:50:13.000Z,washer,18
2CTX,2026-06-20T11:48:51.000Z,washer,8
2CTX,2026-06-20T09:54:24.000Z,washer,18
2CTX,2026-06-20T08:01:17.000Z,washer,8
2CTX,2026-06-20T06:03:54.000Z,washer,8
2CTX,2026-06-20T06:00:17.000Z,washer,18
2CTX,2026-06-19T19:01:27.000Z,washer,18
2CTX,2026-06-19T18:00:50.000Z,washer,8
2CTX,2026-06-19T17:55:33.000Z,washer,18
2CTX,2026-06-19T17:11:06.000Z,washer,8
2CTX,2026-06-19T16:56:11.000Z,washer,18
2CTX,2026-06-19T12:59:27.000Z,washer,18
2CTX,2026-06-19T12:19:16.000Z,washer,8
2CTX,2026-06-19T11:12:21.000Z,washer,18
2CTX,2026-06-19T10:24:28.000Z,washer,18
2CTX,2026-06-19T10:10:03.000Z,washer,8
2CTX,2026-06-19T09:39:27.000Z,washer,18
2CTX,2026-06-19T08:53:47.000Z,washer,18
2CTX,2026-06-18T18:03:44.000Z,washer,18
2CTX,2026-06-18T17:17:33.000Z,washer,18
2CTX,2026-06-18T13:41:25.000Z,washer,8
2CTX,2026-06-18T07:36:02.000Z,washer,8
2CTX,2026-06-18T07:35:03.000Z,washer,18
2CTX,2026-06-17T16:44:42.000Z,washer,18
2CTX,2026-06-17T16:28:58.000Z,washer,8
2CTX,2026-06-17T15:52:17.000Z,washer,18
2CTX,2026-06-16T16:32:56.000Z,washer,18
2CTX,2026-06-16T15:56:08.000Z,washer,8
2CTX,2026-06-15T18:10:09.000Z,washer,18
2CTX,2026-06-15T15:35:18.000Z,washer,8
2CTX,2026-06-15T13:21:36.000Z,washer,18
2CTX,2026-06-15T11:13:09.000Z,washer,18
2CTX,2026-06-14T13:25:53.000Z,washer,8
2CTX,2026-06-14T12:00:02.000Z,washer,18
2CTX,2026-06-14T11:09:55.000Z,washer,18
2CTX,2026-06-14T09:38:26.000Z,washer,18
2CTX,2026-06-13T16:39:08.000Z,washer,18
2CTX,2026-06-13T14:58:13.000Z,washer,18
2CTX,2026-06-13T12:16:46.000Z,washer,18
2CTX,2026-06-13T10:17:28.000Z,washer,18
2CTX,2026-06-13T08:42:08.000Z,washer,18
2CTX,2026-06-13T08:08:54.000Z,washer,8
2CTX,2026-06-13T07:37:20.000Z,washer,18
2CTX,2026-06-13T05:03:35.000Z,washer,8
2CTX,2026-06-13T01:22:38.000Z,washer,18
2CTX,2026-06-12T17:50:40.000Z,washer,18
2CTX,2026-06-12T16:37:15.000Z,washer,8
2CTX,2026-06-12T08:35:37.000Z,washer,18
2CTX,2026-06-11T14:50:24.000Z,washer,8
2CTX,2026-06-11T08:39:25.000Z,washer,18
2CTX,2026-06-10T18:01:09.000Z,washer,18
2CTX,2026-06-10T12:53:15.000Z,washer,8
2CTX,2026-06-10T12:32:49.000Z,washer,18
2CTX,2026-06-09T18:13:37.000Z,washer,18
2CTX,2026-06-09T17:18:02.000Z,washer,18
2CTX,2026-06-09T17:09:17.000Z,washer,8
2CTX,2026-06-09T15:45:09.000Z,washer,18
2CTX,2026-06-09T09:06:28.000Z,washer,8
2CTX,2026-06-09T09:04:32.000Z,washer,18
2CTX,2026-06-08T22:03:31.000Z,washer,8
2CTX,2026-06-08T22:02:27.000Z,washer,18
2CTX,2026-06-08T17:21:01.000Z,washer,18
2CTX,2026-06-08T14:12:27.000Z,washer,8
2CTX,2026-06-08T13:32:52.000Z,washer,8
2CTX,2026-06-08T13:29:56.000Z,washer,18
2CTX,2026-06-08T11:20:18.000Z,washer,8
2CTX,2026-06-07T19:37:06.000Z,washer,18
2CTX,2026-06-07T15:00:04.000Z,washer,8
2CTX,2026-06-07T14:35:47.000Z,washer,18
2CTX,2026-06-07T14:19:02.000Z,washer,8
2CTX,2026-06-07T10:15:38.000Z,washer,18
2CTX,2026-06-07T08:24:27.000Z,washer,18
2CTX,2026-06-07T07:30:23.000Z,washer,8
2CTX,2026-06-06T22:01:48.000Z,washer,8
2CTX,2026-06-06T18:55:47.000Z,washer,8
2CTX,2026-06-06T18:19:33.000Z,washer,18
2CTX,2026-06-06T18:11:18.000Z,washer,8
2CTX,2026-06-06T16:08:10.000Z,washer,18
2CTX,2026-06-06T14:12:23.000Z,washer,8
2CTX,2026-06-06T13:31:55.000Z,washer,8
2CTX,2026-06-06T10:20:39.000Z,washer,8
2CTX,2026-06-06T06:55:06.000Z,washer,18
2CTX,2026-06-06T06:16:30.000Z,washer,8
2CTX,2026-06-05T16:59:40.000Z,washer,18
2CTX,2026-06-05T16:08:53.000Z,washer,18
2CTX,2026-06-05T15:18:52.000Z,washer,8
2CTX,2026-06-05T14:23:06.000Z,washer,8
2CTX,2026-06-05T14:20:14.000Z,washer,18
2CTX,2026-06-05T13:43:24.000Z,washer,8
2CTX,2026-06-05T13:26:56.000Z,washer,18
2CTX,2026-06-05T10:39:18.000Z,washer,8
2CTX,2026-06-04T19:58:59.000Z,washer,8
2CTX,2026-06-04T19:55:41.000Z,washer,18
2CTX,2026-06-04T18:01:24.000Z,washer,18
2CTX,2026-06-04T12:14:37.000Z,washer,18
2CTX,2026-06-04T09:49:24.000Z,washer,18
2CTX,2026-06-04T05:54:45.000Z,washer,8
2CTX,2026-06-03T11:51:23.000Z,washer,18
2CTX,2026-06-03T05:56:10.000Z,washer,8
2CTX,2026-06-03T05:55:20.000Z,washer,18
2CTX,2026-06-02T18:55:51.000Z,washer,18
2CTX,2026-06-02T17:44:30.000Z,washer,18
2CTX,2026-06-02T17:22:36.000Z,washer,8
2CTX,2026-06-02T16:19:49.000Z,washer,18
2CTX,2026-06-02T09:51:29.000Z,washer,18
2CTX,2026-06-02T09:50:14.000Z,washer,8
2CTX,2026-05-31T17:55:23.000Z,washer,18
2CTX,2026-05-31T17:50:13.000Z,washer,8
2CTX,2026-05-31T17:05:42.000Z,washer,18
2CTX,2026-05-31T16:28:07.000Z,washer,8
2CTX,2026-05-31T13:57:51.000Z,washer,8
2CTX,2026-05-31T13:08:00.000Z,washer,8
2CTX,2026-05-31T13:07:03.000Z,washer,18
2CTX,2026-05-31T12:21:05.000Z,washer,18
2CTX,2026-05-31T12:18:04.000Z,washer,8
2CTX,2026-05-31T09:10:41.000Z,washer,18
2CTX,2026-05-31T08:22:02.000Z,washer,18
2CTX,2026-05-30T16:55:58.000Z,washer,18
2CTX,2026-05-30T10:46:50.000Z,washer,8
2CTX,2026-05-30T07:36:48.000Z,washer,8
2CTX,2026-05-30T07:21:23.000Z,washer,18
2CTX,2026-05-30T07:19:09.000Z,washer,18
2CTX,2026-05-30T03:52:44.000Z,washer,18
2CTX,2026-05-29T18:12:11.000Z,washer,18
2CTX,2026-05-29T14:49:00.000Z,washer,18
2CTX,2026-05-29T12:49:30.000Z,washer,18
2CTX,2026-05-29T11:18:17.000Z,washer,18
2CTX,2026-05-29T10:21:26.000Z,washer,18
2CTX,2026-05-29T07:16:48.000Z,washer,18
2CTX,2026-05-29T04:55:36.000Z,washer,8
2CTX,2026-05-29T04:54:46.000Z,washer,18
2CTX,2026-05-28T10:45:56.000Z,washer,8
2CTX,2026-05-28T08:09:01.000Z,washer,18
2CTX,2026-05-27T08:24:03.000Z,washer,18
2CTX,2026-05-26T19:00:46.000Z,washer,18
2CTX,2026-05-26T14:59:20.000Z,washer,8
2CTX,2026-05-26T14:32:45.000Z,washer,18
2CTX,2026-05-26T11:42:28.000Z,washer,18
2CTX,2026-05-25T18:14:28.000Z,washer,8
2CTX,2026-05-25T17:28:36.000Z,washer,8
2CTX,2026-05-25T17:26:54.000Z,washer,18
2CTX,2026-05-25T16:42:41.000Z,washer,8
2CTX,2026-05-25T16:40:06.000Z,washer,18
2CTX,2026-05-25T14:33:29.000Z,washer,18
2CTX,2026-05-25T13:48:47.000Z,washer,18
2CTX,2026-05-25T09:55:49.000Z,washer,18
2CTX,2026-05-25T08:35:39.000Z,washer,18
2CTX,2026-05-24T17:58:04.000Z,washer,18
2CTX,2026-05-24T13:41:55.000Z,washer,8
2CTX,2026-05-24T12:14:40.000Z,washer,8
2CTX,2026-05-24T09:00:11.000Z,washer,18
2CTX,2026-05-24T07:57:58.000Z,washer,8
2CTX,2026-05-24T07:56:38.000Z,washer,18
2CTX,2026-05-24T04:37:27.000Z,washer,8
2CTX,2026-05-23T17:08:02.000Z,washer,18
2CTX,2026-05-23T15:13:54.000Z,washer,18
2CTX,2026-05-23T14:12:03.000Z,washer,8
2CTX,2026-05-23T08:50:48.000Z,washer,18
2CTX,2026-05-22T20:30:45.000Z,washer,18
2CTX,2026-05-22T19:46:43.000Z,washer,18
2CTX,2026-05-22T19:11:27.000Z,washer,8
2CTX,2026-05-22T18:58:52.000Z,washer,18
2CTX,2026-05-22T17:59:00.000Z,washer,18
2CTX,2026-05-22T16:39:47.000Z,washer,18
2CTX,2026-05-22T15:52:07.000Z,washer,18
2CTX,2026-05-22T11:26:38.000Z,washer,18
2CTX,2026-05-22T10:39:50.000Z,washer,18
2CTX,2026-05-22T09:47:25.000Z,washer,18
2CTX,2026-05-22T09:05:50.000Z,washer,8
2CTX,2026-05-22T08:57:23.000Z,washer,18
2CTX,2026-05-21T20:39:14.000Z,washer,18
2CTX,2026-05-21T19:30:06.000Z,washer,18
2CTX,2026-05-21T18:04:41.000Z,washer,8
2CTX,2026-05-21T14:38:42.000Z,washer,18
2CTX,2026-05-20T15:40:29.000Z,washer,18
2CTX,2026-05-20T14:11:46.000Z,washer,18
2CTX,2026-05-20T11:58:06.000Z,washer,18
2CTX,2026-05-19T17:32:38.000Z,washer,8
2CTX,2026-05-19T17:30:56.000Z,washer,18
2CTX,2026-05-19T14:43:35.000Z,washer,18
2CTX,2026-05-18T09:49:59.000Z,washer,18
2CTX,2026-05-18T09:36:14.000Z,washer,8
2CTX,2026-05-18T06:16:34.000Z,washer,18
2CTX,2026-05-17T19:08:23.000Z,washer,18
2CTX,2026-05-17T19:00:57.000Z,washer,8
2CTX,2026-05-17T12:16:14.000Z,washer,18
2CTX,2026-05-17T11:26:40.000Z,washer,18
2CTX,2026-05-17T10:16:31.000Z,washer,8
2CTX,2026-05-17T07:05:00.000Z,washer,8
2CTX,2026-05-17T06:21:44.000Z,washer,18
2CTX,2026-05-17T06:06:53.000Z,washer,8
2CTX,2026-05-17T05:28:01.000Z,washer,8
2CTX,2026-05-17T05:26:57.000Z,washer,18
2CTX,2026-05-16T19:02:05.000Z,washer,18
2CTX,2026-05-16T17:44:05.000Z,washer,8
2CTX,2026-05-16T17:43:06.000Z,washer,18
2CTX,2026-05-16T16:56:49.000Z,washer,8
2CTX,2026-05-16T16:54:30.000Z,washer,18
2CTX,2026-05-16T16:07:32.000Z,washer,18
2CTX,2026-05-16T15:10:46.000Z,washer,18
2CTX,2026-05-16T14:15:55.000Z,washer,18
2CTX,2026-05-16T11:35:40.000Z,washer,18
2CTX,2026-05-16T11:14:24.000Z,washer,8
2CTX,2026-05-16T10:36:11.000Z,washer,8
2CTX,2026-05-16T09:40:44.000Z,washer,8
2CTX,2026-05-16T09:38:25.000Z,washer,18
2CTX,2026-05-15T22:39:59.000Z,washer,8
2CTX,2026-05-15T22:38:43.000Z,washer,18
2CTX,2026-05-15T18:53:36.000Z,washer,8
2CTX,2026-05-15T16:22:37.000Z,washer,18
2CTX,2026-05-15T14:08:33.000Z,washer,8
2CTX,2026-05-15T14:05:34.000Z,washer,18
2CTX,2026-05-15T13:16:59.000Z,washer,18
2CTX,2026-05-15T09:27:16.000Z,washer,8
2CTX,2026-05-15T09:25:50.000Z,washer,18
2CTX,2026-05-15T08:02:36.000Z,washer,18
2CTX,2026-05-15T07:46:10.000Z,washer,8
2CTX,2026-05-14T17:21:37.000Z,washer,8
2CTX,2026-05-14T16:43:13.000Z,washer,8
2CTX,2026-05-14T15:34:29.000Z,washer,18
2CTX,2026-05-14T15:31:39.000Z,washer,8
2CTX,2026-05-14T13:18:41.000Z,washer,8
2CTX,2026-05-14T09:25:24.000Z,washer,8
2CTX,2026-05-13T17:31:29.000Z,washer,18
2CTX,2026-05-13T16:35:17.000Z,washer,18
2CTX,2026-05-13T14:19:49.000Z,washer,8
2CTX,2026-05-13T13:49:57.000Z,washer,18
2CTX,2026-05-13T13:28:30.000Z,washer,8
2CTX,2026-05-13T13:00:05.000Z,washer,18
2CTX,2026-05-13T12:16:01.000Z,washer,18
2CTX,2026-05-13T09:51:51.000Z,washer,18
2CTX,2026-05-13T08:40:34.000Z,washer,18
2CTX,2026-05-13T07:33:39.000Z,washer,18
2CTX,2026-05-12T21:47:54.000Z,washer,18
2CTX,2026-05-12T10:07:23.000Z,washer,8
2CTX,2026-05-12T10:01:21.000Z,washer,18
2CTX,2026-05-12T08:05:40.000Z,washer,18
2CTX,2026-05-11T20:41:07.000Z,washer,8
2CTX,2026-05-11T16:23:45.000Z,washer,18
2CTX,2026-05-11T16:22:16.000Z,washer,8
2CTX,2026-05-11T15:37:46.000Z,washer,18
2CTX,2026-05-11T14:41:10.000Z,washer,18
2CTX,2026-05-11T14:19:09.000Z,washer,8
2CTX,2026-05-11T13:54:39.000Z,washer,18
2CTX,2026-05-11T12:47:09.000Z,washer,18
2CTX,2026-05-11T11:57:31.000Z,washer,8
2CTX,2026-05-11T11:56:36.000Z,washer,18
2CTX,2026-05-10T19:22:26.000Z,washer,18
2CTX,2026-05-10T18:11:59.000Z,washer,8
2CTX,2026-05-10T17:32:49.000Z,washer,8
2CTX,2026-05-10T15:22:22.000Z,washer,8
2CTX,2026-05-10T14:19:42.000Z,washer,18
2CTX,2026-05-10T12:45:02.000Z,washer,8
2CTX,2026-05-10T08:15:43.000Z,washer,18
2CTX,2026-05-09T19:49:39.000Z,washer,8
2CTX,2026-05-09T19:05:20.000Z,washer,18
2CTX,2026-05-09T17:56:57.000Z,washer,8
2CTX,2026-05-09T17:54:12.000Z,washer,18
2CTX,2026-05-09T17:08:20.000Z,washer,18
2CTX,2026-05-09T17:06:51.000Z,washer,8
2CTX,2026-05-09T10:07:34.000Z,washer,18
2CTX,2026-05-09T09:49:31.000Z,washer,8
2CTX,2026-05-09T09:14:20.000Z,washer,18
2CTX,2026-05-09T08:10:04.000Z,washer,18
2CTX,2026-05-09T07:14:44.000Z,washer,18
2CTX,2026-05-08T23:35:59.000Z,washer,8
2CTX,2026-05-08T16:21:24.000Z,washer,18
2CTX,2026-05-08T16:00:13.000Z,washer,8
2CTX,2026-05-08T15:39:08.000Z,washer,18
2CTX,2026-05-08T11:55:49.000Z,washer,18
2CTX,2026-05-08T11:07:02.000Z,washer,18
2CTX,2026-05-08T10:41:40.000Z,washer,8
2CTX,2026-05-08T10:21:03.000Z,washer,18
2CTX,2026-05-08T09:16:54.000Z,washer,18
2CTX,2026-05-08T05:39:07.000Z,washer,8
2CTX,2026-05-08T04:52:39.000Z,washer,18
2CTX,2026-05-08T04:46:29.000Z,washer,8
2CTX,2026-05-08T04:45:19.000Z,washer,8
2CTX,2026-05-07T18:40:48.000Z,washer,8
2CTX,2026-05-07T17:57:48.000Z,washer,8
2CTX,2026-05-07T17:43:55.000Z,washer,18
2CTX,2026-05-07T16:54:01.000Z,washer,8
2CTX,2026-05-07T16:14:24.000Z,washer,18
2CTX,2026-05-07T12:46:12.000Z,washer,8
2CTX,2026-05-07T12:44:33.000Z,washer,18
2CTX,2026-05-07T11:18:55.000Z,washer,18
2CTX,2026-05-07T10:20:16.000Z,washer,18
2CTX,2026-05-07T08:46:27.000Z,washer,18
2CTX,2026-05-06T16:56:50.000Z,washer,18
2CTX,2026-05-05T20:11:00.000Z,washer,18
2CTX,2026-05-05T18:21:54.000Z,washer,8
2CTX,2026-05-05T18:20:49.000Z,washer,18
2CTX,2026-05-05T13:23:24.000Z,washer,18
2CTX,2026-05-05T13:02:52.000Z,washer,8
2CTX,2026-05-04T16:55:46.000Z,washer,18
2CTX,2026-05-04T16:44:47.000Z,washer,8
2CTX,2026-05-04T14:06:57.000Z,washer,18
2CTX,2026-05-04T12:06:39.000Z,washer,18
2CTX,2026-05-04T11:43:13.000Z,washer,8
2CTX,2026-05-03T18:22:18.000Z,washer,8
2CTX,2026-05-03T15:18:13.000Z,washer,8
2CTX,2026-05-03T14:05:47.000Z,washer,8
2CTX,2026-05-03T13:04:11.000Z,washer,18
2CTX,2026-05-03T09:31:10.000Z,washer,8
2CTX,2026-05-03T07:49:00.000Z,washer,18
2CTX,2026-05-02T19:13:32.000Z,washer,8
2CTX,2026-05-02T18:30:32.000Z,washer,8
2CTX,2026-05-02T12:33:07.000Z,washer,18
2CTX,2026-05-02T11:45:54.000Z,washer,18
2CTX,2026-05-02T07:36:46.000Z,washer,18
2CTX,2026-05-01T17:23:00.000Z,washer,18
2CTX,2026-05-01T16:40:37.000Z,washer,18
2CTX,2026-05-01T15:57:24.000Z,washer,18
2CTX,2026-05-01T14:51:11.000Z,washer,18
2CTX,2026-05-01T14:06:13.000Z,washer,8
2CTX,2026-05-01T14:01:09.000Z,washer,18
2CTX,2026-05-01T09:04:37.000Z,washer,18
2CTX,2026-05-01T08:17:51.000Z,washer,18
2CTX,2026-05-01T08:03:58.000Z,washer,8
2CTX,2026-05-01T07:25:12.000Z,washer,18
2CTX,2026-04-30T16:24:21.000Z,washer,18
2CTX,2026-04-30T15:17:08.000Z,washer,18
2CTX,2026-04-30T12:58:17.000Z,washer,18
2CTX,2026-04-30T12:37:11.000Z,washer,8
2CTX,2026-04-30T12:10:16.000Z,washer,18
2CTX,2026-04-30T11:50:17.000Z,washer,8
2CTX,2026-04-30T10:25:50.000Z,washer,18
2CTX,2026-04-29T21:37:38.000Z,washer,18
2CTX,2026-04-29T17:38:12.000Z,washer,18
2CTX,2026-04-29T06:37:30.000Z,washer,18
2CTX,2026-04-29T05:38:13.000Z,washer,8
2CTX,2026-04-29T05:37:21.000Z,washer,18
2CTX,2026-04-28T12:18:35.000Z,washer,8
2CTX,2026-04-28T11:18:48.000Z,washer,8
2CTX,2026-04-28T09:19:27.000Z,washer,18
2CTX,2026-04-27T17:04:37.000Z,washer,8
2CTX,2026-04-27T13:50:33.000Z,washer,18
2CTX,2026-04-27T12:24:31.000Z,washer,18
2CTX,2026-04-27T12:23:36.000Z,washer,8
2CTX,2026-04-27T11:18:30.000Z,washer,8
2CTX,2026-04-27T10:28:23.000Z,washer,18
2CTX,2026-04-27T09:17:50.000Z,washer,8
2CTX,2026-04-27T09:16:14.000Z,washer,18
2CTX,2026-04-26T19:13:33.000Z,washer,18
2CTX,2026-04-26T17:08:48.000Z,washer,18
2CTX,2026-04-26T16:03:03.000Z,washer,18
2CTX,2026-04-26T13:37:36.000Z,washer,18
2CTX,2026-04-26T13:31:49.000Z,washer,8
2CTX,2026-04-26T12:53:09.000Z,washer,8
2CTX,2026-04-26T12:48:42.000Z,washer,18
2CTX,2026-04-26T11:32:42.000Z,washer,18
2CTX,2026-04-26T09:57:47.000Z,washer,18
2CTX,2026-04-26T08:39:29.000Z,washer,18
2CTX,2026-04-25T21:05:48.000Z,washer,8
2CTX,2026-04-25T19:49:53.000Z,washer,18
2CTX,2026-04-25T17:15:38.000Z,washer,8
2CTX,2026-04-25T10:20:17.000Z,washer,18
2CTX,2026-04-25T09:28:00.000Z,washer,8
2CTX,2026-04-25T09:01:51.000Z,washer,18
2CTX,2026-04-25T06:58:16.000Z,washer,18
2CTX,2026-04-24T19:37:31.000Z,washer,18
2CTX,2026-04-24T19:33:53.000Z,washer,8
2CTX,2026-04-24T18:53:01.000Z,washer,8
2CTX,2026-04-24T18:51:58.000Z,washer,18
2CTX,2026-04-24T17:38:46.000Z,washer,18
2CTX,2026-04-24T16:48:48.000Z,washer,18
2CTX,2026-04-24T06:22:04.000Z,washer,8
2CTX,2026-04-24T05:29:46.000Z,washer,8
2CTX,2026-04-23T19:52:12.000Z,washer,8
2CTX,2026-04-23T19:18:09.000Z,washer,18
2CTX,2026-04-23T11:57:41.000Z,washer,8
2CTX,2026-04-23T09:30:07.000Z,washer,8
2CTX,2026-04-23T07:46:48.000Z,washer,8
2CTX,2026-04-22T20:30:20.000Z,washer,18
2CTX,2026-04-22T19:25:41.000Z,washer,8
2CTX,2026-04-22T19:12:16.000Z,washer,18
2CTX,2026-04-22T18:26:58.000Z,washer,8
2CTX,2026-04-22T18:24:23.000Z,washer,18
2CTX,2026-04-22T16:36:59.000Z,washer,18
2CTX,2026-04-22T16:11:03.000Z,washer,8
2CTX,2026-04-22T12:44:22.000Z,washer,8
2CTX,2026-04-22T11:35:56.000Z,washer,18
2CTX,2026-04-22T08:32:17.000Z,washer,18
2CTX,2026-04-22T06:30:14.000Z,washer,18
2CTX,2026-04-22T05:46:25.000Z,washer,8
2CTX,2026-04-22T05:45:31.000Z,washer,18
2CTX,2026-04-21T17:05:12.000Z,washer,8
2CTX,2026-04-21T14:57:26.000Z,washer,18
2CTX,2026-04-21T13:22:44.000Z,washer,18
2CTX,2026-04-21T11:00:41.000Z,washer,18
2CTX,2026-04-21T09:36:25.000Z,washer,8
2CTX,2026-04-21T08:26:25.000Z,washer,18
2CTX,2026-04-20T18:46:48.000Z,washer,18
2CTX,2026-04-20T16:52:27.000Z,washer,18
2CTX,2026-04-20T16:42:23.000Z,washer,8
2CTX,2026-04-20T14:49:46.000Z,washer,18
2CTX,2026-04-20T06:13:21.000Z,washer,8
2CTX,2026-04-20T06:12:23.000Z,washer,18
2CTX,2026-04-19T11:44:10.000Z,washer,8
2CTX,2026-04-19T11:01:27.000Z,washer,8
2CTX,2026-04-19T10:20:08.000Z,washer,18
2CTX,2026-04-19T09:59:46.000Z,washer,8
2CTX,2026-04-19T09:35:42.000Z,washer,18
2CTX,2026-04-18T18:55:00.000Z,washer,8
2CTX,2026-04-18T18:38:48.000Z,washer,18
2CTX,2026-04-18T16:02:02.000Z,washer,18
2CTX,2026-04-18T15:44:31.000Z,washer,8
2CTX,2026-04-18T15:17:51.000Z,washer,18
2CTX,2026-04-18T14:28:38.000Z,washer,18
2CTX,2026-04-18T13:21:47.000Z,washer,8
2CTX,2026-04-18T12:07:14.000Z,washer,18
2CTX,2026-04-18T11:27:40.000Z,washer,8
2CTX,2026-04-18T11:17:02.000Z,washer,18
2CTX,2026-04-18T10:34:41.000Z,washer,8
2CTX,2026-04-18T10:17:25.000Z,washer,18
2CTX,2026-04-18T09:47:24.000Z,washer,8
2CTX,2026-04-18T07:45:31.000Z,washer,18
2CTX,2026-04-17T17:38:52.000Z,washer,18
2CTX,2026-04-17T15:45:15.000Z,washer,18
2CTX,2026-04-17T08:19:02.000Z,washer,18
2CTX,2026-04-17T06:59:15.000Z,washer,18
2CTX,2026-04-16T20:13:25.000Z,washer,8
2CTX,2026-04-16T15:33:41.000Z,washer,8
2CTX,2026-04-15T12:22:08.000Z,washer,8
2CTX,2026-04-15T12:20:18.000Z,washer,18
2CTX,2026-04-15T11:09:18.000Z,washer,8
2CTX,2026-04-15T07:40:31.000Z,washer,18
2CTX,2026-04-14T21:47:10.000Z,washer,8
2CTX,2026-04-14T18:54:28.000Z,washer,18
2CTX,2026-04-14T17:11:58.000Z,washer,8
2CTX,2026-04-14T13:30:14.000Z,washer,8
2CTX,2026-04-14T13:26:23.000Z,washer,18
2CTX,2026-04-14T12:43:20.000Z,washer,8
2CTX,2026-04-14T12:38:54.000Z,washer,18
2CTX,2026-04-14T05:44:31.000Z,washer,8
2CTX,2026-04-14T05:43:06.000Z,washer,18
2CTX,2026-04-13T17:24:50.000Z,washer,8
2CTX,2026-04-13T15:43:03.000Z,washer,8
2CTX,2026-04-13T12:36:27.000Z,washer,8
2CTX,2026-04-13T11:55:17.000Z,washer,8
2CTX,2026-04-13T11:52:18.000Z,washer,18
2CTX,2026-04-13T10:57:42.000Z,washer,8
2CTX,2026-04-13T10:56:30.000Z,washer,18
2CTX,2026-04-13T06:27:46.000Z,washer,8
2CTX,2026-04-13T06:26:46.000Z,washer,18
2CTX,2026-04-12T17:13:41.000Z,washer,18
2CTX,2026-04-12T15:36:24.000Z,washer,18
2CTX,2026-04-12T12:27:02.000Z,washer,8
2CTX,2026-04-12T10:59:08.000Z,washer,8
2CTX,2026-04-12T07:50:40.000Z,washer,18
2CTX,2026-04-11T19:58:37.000Z,washer,8
2CTX,2026-04-11T18:58:43.000Z,washer,18
2CTX,2026-04-11T18:55:24.000Z,washer,8
2CTX,2026-04-11T16:48:45.000Z,washer,18
2CTX,2026-04-11T15:49:25.000Z,washer,8
2CTX,2026-04-11T15:29:37.000Z,washer,18
2CTX,2026-04-11T14:10:03.000Z,washer,18
2CTX,2026-04-11T12:30:56.000Z,washer,18
2CTX,2026-04-11T12:24:40.000Z,washer,8
2CTX,2026-04-11T11:45:15.000Z,washer,18
2CTX,2026-04-11T10:54:18.000Z,washer,18
2CTX,2026-04-11T10:44:09.000Z,washer,8
2CTX,2026-04-11T10:05:17.000Z,washer,18
2CTX,2026-04-11T08:54:25.000Z,washer,18
2CTX,2026-04-11T08:06:02.000Z,washer,18
2CTX,2026-04-11T06:10:32.000Z,washer,18
2CTX,2026-04-10T13:25:22.000Z,washer,8
2CTX,2026-04-10T09:58:19.000Z,washer,18
2CTX,2026-04-09T17:32:28.000Z,washer,18
2CTX,2026-04-09T16:45:59.000Z,washer,8
2CTX,2026-04-09T16:44:41.000Z,washer,18
2CTX,2026-04-09T16:07:42.000Z,washer,8
2CTX,2026-04-09T15:55:06.000Z,washer,18
2CTX,2026-04-09T15:28:49.000Z,washer,8
2CTX,2026-04-09T14:18:29.000Z,washer,18
2CTX,2026-04-08T19:59:08.000Z,washer,18
2CTX,2026-04-08T17:13:55.000Z,washer,18
2CTX,2026-04-08T11:40:13.000Z,washer,8
2CTX,2026-04-08T11:21:54.000Z,washer,18
2CTX,2026-04-08T05:51:27.000Z,washer,8
2CTX,2026-04-08T05:49:27.000Z,washer,18
2CTX,2026-04-07T15:16:02.000Z,washer,8
2CTX,2026-04-07T15:15:01.000Z,washer,18
2CTX,2026-04-07T13:28:23.000Z,washer,8
2CTX,2026-04-07T12:08:30.000Z,washer,18
2CTX,2026-04-07T10:31:29.000Z,washer,18
2CTX,2026-04-07T07:54:07.000Z,washer,18
2CTX,2026-04-06T21:00:25.000Z,washer,8
2CTX,2026-04-06T18:57:00.000Z,washer,18
2CTX,2026-04-06T14:36:15.000Z,washer,18
2CTX,2026-04-06T09:31:38.000Z,washer,8
2CTX,2026-04-06T06:29:02.000Z,washer,18
2CTX,2026-04-05T20:31:13.000Z,washer,8
2CTX,2026-04-05T19:08:16.000Z,washer,8
2CTX,2026-04-05T19:06:57.000Z,washer,18
2CTX,2026-04-05T17:00:23.000Z,washer,18
2CTX,2026-04-05T15:45:41.000Z,washer,18
2CTX,2026-04-05T14:53:42.000Z,washer,18
2CTX,2026-04-05T13:33:17.000Z,washer,18
2CTX,2026-04-05T12:49:15.000Z,washer,8
2CTX,2026-04-05T12:43:21.000Z,washer,18
2CTX,2026-04-05T11:58:47.000Z,washer,18
2CTX,2026-04-05T11:33:23.000Z,washer,8
2CTX,2026-04-05T11:15:02.000Z,washer,18
2CTX,2026-04-05T10:25:52.000Z,washer,8
2CTX,2026-04-05T10:24:25.000Z,washer,18
2CTX,2026-04-05T09:22:18.000Z,washer,18
2CTX,2026-04-05T08:26:45.000Z,washer,8
2CTX,2026-04-04T15:51:15.000Z,washer,8
2CTX,2026-04-04T15:49:57.000Z,washer,18
2CTX,2026-04-04T15:00:37.000Z,washer,8
2CTX,2026-04-04T14:58:39.000Z,washer,18
2CTX,2026-04-04T11:51:41.000Z,washer,8
2CTX,2026-04-04T09:34:11.000Z,washer,18
2CTX,2026-04-04T09:05:09.000Z,washer,8
2CTX,2026-04-04T05:59:20.000Z,washer,18
2CTX,2026-04-03T15:11:43.000Z,washer,8
2CTX,2026-04-03T13:12:33.000Z,washer,18
2CTX,2026-04-02T19:18:03.000Z,washer,8
2CTX,2026-04-02T09:13:12.000Z,washer,18
2CTX,2026-04-01T18:30:11.000Z,washer,18
2CTX,2026-04-01T16:28:28.000Z,washer,18
2CTX,2026-03-31T21:18:01.000Z,washer,18
2CTX,2026-03-31T15:20:51.000Z,washer,18
2CTX,2026-03-31T14:59:52.000Z,washer,8
2CTX,2026-03-31T14:10:40.000Z,washer,8
2CTX,2026-03-31T14:07:49.000Z,washer,18
2CTX,2026-03-31T13:30:37.000Z,washer,8
2CTX,2026-03-31T13:23:47.000Z,washer,18
2CTX,2026-03-31T12:50:32.000Z,washer,8
2CTX,2026-03-31T07:25:58.000Z,washer,8
2CTX,2026-03-31T07:25:09.000Z,washer,18
2CTX,2026-03-29T21:48:32.000Z,washer,18
2CTX,2026-03-29T15:25:48.000Z,washer,8
2CTX,2026-03-29T07:55:57.000Z,washer,18
2CTX,2026-03-29T07:05:55.000Z,washer,18
2CTX,2026-03-28T17:10:32.000Z,washer,18
2CTX,2026-03-28T14:54:15.000Z,washer,8
2CTX,2026-03-28T12:09:08.000Z,washer,18
2CTX,2026-03-28T11:00:35.000Z,washer,8
2CTX,2026-03-28T10:48:18.000Z,washer,18
2CTX,2026-03-28T08:40:46.000Z,washer,18
2CTX,2026-03-28T07:50:03.000Z,washer,18
2CTX,2026-03-27T23:16:56.000Z,washer,18
2CTX,2026-03-27T22:07:36.000Z,washer,8
2CTX,2026-03-27T22:06:43.000Z,washer,18
2CTX,2026-03-27T20:01:02.000Z,washer,18
2CTX,2026-03-27T19:31:05.000Z,washer,8
2CTX,2026-03-27T19:13:46.000Z,washer,18
2CTX,2026-03-27T16:17:20.000Z,washer,18
2CTX,2026-03-27T13:25:48.000Z,washer,18
2CTX,2026-03-27T11:19:58.000Z,washer,18
2CTX,2026-03-26T20:24:31.000Z,washer,18
2CTX,2026-03-26T15:06:55.000Z,washer,8
2CTX,2026-03-25T21:26:16.000Z,washer,18
2CTX,2026-03-25T18:55:32.000Z,washer,18
2CTX,2026-03-25T15:10:07.000Z,washer,18
2CTX,2026-03-25T14:42:36.000Z,washer,8
2CTX,2026-03-25T14:04:29.000Z,washer,18
2CTX,2026-03-25T10:54:59.000Z,washer,18
2CTX,2026-03-25T09:12:31.000Z,washer,18
2CTX,2026-03-25T08:01:28.000Z,washer,18
2CTX,2026-03-25T08:00:36.000Z,washer,8
2CTX,2026-03-24T18:59:38.000Z,washer,8
2CTX,2026-03-24T18:57:17.000Z,washer,18
2CTX,2026-03-24T16:36:00.000Z,washer,8
2CTX,2026-03-24T16:34:47.000Z,washer,18
2CTX,2026-03-24T13:22:52.000Z,washer,18
2CTX,2026-03-23T23:13:35.000Z,washer,8
2CTX,2026-03-23T20:27:51.000Z,washer,8
2CTX,2026-03-23T19:36:56.000Z,washer,8
2CTX,2026-03-23T17:33:28.000Z,washer,18
2CTX,2026-03-23T16:29:57.000Z,washer,18
2CTX,2026-03-23T16:01:09.000Z,washer,8
2CTX,2026-03-23T15:08:45.000Z,washer,8
2CTX,2026-03-23T14:20:39.000Z,washer,18
2CTX,2026-03-23T09:19:54.000Z,washer,18
2CTX,2026-03-22T18:44:04.000Z,washer,8
2CTX,2026-03-22T18:29:37.000Z,washer,18
2CTX,2026-03-22T17:39:36.000Z,washer,18
2CTX,2026-03-22T13:51:47.000Z,washer,18
2CTX,2026-03-22T12:20:44.000Z,washer,18
2CTX,2026-03-21T21:09:15.000Z,washer,8
2CTX,2026-03-21T21:08:01.000Z,washer,18
2CTX,2026-03-21T18:42:21.000Z,washer,18
2CTX,2026-03-21T13:32:07.000Z,washer,18
2CTX,2026-03-21T10:25:43.000Z,washer,8
2CTX,2026-03-21T07:56:15.000Z,washer,8
2CTX,2026-03-21T07:54:20.000Z,washer,18
2CTX,2026-03-20T14:02:08.000Z,washer,8
2CTX,2026-03-20T10:14:17.000Z,washer,8
2CTX,2026-03-20T10:12:19.000Z,washer,18
2CTX,2026-03-19T20:27:39.000Z,washer,18
2CTX,2026-03-19T17:14:25.000Z,washer,8
2CTX,2026-03-19T17:11:34.000Z,washer,18
2CTX,2026-03-19T13:03:49.000Z,washer,8
2CTX,2026-03-18T13:32:57.000Z,washer,18
2CTX,2026-03-18T10:58:19.000Z,washer,18
2CTX,2026-03-17T18:41:53.000Z,washer,8
2CTX,2026-03-17T16:52:16.000Z,washer,18
2CTX,2026-03-17T16:02:38.000Z,washer,8
2CTX,2026-03-17T16:01:42.000Z,washer,18
2CTX,2026-03-16T20:01:19.000Z,washer,18
2CTX,2026-03-16T16:10:53.000Z,washer,18
2CTX,2026-03-16T15:32:13.000Z,washer,8
2CTX,2026-03-16T15:13:51.000Z,washer,8
2CTX,2026-03-16T13:01:17.000Z,washer,18
2CTX,2026-03-15T19:05:30.000Z,washer,18
2CTX,2026-03-15T18:46:03.000Z,washer,8
2CTX,2026-03-15T18:18:37.000Z,washer,18
2CTX,2026-03-15T17:24:29.000Z,washer,18
2CTX,2026-03-15T15:31:09.000Z,washer,8
2CTX,2026-03-15T15:28:01.000Z,washer,18
2CTX,2026-03-15T11:17:58.000Z,washer,8
2CTX,2026-03-14T22:52:43.000Z,washer,18
2CTX,2026-03-14T22:35:12.000Z,washer,8
2CTX,2026-03-14T21:55:18.000Z,washer,8
2CTX,2026-03-14T19:20:22.000Z,washer,18
2CTX,2026-03-14T17:50:12.000Z,washer,8
2CTX,2026-03-14T16:38:20.000Z,washer,18
2CTX,2026-03-14T15:28:22.000Z,washer,8
2CTX,2026-03-14T14:06:43.000Z,washer,8
2CTX,2026-03-14T11:44:07.000Z,washer,18
2CTX,2026-03-14T10:57:51.000Z,washer,8
2CTX,2026-03-14T10:49:22.000Z,washer,18
2CTX,2026-03-14T10:18:31.000Z,washer,8
2CTX,2026-03-14T10:06:49.000Z,washer,18
2CTX,2026-03-14T09:09:46.000Z,washer,18
2CTX,2026-03-14T08:15:15.000Z,washer,18
2CTX,2026-03-13T23:36:34.000Z,washer,8
2CTX,2026-03-13T22:51:46.000Z,washer,8
2CTX,2026-03-13T20:42:45.000Z,washer,18
2CTX,2026-03-13T19:22:35.000Z,washer,18
2CTX,2026-03-13T18:32:52.000Z,washer,18
2CTX,2026-03-13T17:43:31.000Z,washer,8
2CTX,2026-03-13T15:00:18.000Z,washer,18
2CTX,2026-03-13T13:25:30.000Z,washer,8
2CTX,2026-03-13T12:22:41.000Z,washer,8
2CTX,2026-03-13T09:16:06.000Z,washer,18
2CTX,2026-03-13T07:55:29.000Z,washer,18
2CTX,2026-03-12T15:45:16.000Z,washer,8
2CTX,2026-03-12T15:03:20.000Z,washer,8
2CTX,2026-03-12T12:47:42.000Z,washer,18
2CTX,2026-03-12T11:22:17.000Z,washer,8
2CTX,2026-03-12T10:28:13.000Z,washer,18
2CTX,2026-03-11T16:21:28.000Z,washer,8
2CTX,2026-03-11T07:35:24.000Z,washer,18
2CTX,2026-03-10T14:12:05.000Z,washer,8
2CTX,2026-03-10T14:02:56.000Z,washer,18
2CTX,2026-03-10T12:44:02.000Z,washer,18
2CTX,2026-03-10T10:51:14.000Z,washer,18
2CTX,2026-03-10T09:42:04.000Z,washer,18
2CTX,2026-03-10T09:01:17.000Z,washer,8
2CTX,2026-03-09T19:01:49.000Z,washer,8
2CTX,2026-03-09T18:21:19.000Z,washer,18
2CTX,2026-03-09T17:15:45.000Z,washer,18
2CTX,2026-03-09T16:31:25.000Z,washer,8
2CTX,2026-03-09T16:30:09.000Z,washer,18
2CTX,2026-03-09T09:23:58.000Z,washer,18
2CTX,2026-03-08T15:00:55.000Z,washer,18
2CTX,2026-03-08T14:59:52.000Z,washer,8
2CTX,2026-03-08T13:34:38.000Z,washer,8
2CTX,2026-03-08T09:47:44.000Z,washer,18
2CTX,2026-03-07T22:37:15.000Z,washer,8
2CTX,2026-03-07T18:55:09.000Z,washer,18
2CTX,2026-03-07T15:32:34.000Z,washer,8
2CTX,2026-03-07T15:24:41.000Z,washer,18
2CTX,2026-03-07T13:55:23.000Z,washer,18
2CTX,2026-03-07T12:39:14.000Z,washer,8
2CTX,2026-03-07T11:41:05.000Z,washer,18
2CTX,2026-03-07T10:57:36.000Z,washer,18
2CTX,2026-03-07T10:08:18.000Z,washer,8
2CTX,2026-03-07T09:48:17.000Z,washer,18
2CTX,2026-03-07T07:30:10.000Z,washer,8
2CTX,2026-03-07T07:29:07.000Z,washer,18
2CTX,2026-03-06T19:11:40.000Z,washer,18
2CTX,2026-03-06T19:03:15.000Z,washer,8
2CTX,2026-03-06T18:24:48.000Z,washer,8
2CTX,2026-03-06T14:38:22.000Z,washer,18
2CTX,2026-03-06T12:18:27.000Z,washer,18
2CTX,2026-03-06T10:16:53.000Z,washer,18
2CTX,2026-03-06T09:30:55.000Z,washer,8
2CTX,2026-03-06T09:29:30.000Z,washer,18
2CTX,2026-03-05T17:34:14.000Z,washer,8
2CTX,2026-03-04T16:30:52.000Z,washer,8
2CTX,2026-03-04T16:13:29.000Z,washer,18
2CTX,2026-03-04T10:47:49.000Z,washer,18
2CTX,2026-03-03T20:32:01.000Z,washer,18
2CTX,2026-03-03T17:38:19.000Z,washer,18
2CTX,2026-03-03T16:42:39.000Z,washer,8
2CTX,2026-03-02T21:01:12.000Z,washer,18
2CTX,2026-03-02T20:00:15.000Z,washer,18
2CTX,2026-03-02T12:30:06.000Z,washer,18
2CTX,2026-03-02T08:18:26.000Z,washer,8
2CTX,2026-03-01T19:10:37.000Z,washer,18
2CTX,2026-03-01T18:18:54.000Z,washer,18
2CTX,2026-03-01T14:52:26.000Z,washer,18
2CTX,2026-03-01T14:30:06.000Z,washer,8
2CTX,2026-03-01T14:03:37.000Z,washer,18
2CTX,2026-03-01T12:51:04.000Z,washer,18
2CTX,2026-03-01T11:10:29.000Z,washer,8
2CTX,2026-03-01T09:58:48.000Z,washer,8
2CTX,2026-02-28T20:18:04.000Z,washer,18
2CTX,2026-02-28T19:42:21.000Z,washer,8
2CTX,2026-02-28T19:04:42.000Z,washer,8
2CTX,2026-02-28T18:57:04.000Z,washer,18
2CTX,2026-02-28T16:10:27.000Z,washer,18
2CTX,2026-02-28T14:42:19.000Z,washer,8
2CTX,2026-02-28T14:41:13.000Z,washer,18
2CTX,2026-02-28T13:53:53.000Z,washer,18
2CTX,2026-02-28T13:52:25.000Z,washer,8
2CTX,2026-02-28T13:00:06.000Z,washer,18
2CTX,2026-02-28T12:46:42.000Z,washer,8
2CTX,2026-02-28T12:13:57.000Z,washer,18
2CTX,2026-02-28T11:56:19.000Z,washer,8
2CTX,2026-02-28T11:30:39.000Z,washer,18
2CTX,2026-02-28T08:52:01.000Z,washer,18
2CTX,2026-02-28T08:04:58.000Z,washer,18
2CTX,2026-02-28T02:54:51.000Z,washer,18
2CTX,2026-02-27T23:30:53.000Z,washer,18
2CTX,2026-02-27T21:12:49.000Z,washer,8
2CTX,2026-02-27T17:58:24.000Z,washer,8
2CTX,2026-02-27T15:39:05.000Z,washer,18
2CTX,2026-02-27T11:02:34.000Z,washer,8
2CTX,2026-02-26T21:17:31.000Z,washer,18
2CTX,2026-02-26T21:00:57.000Z,washer,8
2CTX,2026-02-26T18:22:04.000Z,washer,8
2CTX,2026-02-26T17:37:24.000Z,washer,8
2CTX,2026-02-26T15:08:31.000Z,washer,18
2CTX,2026-02-26T13:05:08.000Z,washer,18
2CTX,2026-02-26T12:23:50.000Z,washer,8
2CTX,2026-02-25T21:06:18.000Z,washer,8
2CTX,2026-02-25T20:28:06.000Z,washer,18
2CTX,2026-02-25T19:57:49.000Z,washer,8
2CTX,2026-02-25T15:42:52.000Z,washer,8
2CTX,2026-02-25T12:16:33.000Z,washer,18
2CTX,2026-02-25T08:02:40.000Z,washer,18
2CTX,2026-02-24T19:41:56.000Z,washer,18
2CTX,2026-02-24T18:52:14.000Z,washer,18
2CTX,2026-02-24T15:48:50.000Z,washer,8
2CTX,2026-02-24T11:54:13.000Z,washer,18
2CTX,2026-02-24T11:04:16.000Z,washer,18
2CTX,2026-02-23T19:23:06.000Z,washer,18
2CTX,2026-02-23T17:43:22.000Z,washer,18
2CTX,2026-02-23T13:25:22.000Z,washer,18
2CTX,2026-02-22T22:55:28.000Z,washer,8
2CTX,2026-02-22T20:11:49.000Z,washer,8
2CTX,2026-02-22T19:57:38.000Z,washer,18
2CTX,2026-02-22T19:31:49.000Z,washer,8
2CTX,2026-02-22T19:12:28.000Z,washer,18
2CTX,2026-02-22T18:49:42.000Z,washer,8
2CTX,2026-02-22T18:25:08.000Z,washer,18
2CTX,2026-02-22T18:08:51.000Z,washer,8
2CTX,2026-02-22T17:24:33.000Z,washer,18
2CTX,2026-02-22T17:18:26.000Z,washer,8
2CTX,2026-02-22T16:30:28.000Z,washer,18
2CTX,2026-02-22T15:19:11.000Z,washer,8
2CTX,2026-02-22T15:17:21.000Z,washer,18
2CTX,2026-02-22T14:31:22.000Z,washer,18
2CTX,2026-02-22T13:38:57.000Z,washer,18
2CTX,2026-02-22T12:25:33.000Z,washer,18
2CTX,2026-02-22T12:16:14.000Z,washer,8
2CTX,2026-02-22T11:24:46.000Z,washer,8
2CTX,2026-02-22T11:23:55.000Z,washer,18
2CTX,2026-02-21T21:48:48.000Z,washer,18
2CTX,2026-02-21T21:03:54.000Z,washer,8
2CTX,2026-02-21T20:59:31.000Z,washer,18
2CTX,2026-02-21T18:39:18.000Z,washer,8
2CTX,2026-02-21T18:38:21.000Z,washer,18
2CTX,2026-02-21T17:11:54.000Z,washer,18
2CTX,2026-02-21T16:22:49.000Z,washer,18
2CTX,2026-02-21T16:04:55.000Z,washer,8
2CTX,2026-02-21T15:28:41.000Z,washer,18
2CTX,2026-02-21T15:23:40.000Z,washer,8
2CTX,2026-02-21T14:50:31.000Z,washer,18
2CTX,2026-02-21T13:43:08.000Z,washer,18
2CTX,2026-02-21T12:58:09.000Z,washer,18
2CTX,2026-02-21T12:19:50.000Z,washer,8
2CTX,2026-02-21T12:09:39.000Z,washer,18
2CTX,2026-02-21T11:36:07.000Z,washer,8
2CTX,2026-02-21T11:23:11.000Z,washer,18
2CTX,2026-02-21T10:37:07.000Z,washer,18
2CTX,2026-02-20T20:56:18.000Z,washer,18
2CTX,2026-02-20T19:39:37.000Z,washer,18
2CTX,2026-02-20T13:38:57.000Z,washer,8
2CTX,2026-02-20T13:36:27.000Z,washer,18
2CTX,2026-02-20T10:29:32.000Z,washer,18
2CTX,2026-02-20T09:44:21.000Z,washer,18
2CTX,2026-02-20T08:56:48.000Z,washer,18
2CTX,2026-02-19T12:55:47.000Z,washer,18
2CTX,2026-02-19T12:51:00.000Z,washer,8
2CTX,2026-02-19T11:32:59.000Z,washer,18
2CTX,2026-02-19T10:39:44.000Z,washer,8
2CTX,2026-02-19T10:34:12.000Z,washer,18
2CTX,2026-02-18T16:34:04.000Z,washer,8
2CTX,2026-02-18T10:28:30.000Z,washer,8
2CTX,2026-02-18T08:23:24.000Z,washer,8
2CTX,2026-02-18T08:22:31.000Z,washer,18
2CTX,2026-02-17T19:12:37.000Z,washer,8
2CTX,2026-02-17T17:46:32.000Z,washer,8
2CTX,2026-02-17T15:59:48.000Z,washer,18
2CTX,2026-02-17T15:58:48.000Z,washer,8
2CTX,2026-02-17T00:50:29.000Z,washer,8
2CTX,2026-02-17T00:49:32.000Z,washer,18
2CTX,2026-02-16T16:50:08.000Z,washer,18
2CTX,2026-02-16T14:58:43.000Z,washer,18
2CTX,2026-02-16T14:07:17.000Z,washer,18
2CTX,2026-02-16T09:21:52.000Z,washer,8
2CTX,2026-02-15T18:56:56.000Z,washer,8
2CTX,2026-02-15T18:18:46.000Z,washer,8
2CTX,2026-02-15T17:38:27.000Z,washer,18
2CTX,2026-02-15T17:36:33.000Z,washer,8
2CTX,2026-02-15T16:47:24.000Z,washer,18
2CTX,2026-02-15T14:06:39.000Z,washer,18
2CTX,2026-02-15T13:21:06.000Z,washer,18
2CTX,2026-02-15T13:18:20.000Z,washer,8
2CTX,2026-02-15T10:59:04.000Z,washer,18
2CTX,2026-02-14T16:49:37.000Z,washer,8
2CTX,2026-02-14T16:32:23.000Z,washer,18
2CTX,2026-02-14T12:04:39.000Z,washer,18
2CTX,2026-02-14T11:10:23.000Z,washer,8
2CTX,2026-02-14T10:14:23.000Z,washer,18
2CTX,2026-02-14T09:12:34.000Z,washer,18
2CTX,2026-02-14T08:23:49.000Z,washer,18
2CTX,2026-02-14T06:45:50.000Z,washer,18
2CTX,2026-02-13T20:00:37.000Z,washer,18
2CTX,2026-02-13T18:24:06.000Z,washer,18
2CTX,2026-02-13T18:05:27.000Z,washer,8
2CTX,2026-02-13T17:30:20.000Z,washer,18
2CTX,2026-02-13T15:07:51.000Z,washer,18
2CTX,2026-02-13T12:00:35.000Z,washer,18
2CTX,2026-02-13T11:12:17.000Z,washer,8
2CTX,2026-02-13T08:00:20.000Z,washer,8
2CTX,2026-02-12T19:44:54.000Z,washer,8
2CTX,2026-02-12T17:11:29.000Z,washer,18
2CTX,2026-02-12T16:24:10.000Z,washer,18
2CTX,2026-02-12T13:33:29.000Z,washer,18
2CTX,2026-02-12T12:12:50.000Z,washer,18
2CTX,2026-02-11T19:51:19.000Z,washer,18
2CTX,2026-02-11T17:23:12.000Z,washer,8
2CTX,2026-02-11T15:37:35.000Z,washer,18
2CTX,2026-02-11T13:08:26.000Z,washer,18
2CTX,2026-02-11T08:11:01.000Z,washer,18
2CTX,2026-02-11T08:10:03.000Z,washer,8
2CTX,2026-02-10T16:16:38.000Z,washer,18
2CTX,2026-02-10T16:06:39.000Z,washer,8
2CTX,2026-02-10T15:26:50.000Z,washer,8
2CTX,2026-02-10T12:52:05.000Z,washer,18
2CTX,2026-02-10T10:47:20.000Z,washer,8
2CTX,2026-02-10T09:37:55.000Z,washer,18
2CTX,2026-02-09T18:02:07.000Z,washer,18
2CTX,2026-02-09T18:01:02.000Z,washer,8
2CTX,2026-02-09T17:08:57.000Z,washer,18
2CTX,2026-02-09T16:15:36.000Z,washer,18
2CTX,2026-02-09T15:29:42.000Z,washer,18
2CTX,2026-02-09T14:23:45.000Z,washer,18
2CTX,2026-02-08T22:47:38.000Z,washer,8
2CTX,2026-02-08T20:10:55.000Z,washer,8
2CTX,2026-02-08T20:09:48.000Z,washer,18
2CTX,2026-02-08T19:13:25.000Z,washer,18
2CTX,2026-02-08T19:08:45.000Z,washer,8
2CTX,2026-02-08T17:05:54.000Z,washer,8
2CTX,2026-02-08T14:46:03.000Z,washer,18
2CTX,2026-02-08T14:01:28.000Z,washer,18
2CTX,2026-02-08T13:11:08.000Z,washer,8
2CTX,2026-02-08T13:06:22.000Z,washer,18
2CTX,2026-02-08T08:08:09.000Z,washer,18
2CTX,2026-02-07T17:35:50.000Z,washer,18
2CTX,2026-02-07T17:26:06.000Z,washer,8
2CTX,2026-02-07T13:36:48.000Z,washer,18
2CTX,2026-02-07T09:28:08.000Z,washer,18
2CTX,2026-02-06T19:07:17.000Z,washer,8
2CTX,2026-02-06T19:05:48.000Z,washer,18
2CTX,2026-02-06T16:53:21.000Z,washer,8
2CTX,2026-02-06T16:09:05.000Z,washer,8
2CTX,2026-02-06T16:07:36.000Z,washer,18
2CTX,2026-02-06T05:53:40.000Z,washer,18
2CTX,2026-02-04T21:30:04.000Z,washer,8
2CTX,2026-02-04T21:28:23.000Z,washer,18
2CTX,2026-02-04T08:53:54.000Z,washer,18
2CTX,2026-02-03T21:32:33.000Z,washer,18
2CTX,2026-02-03T21:01:05.000Z,washer,8
2CTX,2026-02-03T20:46:20.000Z,washer,18
2CTX,2026-02-03T20:06:42.000Z,washer,8
2CTX,2026-02-03T19:41:19.000Z,washer,18
2CTX,2026-02-03T18:41:58.000Z,washer,18
2CTX,2026-02-02T16:16:42.000Z,washer,18
2CTX,2026-02-02T14:29:12.000Z,washer,18
2CTX,2026-02-02T11:15:51.000Z,washer,18
2CTX,2026-02-02T09:30:15.000Z,washer,18
2CTX,2026-02-01T23:06:23.000Z,washer,8
2CTX,2026-02-01T19:22:05.000Z,washer,18
2CTX,2026-02-01T18:45:59.000Z,washer,8
2CTX,2026-02-01T18:20:50.000Z,washer,18
2CTX,2026-02-01T16:47:06.000Z,washer,8
2CTX,2026-02-01T16:44:17.000Z,washer,18
2CTX,2026-02-01T15:50:23.000Z,washer,18
2CTX,2026-02-01T15:47:07.000Z,washer,8
2CTX,2026-02-01T14:19:25.000Z,washer,8
2CTX,2026-02-01T12:40:45.000Z,washer,8
2CTX,2026-02-01T11:51:50.000Z,washer,8
2CTX,2026-01-31T18:18:48.000Z,washer,8
2CTX,2026-01-31T15:16:35.000Z,washer,8
2CTX,2026-01-31T14:38:04.000Z,washer,8
2CTX,2026-01-31T13:53:04.000Z,washer,8
2CTX,2026-01-31T12:24:30.000Z,washer,8
2CTX,2026-01-31T11:33:34.000Z,washer,8
2CTX,2026-01-31T10:33:41.000Z,washer,8
2CTX,2026-01-30T23:42:54.000Z,washer,8
2CTX,2026-01-30T22:52:49.000Z,washer,8
2CTX,2026-01-30T19:25:28.000Z,washer,8
2CTX,2026-01-30T18:42:21.000Z,washer,8
2CTX,2026-01-30T13:10:11.000Z,washer,8
2CTX,2026-01-30T12:31:34.000Z,washer,18
2CTX,2026-01-29T20:02:34.000Z,washer,8
2CTX,2026-01-29T19:11:12.000Z,washer,8
2CTX,2026-01-29T18:34:52.000Z,washer,18
2CTX,2026-01-29T18:33:19.000Z,washer,8
2CTX,2026-01-29T13:20:28.000Z,washer,8
2CTX,2026-01-29T10:52:37.000Z,washer,18
2CTX,2026-01-29T10:04:21.000Z,washer,8
2CTX,2026-01-29T10:02:55.000Z,washer,18
2CTX,2026-01-28T19:34:42.000Z,washer,8
2CTX,2026-01-28T18:40:13.000Z,washer,18
2CTX,2026-01-28T17:43:11.000Z,washer,18
2CTX,2026-01-28T15:24:46.000Z,washer,8
2CTX,2026-01-28T14:28:02.000Z,washer,8
2CTX,2026-01-27T19:26:50.000Z,washer,8
2CTX,2026-01-27T19:20:15.000Z,washer,18
2CTX,2026-01-27T17:15:00.000Z,washer,8
2CTX,2026-01-27T14:18:35.000Z,washer,8
2CTX,2026-01-27T14:15:55.000Z,washer,8
2CTX,2026-01-27T08:06:17.000Z,washer,8
2CTX,2026-01-27T08:05:24.000Z,washer,18
2CTX,2026-01-26T17:13:48.000Z,washer,18
2CTX,2026-01-26T16:03:41.000Z,washer,18
2CTX,2026-01-26T16:02:45.000Z,washer,8
2CTX,2026-01-26T14:36:12.000Z,washer,18
2CTX,2026-01-25T21:52:47.000Z,washer,18
2CTX,2026-01-25T18:59:34.000Z,washer,8
2CTX,2026-01-25T18:34:50.000Z,washer,18
2CTX,2026-01-25T18:10:38.000Z,washer,8
2CTX,2026-01-25T17:49:38.000Z,washer,18
2CTX,2026-01-25T17:12:45.000Z,washer,8
2CTX,2026-01-25T16:33:23.000Z,washer,8
2CTX,2026-01-25T16:25:29.000Z,washer,18
2CTX,2026-01-25T15:49:15.000Z,washer,8
2CTX,2026-01-25T15:44:40.000Z,washer,18
2CTX,2026-01-25T14:59:16.000Z,washer,18
2CTX,2026-01-25T14:50:30.000Z,washer,8
2CTX,2026-01-25T14:11:21.000Z,washer,18
2CTX,2026-01-25T14:10:00.000Z,washer,8
2CTX,2026-01-25T12:13:55.000Z,washer,8
2CTX,2026-01-25T12:12:45.000Z,washer,18
2CTX,2026-01-25T11:24:39.000Z,washer,8
2CTX,2026-01-25T11:23:12.000Z,washer,18
2CTX,2026-01-24T20:02:38.000Z,washer,8
2CTX,2026-01-24T19:41:22.000Z,washer,18
2CTX,2026-01-24T18:47:28.000Z,washer,8
2CTX,2026-01-24T18:45:28.000Z,washer,18
2CTX,2026-01-24T17:50:50.000Z,washer,18
2CTX,2026-01-24T17:03:36.000Z,washer,18
2CTX,2026-01-24T16:24:39.000Z,washer,8
2CTX,2026-01-24T16:17:00.000Z,washer,18
2CTX,2026-01-24T15:35:23.000Z,washer,8
2CTX,2026-01-24T15:31:32.000Z,washer,18
2CTX,2026-01-24T14:41:21.000Z,washer,8
2CTX,2026-01-24T14:40:24.000Z,washer,18
2CTX,2026-01-24T12:44:17.000Z,washer,18
2CTX,2026-01-24T11:50:29.000Z,washer,18
2CTX,2026-01-24T10:06:12.000Z,washer,18
2CTX,2026-01-24T09:18:00.000Z,washer,18
2CTX,2026-01-24T08:36:37.000Z,washer,18
2CTX,2026-01-24T07:32:19.000Z,washer,18
2CTX,2026-01-23T19:00:20.000Z,washer,18
2CTX,2026-01-23T17:00:49.000Z,washer,18
2CTX,2026-01-23T16:14:14.000Z,washer,8
2CTX,2026-01-23T16:09:42.000Z,washer,18
2CTX,2026-01-23T15:13:04.000Z,washer,18
2CTX,2026-01-23T14:34:08.000Z,washer,8
2CTX,2026-01-23T14:27:08.000Z,washer,18
2CTX,2026-01-23T05:45:21.000Z,washer,18
2CTX,2026-01-23T05:42:17.000Z,washer,8
2CTX,2026-01-22T17:46:26.000Z,washer,8
2CTX,2026-01-22T16:37:16.000Z,washer,18
2CTX,2026-01-21T20:08:50.000Z,washer,18
2CTX,2026-01-21T17:48:07.000Z,washer,18
2CTX,2026-01-20T16:26:49.000Z,washer,8
2CTX,2026-01-20T14:13:23.000Z,washer,18
2CTX,2026-01-20T11:40:28.000Z,washer,18
2CTX,2026-01-20T09:30:30.000Z,washer,8
2CTX,2026-01-20T09:29:31.000Z,washer,18
2CTX,2026-01-19T19:43:20.000Z,washer,18
2CTX,2026-01-19T18:43:40.000Z,washer,8
2CTX,2026-01-19T18:31:54.000Z,washer,18
2CTX,2026-01-19T14:59:41.000Z,washer,18
2CTX,2026-01-19T14:52:51.000Z,washer,8
2CTX,2026-01-19T14:46:54.000Z,washer,8
2CTX,2026-01-19T13:34:01.000Z,washer,8
2CTX,2026-01-19T13:21:36.000Z,washer,18
2CTX,2026-01-19T12:33:19.000Z,washer,18
2CTX,2026-01-18T20:17:35.000Z,washer,18
2CTX,2026-01-18T17:40:49.000Z,washer,18
2CTX,2026-01-18T14:15:33.000Z,washer,8
2CTX,2026-01-18T14:13:04.000Z,washer,18
2CTX,2026-01-17T18:14:22.000Z,washer,8
2CTX,2026-01-17T18:13:24.000Z,washer,18
2CTX,2026-01-17T17:16:53.000Z,washer,18
2CTX,2026-01-17T16:59:58.000Z,washer,8
2CTX,2026-01-17T16:30:58.000Z,washer,18
2CTX,2026-01-17T15:49:34.000Z,washer,18
2CTX,2026-01-17T14:59:12.000Z,washer,18
2CTX,2026-01-17T14:09:55.000Z,washer,18
2CTX,2026-01-17T13:17:46.000Z,washer,18
2CTX,2026-01-17T09:06:32.000Z,washer,18
2CTX,2026-01-16T22:19:45.000Z,washer,18
2CTX,2026-01-16T17:48:52.000Z,washer,18
2CTX,2026-01-16T16:07:45.000Z,washer,18
2CTX,2026-01-14T17:45:53.000Z,washer,18
2CTX,2026-01-14T17:11:43.000Z,washer,8
2CTX,2026-01-14T12:07:09.000Z,washer,18
2CTX,2026-01-13T20:23:59.000Z,washer,18
2CTX,2026-01-13T19:19:48.000Z,washer,18
2CTX,2026-01-13T19:18:29.000Z,washer,8
2CTX,2026-01-13T18:27:50.000Z,washer,18
2CTX,2026-01-13T14:26:30.000Z,washer,18
2CTX,2026-01-12T09:52:14.000Z,washer,18
2CTX,2026-01-11T16:18:04.000Z,washer,8
2CTX,2026-01-11T16:17:05.000Z,washer,18
2CTX,2026-01-11T11:35:39.000Z,washer,18
2CTX,2026-01-11T08:10:10.000Z,washer,18
2CTX,2026-01-10T20:34:30.000Z,washer,8
2CTX,2026-01-10T20:27:26.000Z,washer,8
2CTX,2026-01-10T20:14:47.000Z,washer,18
2CTX,2026-01-10T18:56:39.000Z,washer,18
2CTX,2026-01-10T18:45:06.000Z,washer,8
2CTX,2026-01-10T16:59:48.000Z,washer,8
2CTX,2026-01-10T16:22:18.000Z,washer,18
2CTX,2026-01-10T12:07:08.000Z,washer,8
2CTX,2026-01-10T11:48:11.000Z,washer,18
2CTX,2026-01-09T17:33:06.000Z,washer,8
2CTX,2026-01-09T12:18:12.000Z,washer,8
2CTX,2026-01-09T11:38:55.000Z,washer,8
2CTX,2026-01-08T18:44:47.000Z,washer,18
2CTX,2026-01-08T17:17:50.000Z,washer,18
2CTX,2026-01-08T03:09:13.000Z,washer,8
2CTX,2026-01-07T19:31:39.000Z,washer,18
2CTX,2026-01-07T17:17:44.000Z,washer,18
2CTX,2026-01-07T16:32:24.000Z,washer,18
2CTX,2026-01-07T12:43:32.000Z,washer,18
2CTX,2026-01-07T10:32:26.000Z,washer,18
2CTX,2026-01-07T08:12:37.000Z,washer,18
2CTX,2026-01-06T17:59:28.000Z,washer,8
2CTX,2026-01-06T09:14:58.000Z,washer,18
2CTX,2026-01-05T17:30:46.000Z,washer,8
2CTX,2026-01-04T21:21:04.000Z,washer,18
2CTX,2026-01-04T17:15:59.000Z,washer,8
2CTX,2026-01-04T17:15:05.000Z,washer,18
2CTX,2026-01-04T15:54:17.000Z,washer,18
2CTX,2026-01-04T14:46:58.000Z,washer,18
2CTX,2026-01-04T09:40:09.000Z,washer,8
2CTX,2026-01-04T07:48:11.000Z,washer,18
2CTX,2026-01-03T20:02:18.000Z,washer,8
2CTX,2026-01-03T16:58:43.000Z,washer,8
2CTX,2026-01-03T16:10:46.000Z,washer,18
2CTX,2026-01-03T14:58:56.000Z,washer,18
2CTX,2026-01-03T12:15:40.000Z,washer,18
2CTX,2026-01-03T11:36:20.000Z,washer,8
2CTX,2026-01-03T11:19:37.000Z,washer,18
2CTX,2026-01-02T18:09:47.000Z,washer,18
2CTX,2026-01-02T17:23:34.000Z,washer,18
2CTX,2026-01-02T17:16:06.000Z,washer,8
2CTX,2026-01-02T16:38:14.000Z,washer,8
2CTX,2026-01-02T16:33:50.000Z,washer,18
2CTX,2026-01-02T15:34:01.000Z,washer,8
2CTX,2026-01-02T15:33:06.000Z,washer,18
2CTX,2026-01-02T12:55:24.000Z,washer,8
2CTX,2026-01-02T11:54:59.000Z,washer,8
2CTX,2026-01-02T11:52:15.000Z,washer,18
2CTX,2026-01-01T20:36:02.000Z,washer,8
2CTX,2026-01-01T13:36:17.000Z,washer,18
2CTX,2026-01-01T11:13:13.000Z,washer,18
2CTX,2025-12-31T11:50:47.000Z,washer,8
2CTX,2025-12-31T10:33:53.000Z,washer,8
2CTX,2025-12-31T09:33:19.000Z,washer,18
2CTX,2025-12-31T07:50:13.000Z,washer,8
2CTX,2025-12-31T07:49:23.000Z,washer,18
2CTX,2025-12-30T19:09:14.000Z,washer,8
2CTX,2025-12-30T19:04:59.000Z,washer,18
2CTX,2025-12-30T18:16:55.000Z,washer,8
2CTX,2025-12-30T18:15:58.000Z,washer,18
2CTX,2025-12-30T15:47:14.000Z,washer,18
2CTX,2025-12-30T15:05:43.000Z,washer,18
2CTX,2025-12-30T14:21:52.000Z,washer,18
2CTX,2025-12-30T13:44:58.000Z,washer,8
2CTX,2025-12-30T10:57:06.000Z,washer,8
2CTX,2025-12-29T19:18:04.000Z,washer,8
2CTX,2025-12-29T17:52:50.000Z,washer,8
2CTX,2025-12-29T17:51:33.000Z,washer,18
2CTX,2025-12-29T13:18:10.000Z,washer,18
2CTX,2025-12-29T11:41:59.000Z,washer,8
2CTX,2025-12-29T11:36:56.000Z,washer,18
2CTX,2025-12-29T06:28:11.000Z,washer,8
2CTX,2025-12-28T14:30:13.000Z,washer,8
2CTX,2025-12-28T11:49:27.000Z,washer,18
2CTX,2025-12-28T11:05:22.000Z,washer,18
2CTX,2025-12-27T20:42:16.000Z,washer,8
2CTX,2025-12-27T19:17:02.000Z,washer,8
2CTX,2025-12-27T18:37:40.000Z,washer,8
2CTX,2025-12-27T17:47:32.000Z,washer,18
2CTX,2025-12-27T16:43:04.000Z,washer,8
2CTX,2025-12-27T16:19:32.000Z,washer,18
2CTX,2025-12-27T15:19:12.000Z,washer,18
2CTX,2025-12-27T12:35:49.000Z,washer,18
2CTX,2025-12-27T11:03:28.000Z,washer,18
2CTX,2025-12-26T18:11:04.000Z,washer,8
2CTX,2025-12-26T16:28:35.000Z,washer,18
2CTX,2025-12-26T15:45:16.000Z,washer,8
2CTX,2025-12-26T15:43:32.000Z,washer,18
2CTX,2025-12-26T15:02:03.000Z,washer,8
2CTX,2025-12-26T13:43:13.000Z,washer,18
2CTX,2025-12-25T18:43:20.000Z,washer,18
2CTX,2025-12-25T15:53:33.000Z,washer,18
2CTX,2025-12-25T15:15:54.000Z,washer,8
2CTX,2025-12-25T15:03:25.000Z,washer,18
2CTX,2025-12-25T14:15:25.000Z,washer,18
2CTX,2025-12-24T12:46:20.000Z,washer,18
2CTX,2025-12-23T19:21:54.000Z,washer,18
2CTX,2025-12-23T17:00:14.000Z,washer,8
2CTX,2025-12-23T15:16:03.000Z,washer,8
2CTX,2025-12-23T14:41:10.000Z,washer,18
2CTX,2025-12-23T12:27:28.000Z,washer,18
2CTX,2025-12-23T11:13:10.000Z,washer,18
2CTX,2025-12-23T10:27:13.000Z,washer,18
2CTX,2025-12-22T19:16:11.000Z,washer,18
2CTX,2025-12-22T16:50:27.000Z,washer,8
2CTX,2025-12-22T16:22:11.000Z,washer,18
2CTX,2025-12-22T15:31:23.000Z,washer,18
2CTX,2025-12-22T15:22:06.000Z,washer,8
2CTX,2025-12-22T12:54:50.000Z,washer,18
2CTX,2025-12-22T11:54:21.000Z,washer,18
2CTX,2025-12-22T10:34:33.000Z,washer,18
2CTX,2025-12-21T20:42:23.000Z,washer,8
2CTX,2025-12-21T19:40:38.000Z,washer,18
2CTX,2025-12-21T15:10:45.000Z,washer,18
2CTX,2025-12-21T13:48:26.000Z,washer,8
2CTX,2025-12-21T13:46:46.000Z,washer,18
2CTX,2025-12-21T12:52:04.000Z,washer,18
2CTX,2025-12-21T12:36:52.000Z,washer,8
2CTX,2025-12-21T12:07:14.000Z,washer,18
2CTX,2025-12-21T11:21:25.000Z,washer,18
2CTX,2025-12-21T10:17:09.000Z,washer,18
2CTX,2025-12-21T08:27:42.000Z,washer,18
2CTX,2025-12-20T20:22:01.000Z,washer,8
2CTX,2025-12-20T20:18:53.000Z,washer,18
2CTX,2025-12-20T19:21:39.000Z,washer,18
2CTX,2025-12-20T17:20:24.000Z,washer,18
2CTX,2025-12-20T15:49:09.000Z,washer,8
2CTX,2025-12-20T15:39:22.000Z,washer,18
2CTX,2025-12-20T14:54:15.000Z,washer,8
2CTX,2025-12-20T14:45:35.000Z,washer,18
2CTX,2025-12-20T13:52:28.000Z,washer,18
2CTX,2025-12-20T13:06:01.000Z,washer,18
2CTX,2025-12-20T12:18:01.000Z,washer,18
2CTX,2025-12-20T11:48:45.000Z,washer,8
2CTX,2025-12-20T10:54:44.000Z,washer,18
2CTX,2025-12-20T10:07:54.000Z,washer,8
2CTX,2025-12-20T09:47:55.000Z,washer,18
2CTX,2025-12-19T21:41:54.000Z,washer,8
2CTX,2025-12-19T21:38:19.000Z,washer,18
2CTX,2025-12-19T14:57:02.000Z,washer,8
2CTX,2025-12-19T10:10:20.000Z,washer,18
2CTX,2025-12-18T21:05:31.000Z,washer,18
2CTX,2025-12-18T19:57:23.000Z,washer,8
2CTX,2025-12-18T18:13:06.000Z,washer,18
2CTX,2025-12-18T17:57:04.000Z,washer,8
2CTX,2025-12-18T09:34:31.000Z,washer,8
2CTX,2025-12-18T08:53:35.000Z,washer,18
2CTX,2025-12-17T23:56:35.000Z,washer,18
2CTX,2025-12-17T19:18:08.000Z,washer,18
2CTX,2025-12-17T18:52:21.000Z,washer,8
2CTX,2025-12-17T11:40:59.000Z,washer,18
2CTX,2025-12-16T17:19:24.000Z,washer,8
2CTX,2025-12-16T17:18:05.000Z,washer,18
2CTX,2025-12-16T12:07:28.000Z,washer,8
2CTX,2025-12-16T08:08:40.000Z,washer,18
2CTX,2025-12-16T08:07:35.000Z,washer,8
2CTX,2025-12-15T19:57:01.000Z,washer,8
2CTX,2025-12-15T17:38:07.000Z,washer,18
2CTX,2025-12-15T13:49:04.000Z,washer,8
2CTX,2025-12-15T11:12:15.000Z,washer,8
2CTX,2025-12-15T09:54:19.000Z,washer,18
2CTX,2025-12-14T20:55:00.000Z,washer,8
2CTX,2025-12-14T20:13:37.000Z,washer,8
2CTX,2025-12-14T19:00:39.000Z,washer,8
2CTX,2025-12-14T18:52:54.000Z,washer,18
2CTX,2025-12-14T17:42:34.000Z,washer,18
2CTX,2025-12-14T16:41:22.000Z,washer,18
2CTX,2025-12-14T11:37:23.000Z,washer,8
2CTX,2025-12-14T09:24:30.000Z,washer,18
2CTX,2025-12-14T09:22:30.000Z,washer,8
2CTX,2025-12-14T08:35:30.000Z,washer,18
2CTX,2025-12-14T07:24:15.000Z,washer,18
2CTX,2025-12-13T21:13:25.000Z,washer,18
2CTX,2025-12-13T20:15:43.000Z,washer,18
2CTX,2025-12-13T20:02:24.000Z,washer,8
2CTX,2025-12-13T18:51:44.000Z,washer,18
2CTX,2025-12-13T16:25:51.000Z,washer,8
2CTX,2025-12-13T13:28:16.000Z,washer,8
2CTX,2025-12-13T12:52:18.000Z,washer,18
2CTX,2025-12-13T10:58:38.000Z,washer,18
2CTX,2025-12-13T10:26:12.000Z,washer,18
2CTX,2025-12-13T07:26:30.000Z,washer,8
2CTX,2025-12-12T20:52:15.000Z,washer,18
2CTX,2025-12-12T20:10:20.000Z,washer,8
2CTX,2025-12-12T18:13:11.000Z,washer,8
2CTX,2025-12-12T14:27:28.000Z,washer,18
2CTX,2025-12-11T18:30:00.000Z,washer,8
2CTX,2025-12-11T15:32:04.000Z,washer,8
2CTX,2025-12-11T14:42:54.000Z,washer,18
2CTX,2025-12-11T14:41:54.000Z,washer,8
2CTX,2025-12-11T09:53:59.000Z,washer,18
2CTX,2025-12-10T22:01:04.000Z,washer,18
2CTX,2025-12-10T20:05:28.000Z,washer,18
2CTX,2025-12-10T18:07:17.000Z,washer,8
2CTX,2025-12-10T10:44:08.000Z,washer,18
2CTX,2025-12-10T10:30:08.000Z,washer,8
2CTX,2025-12-10T09:58:41.000Z,washer,18
2CTX,2025-12-10T09:44:17.000Z,washer,8
2CTX,2025-12-10T09:11:11.000Z,washer,18
2CTX,2025-12-09T20:59:30.000Z,washer,8
2CTX,2025-12-09T19:28:45.000Z,washer,8
2CTX,2025-12-08T20:04:23.000Z,washer,18
2CTX,2025-12-08T18:20:22.000Z,washer,18
2CTX,2025-12-08T17:37:21.000Z,washer,18
2CTX,2025-12-08T11:46:14.000Z,washer,18
2CTX,2025-12-08T09:32:36.000Z,washer,18
2CTX,2025-12-07T15:10:23.000Z,washer,18
2CTX,2025-12-07T12:06:48.000Z,washer,8
2CTX,2025-12-07T10:59:49.000Z,washer,18
2CTX,2025-12-07T08:49:12.000Z,washer,18
2CTX,2025-12-06T16:13:34.000Z,washer,8
2CTX,2025-12-06T15:22:19.000Z,washer,8
2CTX,2025-12-06T15:21:23.000Z,washer,18
2CTX,2025-12-06T14:03:05.000Z,washer,18
2CTX,2025-12-06T12:21:40.000Z,washer,18
2CTX,2025-12-06T08:14:21.000Z,washer,8
2CTX,2025-12-05T17:45:38.000Z,washer,18
2CTX,2025-12-05T14:41:14.000Z,washer,8
2CTX,2025-12-05T14:21:12.000Z,washer,18
2CTX,2025-12-05T12:40:11.000Z,washer,18
2CTX,2025-12-05T12:37:37.000Z,washer,8
2CTX,2025-12-05T11:44:49.000Z,washer,8
2CTX,2025-12-05T11:41:03.000Z,washer,18
2CTX,2025-12-04T20:33:05.000Z,washer,18
2CTX,2025-12-04T13:26:41.000Z,washer,18
2CTX,2025-12-04T10:37:32.000Z,washer,8
2CTX,2025-12-04T10:34:29.000Z,washer,18
2CTX,2025-12-04T09:27:07.000Z,washer,18
2CTX,2025-12-04T09:25:34.000Z,washer,8
2CTX,2025-12-04T08:45:17.000Z,washer,8
2CTX,2025-12-04T02:07:21.000Z,washer,18
2CTX,2025-12-03T23:37:09.000Z,washer,18
2CTX,2025-12-03T22:53:43.000Z,washer,18
2CTX,2025-12-03T18:30:04.000Z,washer,18
2CTX,2025-12-03T16:27:32.000Z,washer,18
2CTX,2025-12-03T15:38:40.000Z,washer,18
2CTX,2025-12-03T13:03:11.000Z,washer,18
2CTX,2025-12-03T12:14:16.000Z,washer,8
2CTX,2025-12-03T12:01:46.000Z,washer,18
2CTX,2025-12-03T11:08:36.000Z,washer,18
2CTX,2025-12-02T17:37:48.000Z,washer,8
2CTX,2025-12-02T15:25:20.000Z,washer,18
2CTX,2025-12-02T13:46:51.000Z,washer,18
2CTX,2025-12-02T12:21:11.000Z,washer,18
2CTX,2025-12-02T11:00:28.000Z,washer,18
2CTX,2025-12-01T18:59:59.000Z,washer,8
2CTX,2025-12-01T18:39:32.000Z,washer,18
2CTX,2025-12-01T15:50:43.000Z,washer,18
2CTX,2025-12-01T15:00:40.000Z,washer,18
2CTX,2025-12-01T14:15:30.000Z,washer,18
2CTX,2025-11-30T18:58:40.000Z,washer,18
2CTX,2025-11-30T16:18:17.000Z,washer,8
2CTX,2025-11-30T15:24:14.000Z,washer,8
2CTX,2025-11-30T14:41:58.000Z,washer,8
2CTX,2025-11-30T14:14:11.000Z,washer,18
2CTX,2025-11-30T09:07:51.000Z,washer,18
2CTX,2025-11-30T08:21:51.000Z,washer,18
2CTX,2025-11-29T18:18:25.000Z,washer,8
2CTX,2025-11-29T17:31:04.000Z,washer,18
2CTX,2025-11-29T16:46:12.000Z,washer,18
2CTX,2025-11-29T15:25:15.000Z,washer,18
2CTX,2025-11-29T10:11:53.000Z,washer,8
2CTX,2025-11-29T10:10:04.000Z,washer,18
2CTX,2025-11-29T07:23:49.000Z,washer,18
2CTX,2025-11-28T19:29:36.000Z,washer,8
2CTX,2025-11-28T19:28:44.000Z,washer,18
2CTX,2025-11-28T18:26:23.000Z,washer,8
2CTX,2025-11-28T09:34:13.000Z,washer,18
2CTX,2025-11-27T22:10:45.000Z,washer,8
2CTX,2025-11-25T20:33:54.000Z,washer,18
2CTX,2025-11-25T15:58:14.000Z,washer,18
2CTX,2025-11-25T13:26:30.000Z,washer,18
2CTX,2025-11-25T09:52:31.000Z,washer,18
2CTX,2025-11-25T00:54:14.000Z,washer,8
2CTX,2025-11-24T18:12:00.000Z,washer,8
2CTX,2025-11-24T16:36:03.000Z,washer,18
2CTX,2025-11-23T20:26:23.000Z,washer,8
2CTX,2025-11-23T19:05:31.000Z,washer,18
2CTX,2025-11-23T18:06:47.000Z,washer,8
2CTX,2025-11-23T16:58:43.000Z,washer,18
2CTX,2025-11-23T14:29:18.000Z,washer,18
2CTX,2025-11-23T12:48:30.000Z,washer,18
2CTX,2025-11-23T11:49:30.000Z,washer,18
2CTX,2025-11-23T11:00:03.000Z,washer,18
2CTX,2025-11-23T10:03:23.000Z,washer,18
2CTX,2025-11-23T10:02:19.000Z,washer,8
2CTX,2025-11-23T09:59:55.000Z,washer,8
2CTX,2025-11-23T09:00:07.000Z,washer,18
2CTX,2025-11-22T19:26:25.000Z,washer,18
2CTX,2025-11-22T18:41:55.000Z,washer,18
2CTX,2025-11-22T16:25:33.000Z,washer,8
2CTX,2025-11-22T13:39:43.000Z,washer,18
2CTX,2025-11-22T13:15:10.000Z,washer,8
2CTX,2025-11-22T11:48:44.000Z,washer,18
2CTX,2025-11-22T07:28:17.000Z,washer,8
2CTX,2025-11-22T07:27:20.000Z,washer,18
2CTX,2025-11-21T22:31:39.000Z,washer,8
2CTX,2025-11-21T18:22:08.000Z,washer,18
2CTX,2025-11-21T18:20:08.000Z,washer,8
2CTX,2025-11-21T17:25:17.000Z,washer,18
2CTX,2025-11-21T16:22:42.000Z,washer,18
2CTX,2025-11-21T09:14:19.000Z,washer,8
2CTX,2025-11-21T09:13:27.000Z,washer,18
2CTX,2025-11-20T22:01:41.000Z,washer,8
2CTX,2025-11-20T19:21:15.000Z,washer,18
2CTX,2025-11-20T18:29:05.000Z,washer,18
2CTX,2025-11-20T15:27:33.000Z,washer,18
2CTX,2025-11-20T12:41:44.000Z,washer,18
2CTX,2025-11-20T11:56:19.000Z,washer,18
2CTX,2025-11-20T11:10:25.000Z,washer,18
2CTX,2025-11-20T10:32:28.000Z,washer,8
2CTX,2025-11-19T20:26:31.000Z,washer,18
2CTX,2025-11-19T18:57:02.000Z,washer,18
2CTX,2025-11-19T18:08:39.000Z,washer,18
2CTX,2025-11-19T16:23:38.000Z,washer,18
2CTX,2025-11-18T21:44:32.000Z,washer,18
2CTX,2025-11-18T20:53:49.000Z,washer,8
2CTX,2025-11-18T20:52:25.000Z,washer,18
2CTX,2025-11-18T18:08:51.000Z,washer,8
2CTX,2025-11-18T09:22:53.000Z,washer,8
2CTX,2025-11-18T09:21:21.000Z,washer,18
2CTX,2025-11-17T22:50:39.000Z,washer,18
2CTX,2025-11-17T19:53:21.000Z,washer,8
2CTX,2025-11-17T19:49:13.000Z,washer,18
2CTX,2025-11-17T19:16:17.000Z,washer,8
2CTX,2025-11-17T19:01:40.000Z,washer,18
2CTX,2025-11-17T18:19:17.000Z,washer,8
2CTX,2025-11-17T18:12:01.000Z,washer,18
2CTX,2025-11-17T17:04:09.000Z,washer,18
2CTX,2025-11-17T16:00:26.000Z,washer,8
2CTX,2025-11-17T15:56:26.000Z,washer,18
2CTX,2025-11-17T14:19:25.000Z,washer,18
2CTX,2025-11-17T13:49:24.000Z,washer,8
2CTX,2025-11-17T13:16:43.000Z,washer,18
2CTX,2025-11-17T12:23:46.000Z,washer,18
2CTX,2025-11-17T11:21:17.000Z,washer,8
2CTX,2025-11-17T10:32:56.000Z,washer,18
2CTX,2025-11-17T10:04:55.000Z,washer,8
2CTX,2025-11-17T09:42:23.000Z,washer,18
2CTX,2025-11-16T22:24:31.000Z,washer,18
2CTX,2025-11-16T19:28:50.000Z,washer,8
2CTX,2025-11-16T19:27:51.000Z,washer,18
2CTX,2025-11-16T18:02:35.000Z,washer,8
2CTX,2025-11-16T17:41:49.000Z,washer,18
2CTX,2025-11-16T16:55:19.000Z,washer,8
2CTX,2025-11-16T16:52:12.000Z,washer,18
2CTX,2025-11-16T15:31:21.000Z,washer,8
2CTX,2025-11-16T15:01:20.000Z,washer,8
2CTX,2025-11-16T14:40:25.000Z,washer,18
2CTX,2025-11-16T13:42:45.000Z,washer,18
2CTX,2025-11-16T12:41:34.000Z,washer,18
2CTX,2025-11-16T11:56:27.000Z,washer,18
2CTX,2025-11-16T11:11:16.000Z,washer,18
2CTX,2025-11-16T10:22:59.000Z,washer,8
2CTX,2025-11-15T20:18:31.000Z,washer,8
2CTX,2025-11-15T19:40:37.000Z,washer,18
2CTX,2025-11-15T19:37:00.000Z,washer,8
2CTX,2025-11-15T18:54:19.000Z,washer,18
2CTX,2025-11-15T18:43:47.000Z,washer,8
2CTX,2025-11-15T13:16:01.000Z,washer,18
2CTX,2025-11-15T12:05:40.000Z,washer,18
2CTX,2025-11-15T10:55:19.000Z,washer,18
2CTX,2025-11-15T08:05:02.000Z,washer,18
2CTX,2025-11-14T20:21:17.000Z,washer,8
2CTX,2025-11-14T19:43:01.000Z,washer,18
2CTX,2025-11-14T17:56:19.000Z,washer,18
2CTX,2025-11-14T16:20:17.000Z,washer,8
2CTX,2025-11-14T12:29:16.000Z,washer,18
2CTX,2025-11-14T07:56:20.000Z,washer,8
2CTX,2025-11-14T07:55:27.000Z,washer,18
2CTX,2025-11-13T23:12:59.000Z,washer,18
2CTX,2025-11-13T19:25:58.000Z,washer,18
2CTX,2025-11-13T18:13:53.000Z,washer,18
2CTX,2025-11-13T12:51:10.000Z,washer,8
2CTX,2025-11-13T12:05:21.000Z,washer,18
2CTX,2025-11-13T10:54:44.000Z,washer,8
2CTX,2025-11-12T20:52:17.000Z,washer,8
2CTX,2025-11-12T20:50:48.000Z,washer,18
2CTX,2025-11-12T18:20:20.000Z,washer,18
2CTX,2025-11-12T17:45:57.000Z,washer,8
2CTX,2025-11-12T14:49:01.000Z,washer,8
2CTX,2025-11-12T09:36:52.000Z,washer,8
2CTX,2025-11-12T02:12:33.000Z,washer,8
2CTX,2025-11-12T01:33:08.000Z,washer,8
2CTX,2025-11-11T21:38:31.000Z,washer,8
2CTX,2025-11-11T19:16:19.000Z,washer,18
2CTX,2025-11-11T17:00:20.000Z,washer,18
2CTX,2025-11-11T13:28:39.000Z,washer,18
2CTX,2025-11-11T13:16:10.000Z,washer,8
2CTX,2025-11-11T09:46:51.000Z,washer,18
2CTX,2025-11-11T08:27:22.000Z,washer,18
2CTX,2025-11-10T17:28:50.000Z,washer,18
2CTX,2025-11-10T17:20:45.000Z,washer,8
2CTX,2025-11-10T11:33:47.000Z,washer,18
2CTX,2025-11-10T08:47:43.000Z,washer,8
2CTX,2025-11-09T22:15:01.000Z,washer,18
2CTX,2025-11-09T19:30:42.000Z,washer,18
2CTX,2025-11-09T19:14:51.000Z,washer,8
2CTX,2025-11-09T18:27:55.000Z,washer,8
2CTX,2025-11-09T17:49:36.000Z,washer,8
2CTX,2025-11-09T14:10:48.000Z,washer,8
2CTX,2025-11-09T14:03:15.000Z,washer,18
2CTX,2025-11-09T13:33:15.000Z,washer,8
2CTX,2025-11-09T06:59:40.000Z,washer,8
2CTX,2025-11-09T06:58:50.000Z,washer,18
2CTX,2025-11-08T15:54:08.000Z,washer,8
2CTX,2025-11-08T15:53:04.000Z,washer,18
2CTX,2025-11-08T14:40:42.000Z,washer,18
2CTX,2025-11-08T12:13:33.000Z,washer,18
2CTX,2025-11-08T11:29:00.000Z,washer,18
2CTX,2025-11-08T08:52:40.000Z,washer,18
2CTX,2025-11-07T19:39:21.000Z,washer,18
2CTX,2025-11-07T18:08:46.000Z,washer,18
2CTX,2025-11-07T17:39:29.000Z,washer,8
2CTX,2025-11-07T17:17:50.000Z,washer,18
2CTX,2025-11-07T15:00:06.000Z,washer,18
2CTX,2025-11-07T13:04:44.000Z,washer,18
2CTX,2025-11-05T19:03:09.000Z,washer,8
2CTX,2025-11-05T14:58:58.000Z,washer,8
2CTX,2025-11-05T14:57:59.000Z,washer,18
2CTX,2025-11-05T13:11:10.000Z,washer,18
2CTX,2025-11-05T09:36:09.000Z,washer,18
2CTX,2025-11-04T23:21:33.000Z,washer,18
2CTX,2025-11-04T22:36:57.000Z,washer,8
2CTX,2025-11-04T22:34:29.000Z,washer,18
2CTX,2025-11-04T17:59:54.000Z,washer,18
2CTX,2025-11-03T19:09:25.000Z,washer,8
2CTX,2025-11-03T13:11:27.000Z,washer,18
2CTX,2025-11-03T07:52:16.000Z,washer,18
2CTX,2025-11-03T07:45:34.000Z,washer,8
2CTX,2025-11-03T07:08:44.000Z,washer,18
2CTX,2025-11-03T07:07:19.000Z,washer,8
2CTX,2025-11-02T17:04:05.000Z,washer,8
2CTX,2025-11-02T16:48:44.000Z,washer,18
2CTX,2025-11-02T16:23:26.000Z,washer,8
2CTX,2025-11-02T14:55:59.000Z,washer,18
2CTX,2025-11-02T13:34:16.000Z,washer,18
2CTX,2025-11-02T12:43:06.000Z,washer,18
2CTX,2025-11-02T10:48:20.000Z,washer,18
2CTX,2025-11-02T10:03:51.000Z,washer,18
2CTX,2025-11-01T19:25:38.000Z,washer,18
2CTX,2025-11-01T15:02:44.000Z,washer,8
2CTX,2025-11-01T14:38:39.000Z,washer,18
2CTX,2025-11-01T13:01:27.000Z,washer,18
2CTX,2025-11-01T11:45:12.000Z,washer,18
2CTX,2025-11-01T11:25:03.000Z,washer,8
2CTX,2025-10-31T23:06:16.000Z,washer,18
2CTX,2025-10-31T18:17:07.000Z,washer,18
2CTX,2025-10-31T14:28:45.000Z,washer,18
2CTX,2025-10-31T14:27:34.000Z,washer,8
2CTX,2025-10-31T11:25:23.000Z,washer,18
2CTX,2025-10-31T10:27:51.000Z,washer,18
2CTX,2025-10-31T10:14:45.000Z,washer,8
2CTX,2025-10-30T17:08:41.000Z,washer,8
2CTX,2025-10-30T14:13:34.000Z,washer,18
2CTX,2025-10-30T13:52:49.000Z,washer,8
2CTX,2025-10-30T13:10:59.000Z,washer,18
2CTX,2025-10-29T18:46:18.000Z,washer,18
2CTX,2025-10-29T15:33:54.000Z,washer,18
2CTX,2025-10-29T13:16:10.000Z,washer,8
2CTX,2025-10-29T11:09:46.000Z,washer,8
2CTX,2025-10-29T09:25:50.000Z,washer,8
2CTX,2025-10-29T00:38:29.000Z,washer,18
2CTX,2025-10-28T22:04:40.000Z,washer,8
2CTX,2025-10-28T17:31:10.000Z,washer,18
2CTX,2025-10-28T14:24:06.000Z,washer,18
2CTX,2025-10-28T12:33:22.000Z,washer,18
2CTX,2025-10-28T10:34:28.000Z,washer,8
2CTX,2025-10-28T10:03:28.000Z,washer,18
2CTX,2025-10-28T09:53:11.000Z,washer,8
2CTX,2025-10-28T09:15:07.000Z,washer,18
2CTX,2025-10-28T09:09:30.000Z,washer,8
2CTX,2025-10-28T08:29:49.000Z,washer,8
2CTX,2025-10-28T08:28:54.000Z,washer,18
2CTX,2025-10-27T19:03:00.000Z,washer,18
2CTX,2025-10-27T17:57:26.000Z,washer,18
2CTX,2025-10-27T12:37:28.000Z,washer,18
2CTX,2025-10-27T11:52:32.000Z,washer,18
2CTX,2025-10-27T11:46:29.000Z,washer,8
2CTX,2025-10-27T10:48:44.000Z,washer,18
2CTX,2025-10-26T19:24:42.000Z,washer,8
2CTX,2025-10-26T18:36:25.000Z,washer,8
2CTX,2025-10-26T18:35:27.000Z,washer,18
2CTX,2025-10-26T15:33:42.000Z,washer,8
2CTX,2025-10-26T14:12:21.000Z,washer,18
2CTX,2025-10-26T12:11:22.000Z,washer,18
2CTX,2025-10-25T20:38:02.000Z,washer,18
2CTX,2025-10-25T17:48:53.000Z,washer,18
2CTX,2025-10-25T16:27:50.000Z,washer,18
2CTX,2025-10-25T16:18:28.000Z,washer,8
2CTX,2025-10-25T15:12:53.000Z,washer,8
2CTX,2025-10-25T14:30:06.000Z,washer,18
2CTX,2025-10-25T13:32:14.000Z,washer,18
2CTX,2025-10-25T10:24:24.000Z,washer,18
2CTX,2025-10-25T06:30:38.000Z,washer,8
2CTX,2025-10-25T06:29:48.000Z,washer,18
2CTX,2025-10-24T18:40:23.000Z,washer,8
2CTX,2025-10-24T18:06:36.000Z,washer,18
2CTX,2025-10-24T17:58:28.000Z,washer,8
2CTX,2025-10-24T17:17:35.000Z,washer,18
2CTX,2025-10-24T17:16:17.000Z,washer,8
2CTX,2025-10-24T16:23:10.000Z,washer,8
2CTX,2025-10-24T13:00:38.000Z,washer,18
2CTX,2025-10-24T11:23:38.000Z,washer,8
2CTX,2025-10-24T10:38:26.000Z,washer,18
2CTX,2025-10-23T14:30:13.000Z,washer,18
2CTX,2025-10-23T13:40:00.000Z,washer,18
2CTX,2025-10-23T12:14:42.000Z,washer,18
2CTX,2025-10-22T16:23:33.000Z,washer,18
2CTX,2025-10-22T11:40:56.000Z,washer,18
2CTX,2025-10-22T08:56:57.000Z,washer,18
2CTX,2025-10-21T20:42:11.000Z,washer,18
2CTX,2025-10-21T20:35:22.000Z,washer,8
2CTX,2025-10-21T18:42:38.000Z,washer,8
2CTX,2025-10-21T18:04:16.000Z,washer,18
2CTX,2025-10-21T17:43:13.000Z,washer,8
2CTX,2025-10-21T16:33:29.000Z,washer,18
2CTX,2025-10-21T12:53:18.000Z,washer,18
2CTX,2025-10-21T12:09:28.000Z,washer,8
2CTX,2025-10-21T12:08:20.000Z,washer,8
2CTX,2025-10-21T11:30:41.000Z,washer,18
2CTX,2025-10-21T09:29:35.000Z,washer,18
2CTX,2025-10-20T14:49:51.000Z,washer,18
2CTX,2025-10-20T14:00:54.000Z,washer,18
2CTX,2025-10-20T13:11:05.000Z,washer,18
2CTX,2025-10-20T11:18:48.000Z,washer,18
2CTX,2025-10-19T18:19:18.000Z,washer,18
2CTX,2025-10-19T17:22:05.000Z,washer,18
2CTX,2025-10-19T15:40:02.000Z,washer,18
2CTX,2025-10-19T12:23:35.000Z,washer,18
2CTX,2025-10-19T11:40:05.000Z,washer,18
2CTX,2025-10-19T10:48:29.000Z,washer,18
2CTX,2025-10-19T08:43:29.000Z,washer,18
2CTX,2025-10-18T19:49:57.000Z,washer,8
2CTX,2025-10-18T18:53:38.000Z,washer,18
2CTX,2025-10-18T18:02:32.000Z,washer,18
2CTX,2025-10-18T17:04:27.000Z,washer,18
2CTX,2025-10-18T16:38:50.000Z,washer,8
2CTX,2025-10-18T16:15:33.000Z,washer,18
2CTX,2025-10-18T15:31:22.000Z,washer,8
2CTX,2025-10-18T13:56:15.000Z,washer,18
2CTX,2025-10-18T13:39:32.000Z,washer,8
2CTX,2025-10-18T13:12:21.000Z,washer,18
2CTX,2025-10-18T11:51:18.000Z,washer,18
2CTX,2025-10-18T11:50:20.000Z,washer,8
2CTX,2025-10-18T11:05:24.000Z,washer,8
2CTX,2025-10-18T08:53:32.000Z,washer,18
2CTX,2025-10-17T18:08:40.000Z,washer,18
2CTX,2025-10-17T17:19:36.000Z,washer,18
2CTX,2025-10-17T16:23:33.000Z,washer,8
2CTX,2025-10-17T16:21:55.000Z,washer,18
2CTX,2025-10-17T14:30:38.000Z,washer,18
2CTX,2025-10-17T08:35:03.000Z,washer,18
2CTX,2025-10-17T07:48:27.000Z,washer,8
2CTX,2025-10-16T20:03:12.000Z,washer,8
2CTX,2025-10-16T17:23:53.000Z,washer,18
2CTX,2025-10-16T16:36:59.000Z,washer,18
2CTX,2025-10-16T15:43:20.000Z,washer,18
2CTX,2025-10-16T10:12:57.000Z,washer,18
2CTX,2025-10-15T19:33:56.000Z,washer,18
2CTX,2025-10-15T16:54:23.000Z,washer,18
2CTX,2025-10-15T16:05:59.000Z,washer,8
2CTX,2025-10-15T15:29:55.000Z,washer,18
2CTX,2025-10-15T14:09:16.000Z,washer,8
2CTX,2025-10-15T14:03:20.000Z,washer,18
2CTX,2025-10-15T10:02:52.000Z,washer,8
2CTX,2025-10-14T18:01:33.000Z,washer,18
2CTX,2025-10-14T13:47:20.000Z,washer,8
2CTX,2025-10-14T13:45:39.000Z,washer,18
2CTX,2025-10-14T08:50:30.000Z,washer,18
2CTX,2025-10-13T19:17:07.000Z,washer,8
2CTX,2025-10-13T19:16:13.000Z,washer,18
2CTX,2025-10-13T14:18:20.000Z,washer,18
2CTX,2025-10-13T14:12:37.000Z,washer,8
2CTX,2025-10-13T11:18:48.000Z,washer,8
2CTX,2025-10-13T08:25:09.000Z,washer,8
2CTX,2025-10-12T21:55:30.000Z,washer,8
2CTX,2025-10-12T19:35:28.000Z,washer,18
2CTX,2025-10-12T17:20:46.000Z,washer,8
2CTX,2025-10-12T16:16:38.000Z,washer,18
2CTX,2025-10-12T15:20:00.000Z,washer,18
2CTX,2025-10-12T13:02:49.000Z,washer,18
2CTX,2025-10-12T12:15:48.000Z,washer,18
2CTX,2025-10-12T11:39:23.000Z,washer,8
2CTX,2025-10-12T11:30:51.000Z,washer,18
2CTX,2025-10-12T09:56:32.000Z,washer,18
2CTX,2025-10-11T19:27:26.000Z,washer,8
2CTX,2025-10-11T18:50:12.000Z,washer,8
2CTX,2025-10-11T17:51:46.000Z,washer,8
2CTX,2025-10-11T17:13:02.000Z,washer,8
2CTX,2025-10-11T15:46:50.000Z,washer,8
2CTX,2025-10-11T15:07:33.000Z,washer,8
2CTX,2025-10-11T14:28:31.000Z,washer,8
2CTX,2025-10-11T13:26:13.000Z,washer,8
2CTX,2025-10-11T10:26:18.000Z,washer,18
2CTX,2025-10-11T10:15:57.000Z,washer,8
2CTX,2025-10-11T09:03:02.000Z,washer,8
2CTX,2025-10-10T21:33:58.000Z,washer,8
2CTX,2025-10-10T19:02:50.000Z,washer,18
2CTX,2025-10-10T18:35:10.000Z,washer,8
2CTX,2025-10-10T18:13:45.000Z,washer,18
2CTX,2025-10-10T17:27:18.000Z,washer,18
2CTX,2025-10-10T15:53:39.000Z,washer,18
2CTX,2025-10-10T15:02:03.000Z,washer,18
2CTX,2025-10-10T13:23:33.000Z,washer,18
2CTX,2025-10-10T07:08:11.000Z,washer,8
2CTX,2025-10-09T21:16:08.000Z,washer,18
2CTX,2025-10-09T17:09:36.000Z,washer,18
2CTX,2025-10-09T16:00:31.000Z,washer,18
2CTX,2025-10-09T02:03:55.000Z,washer,8
2CTX,2025-10-09T02:03:00.000Z,washer,18
2CTX,2025-10-08T15:39:55.000Z,washer,18
2CTX,2025-10-08T10:30:07.000Z,washer,8
2CTX,2025-10-08T10:09:17.000Z,washer,18
2CTX,2025-10-07T16:18:20.000Z,washer,8
2CTX,2025-10-07T15:40:34.000Z,washer,8
2CTX,2025-10-07T15:34:07.000Z,washer,18
2CTX,2025-10-07T11:59:45.000Z,washer,18
2CTX,2025-10-06T19:56:22.000Z,washer,18
2CTX,2025-10-06T16:13:18.000Z,washer,18
2CTX,2025-10-06T15:30:43.000Z,washer,18
2CTX,2025-10-05T18:31:04.000Z,washer,18
2CTX,2025-10-05T17:00:16.000Z,washer,8
2CTX,2025-10-05T15:00:51.000Z,washer,18
2CTX,2025-10-05T12:31:22.000Z,washer,18
2CTX,2025-10-05T11:41:05.000Z,washer,18
2CTX,2025-10-05T10:22:11.000Z,washer,8
2CTX,2025-10-05T10:20:39.000Z,washer,8
2CTX,2025-10-04T22:54:35.000Z,washer,18
2CTX,2025-10-04T19:57:48.000Z,washer,18
2CTX,2025-10-04T19:15:26.000Z,washer,18
2CTX,2025-10-04T18:12:28.000Z,washer,18
2CTX,2025-10-04T18:09:17.000Z,washer,8
2CTX,2025-10-04T17:23:58.000Z,washer,8
2CTX,2025-10-04T17:22:31.000Z,washer,18
2CTX,2025-10-04T16:32:00.000Z,washer,8
2CTX,2025-10-04T16:30:40.000Z,washer,18
2CTX,2025-10-04T15:21:39.000Z,washer,18
2CTX,2025-10-04T14:24:56.000Z,washer,18
2CTX,2025-10-04T13:47:37.000Z,washer,8
2CTX,2025-10-04T09:46:36.000Z,washer,18
2CTX,2025-10-04T09:27:35.000Z,washer,8
2CTX,2025-10-04T08:01:32.000Z,washer,18
2CTX,2025-10-03T18:53:00.000Z,washer,8
2CTX,2025-10-03T14:34:05.000Z,washer,18
2CTX,2025-10-03T13:13:50.000Z,washer,18
2CTX,2025-10-02T18:14:53.000Z,washer,8
2CTX,2025-10-02T17:39:49.000Z,washer,18
2CTX,2025-10-02T14:24:41.000Z,washer,18
2CTX,2025-10-02T12:59:40.000Z,washer,8
2CTX,2025-10-02T12:06:12.000Z,washer,8
2CTX,2025-10-02T12:02:34.000Z,washer,18
2CTX,2025-10-02T11:14:36.000Z,washer,18
2CTX,2025-10-02T09:32:11.000Z,washer,18
2CTX,2025-10-01T19:00:41.000Z,washer,18
2CTX,2025-10-01T16:21:47.000Z,washer,8
2CTX,2025-10-01T13:50:45.000Z,washer,18
2CTX,2025-10-01T12:36:04.000Z,washer,18
2CTX,2025-10-01T10:39:52.000Z,washer,8
2CTX,2025-10-01T06:35:36.000Z,washer,8
2CTX,2025-10-01T06:34:42.000Z,washer,18
2CTX,2025-09-30T22:33:17.000Z,washer,18
2CTX,2025-09-30T19:06:12.000Z,washer,8
2CTX,2025-09-30T15:30:25.000Z,washer,8
2CTX,2025-09-30T11:01:26.000Z,washer,18
2CTX,2025-09-30T10:07:37.000Z,washer,18
2CTX,2025-09-29T16:43:19.000Z,washer,18
2CTX,2025-09-29T15:00:02.000Z,washer,18
2CTX,2025-09-29T12:13:14.000Z,washer,8
2CTX,2025-09-29T11:32:24.000Z,washer,18
2CTX,2025-09-29T11:30:18.000Z,washer,8
2CTX,2025-09-29T07:35:04.000Z,washer,18
2CTX,2025-09-28T20:17:19.000Z,washer,8
2CTX,2025-09-28T17:59:55.000Z,washer,18
2CTX,2025-09-28T16:51:31.000Z,washer,8
2CTX,2025-09-28T16:48:59.000Z,washer,18
2CTX,2025-09-28T11:03:58.000Z,washer,8
2CTX,2025-09-28T09:57:04.000Z,washer,18
2CTX,2025-09-27T20:36:44.000Z,washer,18
2CTX,2025-09-27T19:26:06.000Z,washer,18
2CTX,2025-09-27T19:19:28.000Z,washer,8
2CTX,2025-09-27T18:41:02.000Z,washer,18
2CTX,2025-09-27T17:52:06.000Z,washer,8
2CTX,2025-09-27T16:23:55.000Z,washer,18
2CTX,2025-09-27T15:03:19.000Z,washer,18
2CTX,2025-09-27T12:49:44.000Z,washer,8
2CTX,2025-09-27T12:13:35.000Z,washer,18
2CTX,2025-09-27T11:27:05.000Z,washer,18
2CTX,2025-09-27T10:42:36.000Z,washer,18
2CTX,2025-09-26T19:51:57.000Z,washer,18
2CTX,2025-09-26T17:05:04.000Z,washer,8
2CTX,2025-09-26T15:46:41.000Z,washer,18
2CTX,2025-09-26T15:07:51.000Z,washer,8
2CTX,2025-09-26T13:40:19.000Z,washer,8
2CTX,2025-09-26T13:01:34.000Z,washer,18
2CTX,2025-09-25T14:48:01.000Z,washer,18
2CTX,2025-09-25T13:03:43.000Z,washer,18
2CTX,2025-09-25T11:54:18.000Z,washer,18
2CTX,2025-09-25T11:04:57.000Z,washer,18
2CTX,2025-09-25T08:36:15.000Z,washer,18
2CTX,2025-09-24T21:05:32.000Z,washer,18
2CTX,2025-09-24T18:42:20.000Z,washer,8
2CTX,2025-09-24T16:07:36.000Z,washer,18
2CTX,2025-09-24T09:34:47.000Z,washer,18
2CTX,2025-09-24T08:39:20.000Z,washer,18
2CTX,2025-09-23T15:47:53.000Z,washer,18
2CTX,2025-09-23T14:59:07.000Z,washer,18
2CTX,2025-09-23T14:56:39.000Z,washer,8
2CTX,2025-09-23T13:44:00.000Z,washer,18
2CTX,2025-09-23T12:58:58.000Z,washer,8
2CTX,2025-09-23T11:40:23.000Z,washer,18
2CTX,2025-09-22T18:12:27.000Z,washer,18
2CTX,2025-09-22T17:05:39.000Z,washer,8
2CTX,2025-09-22T17:01:43.000Z,washer,18
2CTX,2025-09-22T15:02:29.000Z,washer,8
2CTX,2025-09-22T15:01:31.000Z,washer,18
2CTX,2025-09-22T13:40:17.000Z,washer,8
2CTX,2025-09-22T13:32:54.000Z,washer,18
2CTX,2025-09-22T13:03:07.000Z,washer,8
2CTX,2025-09-22T12:42:07.000Z,washer,18
2CTX,2025-09-22T11:57:12.000Z,washer,8
2CTX,2025-09-22T11:55:44.000Z,washer,18
2CTX,2025-09-22T11:11:30.000Z,washer,18
2CTX,2025-09-22T07:03:35.000Z,washer,8
2CTX,2025-09-22T07:01:30.000Z,washer,18
2CTX,2025-09-21T21:15:15.000Z,washer,8
2CTX,2025-09-21T20:05:03.000Z,washer,8
2CTX,2025-09-21T19:40:36.000Z,washer,18
2CTX,2025-09-21T18:36:24.000Z,washer,18
2CTX,2025-09-21T17:33:06.000Z,washer,18
2CTX,2025-09-21T17:21:00.000Z,washer,8
2CTX,2025-09-21T16:38:18.000Z,washer,8
2CTX,2025-09-21T16:31:49.000Z,washer,18
2CTX,2025-09-21T15:32:19.000Z,washer,18
2CTX,2025-09-21T14:49:47.000Z,washer,18
2CTX,2025-09-21T13:59:48.000Z,washer,18
2CTX,2025-09-21T12:29:37.000Z,washer,8
2CTX,2025-09-21T11:50:02.000Z,washer,18
2CTX,2025-09-21T11:00:44.000Z,washer,18
2CTX,2025-09-20T21:25:58.000Z,washer,18
2CTX,2025-09-20T18:54:58.000Z,washer,8
2CTX,2025-09-20T18:53:22.000Z,washer,18
2CTX,2025-09-20T17:40:26.000Z,washer,8
2CTX,2025-09-20T17:00:07.000Z,washer,8
2CTX,2025-09-20T16:58:26.000Z,washer,18
2CTX,2025-09-20T16:03:14.000Z,washer,8
2CTX,2025-09-20T10:41:06.000Z,washer,18
2CTX,2025-09-20T10:39:32.000Z,washer,8
2CTX,2025-09-20T09:42:31.000Z,washer,8
2CTX,2025-09-20T09:40:55.000Z,washer,18
2CTX,2025-09-20T08:55:54.000Z,washer,8
2CTX,2025-09-20T08:54:14.000Z,washer,18
2CTX,2025-09-20T08:02:53.000Z,washer,8
2CTX,2025-09-19T18:13:49.000Z,washer,18
2CTX,2025-09-19T17:30:19.000Z,washer,8
2CTX,2025-09-19T17:28:40.000Z,washer,18
2CTX,2025-09-19T13:54:22.000Z,washer,18
2CTX,2025-09-19T12:35:33.000Z,washer,8
2CTX,2025-09-19T12:34:18.000Z,washer,18
2CTX,2025-09-19T11:07:43.000Z,washer,8
2CTX,2025-09-19T10:03:20.000Z,washer,8
2CTX,2025-09-19T08:42:23.000Z,washer,18
2CTX,2025-09-19T07:15:19.000Z,washer,18
2CTX,2025-09-18T20:10:38.000Z,washer,8
2CTX,2025-09-18T14:51:31.000Z,washer,8
2CTX,2025-09-18T14:48:37.000Z,washer,18
2CTX,2025-09-18T13:51:16.000Z,washer,18
2CTX,2025-09-18T13:03:13.000Z,washer,18
2CTX,2025-09-18T12:18:35.000Z,washer,18
2CTX,2025-09-18T11:05:13.000Z,washer,18
2CTX,2025-09-18T09:55:18.000Z,washer,18
2CTX,2025-09-17T20:13:13.000Z,washer,18
2CTX,2025-09-17T19:21:16.000Z,washer,18
2CTX,2025-09-17T18:04:30.000Z,washer,8
2CTX,2025-09-17T12:16:02.000Z,washer,18
2CTX,2025-09-17T09:51:49.000Z,washer,18
2CTX,2025-09-17T06:27:45.000Z,washer,8
2CTX,2025-09-17T06:26:54.000Z,washer,18
2CTX,2025-09-16T15:46:06.000Z,washer,8
2CTX,2025-09-16T13:55:16.000Z,washer,18
2CTX,2025-09-16T13:33:10.000Z,washer,8
2CTX,2025-09-16T12:36:00.000Z,washer,18
2CTX,2025-09-15T16:08:43.000Z,washer,18
2CTX,2025-09-15T13:27:24.000Z,washer,18
2CTX,2025-09-15T12:07:30.000Z,washer,8
2CTX,2025-09-15T07:48:06.000Z,washer,18
2CTX,2025-09-14T18:09:55.000Z,washer,18
2CTX,2025-09-14T16:56:22.000Z,washer,18
2CTX,2025-09-14T16:16:29.000Z,washer,8
2CTX,2025-09-14T15:22:33.000Z,washer,18
2CTX,2025-09-14T14:04:08.000Z,washer,8
2CTX,2025-09-14T13:46:44.000Z,washer,18
2CTX,2025-09-14T13:09:04.000Z,washer,8
2CTX,2025-09-14T12:59:56.000Z,washer,18
2CTX,2025-09-14T11:55:36.000Z,washer,8
2CTX,2025-09-14T11:12:05.000Z,washer,8
2CTX,2025-09-13T19:21:13.000Z,washer,18
2CTX,2025-09-13T18:36:06.000Z,washer,18
2CTX,2025-09-13T18:04:30.000Z,washer,8
2CTX,2025-09-13T16:41:31.000Z,washer,8
2CTX,2025-09-13T16:39:37.000Z,washer,18
2CTX,2025-09-13T14:49:57.000Z,washer,8
2CTX,2025-09-13T14:08:53.000Z,washer,8
2CTX,2025-09-13T13:29:53.000Z,washer,18
2CTX,2025-09-13T13:22:22.000Z,washer,8
2CTX,2025-09-13T12:40:06.000Z,washer,18
2CTX,2025-09-13T10:35:57.000Z,washer,18
2CTX,2025-09-12T17:37:43.000Z,washer,18
2CTX,2025-09-12T17:08:21.000Z,washer,8
2CTX,2025-09-12T16:52:21.000Z,washer,18
2CTX,2025-09-12T14:43:13.000Z,washer,8
2CTX,2025-09-12T14:42:03.000Z,washer,18
2CTX,2025-09-12T13:15:18.000Z,washer,18
2CTX,2025-09-12T11:22:50.000Z,washer,18
2CTX,2025-09-12T08:46:19.000Z,washer,8
2CTX,2025-09-12T07:15:07.000Z,washer,18
2CTX,2025-09-11T16:00:38.000Z,washer,8
2CTX,2025-09-11T13:52:47.000Z,washer,18
2CTX,2025-09-11T12:17:06.000Z,washer,18
2CTX,2025-09-10T16:59:39.000Z,washer,18
2CTX,2025-09-10T15:38:03.000Z,washer,18
2CTX,2025-09-10T10:30:40.000Z,washer,18
2CTX,2025-09-10T10:13:02.000Z,washer,8
2CTX,2025-09-09T19:55:30.000Z,washer,8
2CTX,2025-09-09T17:22:58.000Z,washer,18
2CTX,2025-09-09T14:51:23.000Z,washer,18
2CTX,2025-09-09T13:54:56.000Z,washer,18
2CTX,2025-09-09T11:16:49.000Z,washer,18
2CTX,2025-09-09T10:22:27.000Z,washer,18
2CTX,2025-09-09T08:41:20.000Z,washer,18
2CTX,2025-09-09T07:53:04.000Z,washer,18
2CTX,2025-09-08T17:36:25.000Z,washer,18
2CTX,2025-09-08T16:31:21.000Z,washer,18
2CTX,2025-09-08T16:28:19.000Z,washer,8
2CTX,2025-09-08T14:25:51.000Z,washer,18
2CTX,2025-09-07T21:51:39.000Z,washer,8
2CTX,2025-09-07T20:16:28.000Z,washer,18
2CTX,2025-09-07T19:28:42.000Z,washer,18
2CTX,2025-09-07T19:14:59.000Z,washer,8
2CTX,2025-09-07T15:56:06.000Z,washer,18
2CTX,2025-09-07T15:11:02.000Z,washer,18
2CTX,2025-09-07T12:36:43.000Z,washer,8
2CTX,2025-09-07T11:35:40.000Z,washer,8
2CTX,2025-09-07T11:34:27.000Z,washer,18
2CTX,2025-09-06T18:32:05.000Z,washer,8
2CTX,2025-09-06T18:30:18.000Z,washer,18
2CTX,2025-09-06T17:15:25.000Z,washer,8
2CTX,2025-09-06T17:11:59.000Z,washer,18
2CTX,2025-09-06T14:35:24.000Z,washer,18
2CTX,2025-09-06T13:21:26.000Z,washer,18
2CTX,2025-09-06T12:21:29.000Z,washer,18
2CTX,2025-09-06T11:37:52.000Z,washer,8
2CTX,2025-09-06T11:36:13.000Z,washer,18
2CTX,2025-09-06T10:38:18.000Z,washer,18
2CTX,2025-09-06T09:50:34.000Z,washer,18
2CTX,2025-09-06T09:03:44.000Z,washer,8
2CTX,2025-09-06T08:39:03.000Z,washer,18
2CTX,2025-09-06T06:32:20.000Z,washer,8
2CTX,2025-09-05T23:45:55.000Z,washer,8
2CTX,2025-09-05T20:58:43.000Z,washer,8
2CTX,2025-09-05T20:56:25.000Z,washer,18
2CTX,2025-09-05T19:08:30.000Z,washer,8
2CTX,2025-09-05T17:11:53.000Z,washer,8
2CTX,2025-09-05T14:37:03.000Z,washer,18
2CTX,2025-09-05T13:15:34.000Z,washer,18
2CTX,2025-09-05T09:47:06.000Z,washer,8
2CTX,2025-09-04T17:27:15.000Z,washer,8
2CTX,2025-09-04T14:10:47.000Z,washer,8
2CTX,2025-09-03T19:29:08.000Z,washer,18
2CTX,2025-09-03T18:31:37.000Z,washer,18
2CTX,2025-09-03T18:28:56.000Z,washer,8
2CTX,2025-09-03T15:24:51.000Z,washer,18
2CTX,2025-09-03T15:22:24.000Z,washer,8
2CTX,2025-09-03T14:38:50.000Z,washer,8
2CTX,2025-09-03T14:36:00.000Z,washer,18
2CTX,2025-09-03T12:31:50.000Z,washer,8
2CTX,2025-09-03T10:57:49.000Z,washer,18
2CTX,2025-09-03T09:45:49.000Z,washer,18
2CTX,2025-09-03T08:56:10.000Z,washer,18
2CTX,2025-09-02T20:07:04.000Z,washer,18
2CTX,2025-09-02T19:02:53.000Z,washer,18
2CTX,2025-09-02T17:39:07.000Z,washer,18
2CTX,2025-09-02T15:16:31.000Z,washer,18
2CTX,2025-09-02T10:36:32.000Z,washer,18
2CTX,2025-09-01T18:18:29.000Z,washer,18
2CTX,2025-09-01T16:00:54.000Z,washer,8
2CTX,2025-09-01T15:22:34.000Z,washer,8
2CTX,2025-09-01T11:25:26.000Z,washer,18
2CTX,2025-09-01T10:56:31.000Z,washer,8
2CTX,2025-09-01T10:23:05.000Z,washer,18
2CTX,2025-08-31T21:54:31.000Z,washer,8
2CTX,2025-08-31T20:06:55.000Z,washer,8
2CTX,2025-08-31T17:42:37.000Z,washer,18
2CTX,2025-08-31T16:17:04.000Z,washer,8
2CTX,2025-08-31T15:28:04.000Z,washer,8
2CTX,2025-08-31T14:11:51.000Z,washer,18
2CTX,2025-08-31T13:25:21.000Z,washer,18
2CTX,2025-08-31T11:20:36.000Z,washer,8
2CTX,2025-08-31T10:40:41.000Z,washer,8
2CTX,2025-08-31T10:39:32.000Z,washer,18
2CTX,2025-08-31T09:17:02.000Z,washer,18
2CTX,2025-08-31T08:27:58.000Z,washer,18
2CTX,2025-08-30T22:51:03.000Z,washer,8
2CTX,2025-08-30T19:38:08.000Z,washer,18
2CTX,2025-08-30T18:18:32.000Z,washer,18
2CTX,2025-08-30T17:28:28.000Z,washer,18
2CTX,2025-08-30T15:44:54.000Z,washer,18
2CTX,2025-08-30T10:24:03.000Z,washer,18
2CTX,2025-08-30T07:02:48.000Z,washer,18
2CTX,2025-08-29T18:02:34.000Z,washer,8
2CTX,2025-08-29T18:01:35.000Z,washer,18
2CTX,2025-08-29T17:15:40.000Z,washer,8
2CTX,2025-08-29T07:20:10.000Z,washer,8
2CTX,2025-08-29T07:19:19.000Z,washer,18
2CTX,2025-08-28T16:24:45.000Z,washer,8
2CTX,2025-08-28T15:49:46.000Z,washer,18
2CTX,2025-08-28T15:00:39.000Z,washer,18
2CTX,2025-08-28T13:19:52.000Z,washer,18
2CTX,2025-08-28T11:09:53.000Z,washer,18
2CTX,2025-08-28T09:07:50.000Z,washer,8
2CTX,2025-08-28T00:00:42.000Z,washer,18
2CTX,2025-08-27T20:28:57.000Z,washer,18
2CTX,2025-08-27T19:32:09.000Z,washer,18
2CTX,2025-08-27T19:15:53.000Z,washer,8
2CTX,2025-08-27T18:35:05.000Z,washer,18
2CTX,2025-08-27T16:12:41.000Z,washer,8
2CTX,2025-08-27T16:11:42.000Z,washer,18
2CTX,2025-08-27T12:22:41.000Z,washer,18
2CTX,2025-08-26T19:03:13.000Z,washer,8
2CTX,2025-08-26T17:26:15.000Z,washer,18
2CTX,2025-08-26T15:21:56.000Z,washer,8
2CTX,2025-08-26T15:21:03.000Z,washer,18
2CTX,2025-08-26T14:14:17.000Z,washer,18
2CTX,2025-08-26T12:35:04.000Z,washer,18
2CTX,2025-08-26T11:39:52.000Z,washer,18
2CTX,2025-08-26T11:05:30.000Z,washer,18
2CTX,2025-08-25T19:42:23.000Z,washer,18
2CTX,2025-08-25T19:32:49.000Z,washer,8
2CTX,2025-08-25T18:53:15.000Z,washer,18
2CTX,2025-08-25T18:43:59.000Z,washer,8
2CTX,2025-08-25T18:02:39.000Z,washer,18
2CTX,2025-08-25T16:22:38.000Z,washer,18
2CTX,2025-08-25T15:33:52.000Z,washer,8
2CTX,2025-08-24T21:02:13.000Z,washer,18
2CTX,2025-08-24T17:52:51.000Z,washer,18
2CTX,2025-08-24T14:52:15.000Z,washer,18
2CTX,2025-08-24T12:58:04.000Z,washer,18
2CTX,2025-08-24T12:06:41.000Z,washer,8
2CTX,2025-08-24T11:04:28.000Z,washer,18
2CTX,2025-08-24T10:59:30.000Z,washer,8
2CTX,2025-08-24T08:40:39.000Z,washer,18
2CTX,2025-08-23T20:18:27.000Z,washer,8
2CTX,2025-08-23T15:57:22.000Z,washer,8
2CTX,2025-08-23T15:15:27.000Z,washer,18
2CTX,2025-08-23T09:55:49.000Z,washer,8
2CTX,2025-08-23T09:10:41.000Z,washer,8
2CTX,2025-08-23T04:55:15.000Z,washer,8
2CTX,2025-08-22T20:01:25.000Z,washer,18
2CTX,2025-08-22T19:10:36.000Z,washer,18
2CTX,2025-08-22T16:20:11.000Z,washer,18
2CTX,2025-08-22T15:28:05.000Z,washer,18
2CTX,2025-08-22T11:42:41.000Z,washer,18
2CTX,2025-08-22T11:40:21.000Z,washer,8
2CTX,2025-08-22T10:56:37.000Z,washer,8
2CTX,2025-08-21T18:16:34.000Z,washer,18
2CTX,2025-08-21T17:25:38.000Z,washer,18
2CTX,2025-08-21T16:33:23.000Z,washer,18
2CTX,2025-08-21T15:23:45.000Z,washer,18
2CTX,2025-08-21T15:21:46.000Z,washer,8
2CTX,2025-08-21T13:54:57.000Z,washer,18
2CTX,2025-08-21T13:35:23.000Z,washer,8
2CTX,2025-08-21T13:10:38.000Z,washer,18
2CTX,2025-08-21T12:47:19.000Z,washer,8
2CTX,2025-08-21T09:41:30.000Z,washer,18
2CTX,2025-08-20T20:48:09.000Z,washer,18
2CTX,2025-08-20T14:34:06.000Z,washer,18
2CTX,2025-08-20T13:16:00.000Z,washer,8
2CTX,2025-08-20T13:09:06.000Z,washer,18
2CTX,2025-08-20T11:30:54.000Z,washer,18
2CTX,2025-08-20T10:46:07.000Z,washer,8
2CTX,2025-08-20T08:55:55.000Z,washer,18
2CTX,2025-08-20T00:49:33.000Z,washer,18
2CTX,2025-08-19T22:12:58.000Z,washer,18
2CTX,2025-08-19T19:52:16.000Z,washer,18
2CTX,2025-08-19T19:00:36.000Z,washer,18
2CTX,2025-08-19T10:52:17.000Z,washer,8
2CTX,2025-08-19T09:57:36.000Z,washer,8
2CTX,2025-08-18T17:38:09.000Z,washer,8
2CTX,2025-08-18T14:42:36.000Z,washer,8
2CTX,2025-08-18T13:11:01.000Z,washer,18
2CTX,2025-08-18T13:06:46.000Z,washer,8
2CTX,2025-08-18T12:27:38.000Z,washer,8
2CTX,2025-08-18T12:26:31.000Z,washer,18
2CTX,2025-08-18T08:37:09.000Z,washer,18
2CTX,2025-08-18T06:31:27.000Z,washer,18
2CTX,2025-08-17T17:39:37.000Z,washer,18
2CTX,2025-08-17T17:31:17.000Z,washer,8
2CTX,2025-08-17T16:50:45.000Z,washer,8
2CTX,2025-08-17T16:49:50.000Z,washer,18
2CTX,2025-08-17T16:06:47.000Z,washer,18
2CTX,2025-08-17T15:51:26.000Z,washer,8
2CTX,2025-08-17T15:10:53.000Z,washer,18
2CTX,2025-08-17T14:28:30.000Z,washer,18
2CTX,2025-08-17T13:40:08.000Z,washer,18
2CTX,2025-08-17T12:34:50.000Z,washer,18
2CTX,2025-08-17T12:23:13.000Z,washer,8
2CTX,2025-08-17T11:47:39.000Z,washer,18
2CTX,2025-08-17T10:47:15.000Z,washer,18
2CTX,2025-08-17T10:42:57.000Z,washer,8
2CTX,2025-08-17T10:01:10.000Z,washer,18
2CTX,2025-08-17T09:59:17.000Z,washer,8
2CTX,2025-08-17T09:17:41.000Z,washer,18
2CTX,2025-08-17T09:14:11.000Z,washer,8
2CTX,2025-08-16T20:38:11.000Z,washer,18
2CTX,2025-08-16T19:33:30.000Z,washer,18
2CTX,2025-08-16T18:43:51.000Z,washer,18
2CTX,2025-08-16T17:56:10.000Z,washer,18
2CTX,2025-08-16T17:53:00.000Z,washer,8
2CTX,2025-08-16T17:13:06.000Z,washer,8
2CTX,2025-08-16T17:12:12.000Z,washer,18
2CTX,2025-08-16T16:21:06.000Z,washer,18
2CTX,2025-08-16T10:42:39.000Z,washer,8
2CTX,2025-08-16T10:41:24.000Z,washer,18
2CTX,2025-08-16T08:50:10.000Z,washer,18
2CTX,2025-08-16T08:04:25.000Z,washer,18
2CTX,2025-08-16T07:18:18.000Z,washer,18
2CTX,2025-08-15T21:20:05.000Z,washer,18
2CTX,2025-08-15T13:04:05.000Z,washer,8
2CTX,2025-08-15T09:23:28.000Z,washer,18
2CTX,2025-08-15T08:58:47.000Z,washer,8
2CTX,2025-08-14T19:56:00.000Z,washer,8
2CTX,2025-08-14T18:36:23.000Z,washer,8
2CTX,2025-08-14T17:14:17.000Z,washer,18
2CTX,2025-08-14T15:10:16.000Z,washer,18
2CTX,2025-08-14T12:04:07.000Z,washer,8
2CTX,2025-08-14T11:22:14.000Z,washer,18
2CTX,2025-08-14T11:21:10.000Z,washer,8
2CTX,2025-08-14T10:37:52.000Z,washer,8
2CTX,2025-08-14T10:33:21.000Z,washer,18
2CTX,2025-08-14T09:48:11.000Z,washer,8
2CTX,2025-08-14T09:45:29.000Z,washer,18
2CTX,2025-08-14T08:40:02.000Z,washer,18
2CTX,2025-08-13T22:35:57.000Z,washer,18
2CTX,2025-08-13T20:37:19.000Z,washer,18
2CTX,2025-08-13T16:37:23.000Z,washer,8
2CTX,2025-08-13T14:59:54.000Z,washer,18
2CTX,2025-08-13T13:53:10.000Z,washer,18
2CTX,2025-08-13T13:01:02.000Z,washer,18
2CTX,2025-08-13T12:11:36.000Z,washer,8
2CTX,2025-08-13T09:56:01.000Z,washer,8
2CTX,2025-08-13T08:17:31.000Z,washer,8
2CTX,2025-08-12T18:49:16.000Z,washer,8
2CTX,2025-08-12T16:43:17.000Z,washer,18
2CTX,2025-08-12T13:13:40.000Z,washer,18
2CTX,2025-08-12T12:30:36.000Z,washer,8
2CTX,2025-08-12T12:01:40.000Z,washer,18
2CTX,2025-08-12T11:51:17.000Z,washer,8
2CTX,2025-08-12T11:17:01.000Z,washer,18
2CTX,2025-08-12T07:02:19.000Z,washer,8
2CTX,2025-08-11T22:13:45.000Z,washer,18
2CTX,2025-08-11T20:33:53.000Z,washer,8
2CTX,2025-08-11T11:57:56.000Z,washer,18
2CTX,2025-08-11T10:49:06.000Z,washer,18
2CTX,2025-08-10T21:30:36.000Z,washer,18
2CTX,2025-08-10T19:50:01.000Z,washer,18
2CTX,2025-08-10T18:38:13.000Z,washer,18
2CTX,2025-08-10T16:08:09.000Z,washer,18
2CTX,2025-08-10T12:46:46.000Z,washer,18
2CTX,2025-08-10T12:36:56.000Z,washer,8
2CTX,2025-08-10T11:44:45.000Z,washer,18
2CTX,2025-08-10T10:34:41.000Z,washer,18
2CTX,2025-08-10T09:26:41.000Z,washer,18
2CTX,2025-08-10T08:41:33.000Z,washer,18
2CTX,2025-08-10T07:28:15.000Z,washer,18
2CTX,2025-08-09T19:13:08.000Z,washer,8
2CTX,2025-08-09T17:38:57.000Z,washer,18
2CTX,2025-08-09T15:17:12.000Z,washer,8
2CTX,2025-08-09T15:14:49.000Z,washer,18
2CTX,2025-08-09T13:57:15.000Z,washer,18
2CTX,2025-08-09T13:00:19.000Z,washer,18
2CTX,2025-08-09T12:01:34.000Z,washer,18
2CTX,2025-08-09T11:16:38.000Z,washer,18
2CTX,2025-08-09T10:25:08.000Z,washer,18
2CTX,2025-08-09T09:16:02.000Z,washer,18
2CTX,2025-08-08T18:20:30.000Z,washer,18
2CTX,2025-08-08T17:22:30.000Z,washer,18
2CTX,2025-08-08T16:09:13.000Z,washer,8
2CTX,2025-08-08T14:42:30.000Z,washer,18
2CTX,2025-08-08T13:43:01.000Z,washer,8
2CTX,2025-08-08T11:53:16.000Z,washer,18
2CTX,2025-08-07T18:57:30.000Z,washer,18
2CTX,2025-08-07T18:09:25.000Z,washer,8
2CTX,2025-08-07T17:27:17.000Z,washer,18
2CTX,2025-08-07T17:24:44.000Z,washer,8
2CTX,2025-08-07T15:29:11.000Z,washer,8
2CTX,2025-08-07T13:26:01.000Z,washer,8
2CTX,2025-08-07T12:07:45.000Z,washer,18
2CTX,2025-08-07T10:53:17.000Z,washer,18
2CTX,2025-08-07T10:30:06.000Z,washer,8
2CTX,2025-08-07T10:02:43.000Z,washer,18
2CTX,2025-08-07T09:48:11.000Z,washer,8
2CTX,2025-08-07T07:44:53.000Z,washer,8
2CTX,2025-08-07T07:43:32.000Z,washer,18
2CTX,2025-08-06T15:15:48.000Z,washer,18
2CTX,2025-08-06T13:03:09.000Z,washer,8
2CTX,2025-08-06T11:20:59.000Z,washer,18
2CTX,2025-08-05T21:38:41.000Z,washer,8
2CTX,2025-08-05T15:05:47.000Z,washer,18
2CTX,2025-08-05T11:52:51.000Z,washer,18
2CTX,2025-08-05T11:06:38.000Z,washer,8
2CTX,2025-08-04T15:00:39.000Z,washer,8
2CTX,2025-08-04T13:53:15.000Z,washer,8
2CTX,2025-08-04T13:46:32.000Z,washer,18
2CTX,2025-08-04T13:15:12.000Z,washer,8
2CTX,2025-08-04T13:12:10.000Z,washer,18
2CTX,2025-08-04T10:51:37.000Z,washer,8
2CTX,2025-08-04T04:49:15.000Z,washer,8
2CTX,2025-08-04T04:46:21.000Z,washer,18
2CTX,2025-08-04T03:34:06.000Z,washer,8
2CTX,2025-08-04T03:21:57.000Z,washer,18
2CTX,2025-08-04T02:21:45.000Z,washer,18
2CTX,2025-08-03T23:10:01.000Z,washer,8
2CTX,2025-08-03T23:07:43.000Z,washer,18
2CTX,2025-08-03T19:32:19.000Z,washer,8
2CTX,2025-08-03T16:51:17.000Z,washer,18
2CTX,2025-08-03T16:29:30.000Z,washer,8
2CTX,2025-08-03T15:54:54.000Z,washer,18
2CTX,2025-08-03T14:53:25.000Z,washer,8
2CTX,2025-08-03T13:19:18.000Z,washer,18
2CTX,2025-08-03T13:13:30.000Z,washer,8
2CTX,2025-08-03T10:49:09.000Z,washer,18
2CTX,2025-08-03T10:48:09.000Z,washer,8
2CTX,2025-08-02T16:32:58.000Z,washer,8
2CTX,2025-08-02T16:30:11.000Z,washer,18
2CTX,2025-08-02T13:34:41.000Z,washer,8
2CTX,2025-08-02T10:53:18.000Z,washer,18
2CTX,2025-08-02T10:31:40.000Z,washer,8
2CTX,2025-08-02T09:00:59.000Z,washer,18
2CTX,2025-08-02T07:44:19.000Z,washer,8
2CTX,2025-08-01T20:29:02.000Z,washer,8
2CTX,2025-08-01T19:20:09.000Z,washer,8
2CTX,2025-08-01T19:08:21.000Z,washer,18
2CTX,2025-08-01T17:55:48.000Z,washer,18
2CTX,2025-08-01T17:01:33.000Z,washer,18
2CTX,2025-08-01T16:11:30.000Z,washer,18
2CTX,2025-08-01T15:42:13.000Z,washer,8
2CTX,2025-08-01T15:22:14.000Z,washer,18
2CTX,2025-08-01T14:51:14.000Z,washer,8
2CTX,2025-08-01T14:36:26.000Z,washer,18
2CTX,2025-08-01T14:01:39.000Z,washer,8
2CTX,2025-08-01T10:52:55.000Z,washer,18
2CTX,2025-08-01T10:23:44.000Z,washer,8
2CTX,2025-07-31T13:33:00.000Z,washer,8
2CTX,2025-07-31T11:55:32.000Z,washer,18
2CTX,2025-07-31T09:05:32.000Z,washer,18
2CTX,2025-07-30T16:31:53.000Z,washer,18
2CTX,2025-07-30T15:45:09.000Z,washer,18
2CTX,2025-07-30T14:59:42.000Z,washer,8
2CTX,2025-07-30T10:11:20.000Z,washer,8
2CTX,2025-07-30T07:56:01.000Z,washer,18
2CTX,2025-07-29T17:10:32.000Z,washer,18
2CTX,2025-07-29T16:22:27.000Z,washer,18
2CTX,2025-07-29T15:32:44.000Z,washer,18
2CTX,2025-07-29T12:04:05.000Z,washer,8
2CTX,2025-07-29T11:43:46.000Z,washer,18
2CTX,2025-07-29T11:24:03.000Z,washer,8
2CTX,2025-07-29T09:07:35.000Z,washer,18
2CTX,2025-07-29T08:15:20.000Z,washer,8
2CTX,2025-07-29T08:14:09.000Z,washer,18
2CTX,2025-07-28T20:16:16.000Z,washer,18
2CTX,2025-07-28T17:31:26.000Z,washer,18
2CTX,2025-07-28T16:48:19.000Z,washer,18
2CTX,2025-07-28T16:13:02.000Z,washer,8
2CTX,2025-07-28T14:08:13.000Z,washer,8
2CTX,2025-07-28T14:07:20.000Z,washer,18
2CTX,2025-07-28T13:24:07.000Z,washer,8
2CTX,2025-07-28T13:19:48.000Z,washer,18
2CTX,2025-07-28T09:49:31.000Z,washer,18
2CTX,2025-07-27T22:25:24.000Z,washer,8
2CTX,2025-07-27T18:22:25.000Z,washer,18
2CTX,2025-07-27T17:30:20.000Z,washer,18
2CTX,2025-07-27T16:41:32.000Z,washer,18
2CTX,2025-07-27T16:38:49.000Z,washer,8
2CTX,2025-07-27T15:57:43.000Z,washer,8
2CTX,2025-07-27T15:54:21.000Z,washer,18
2CTX,2025-07-27T15:07:46.000Z,washer,18
2CTX,2025-07-27T10:20:32.000Z,washer,18
2CTX,2025-07-27T10:18:33.000Z,washer,8
2CTX,2025-07-27T06:15:15.000Z,washer,8
2CTX,2025-07-27T06:14:23.000Z,washer,18
2CTX,2025-07-26T19:45:33.000Z,washer,18
2CTX,2025-07-26T16:39:12.000Z,washer,18
2CTX,2025-07-26T15:08:18.000Z,washer,18
2CTX,2025-07-26T10:17:30.000Z,washer,18
2CTX,2025-07-26T09:33:04.000Z,washer,18
2CTX,2025-07-25T18:50:05.000Z,washer,8
2CTX,2025-07-25T17:43:40.000Z,washer,8
2CTX,2025-07-25T14:43:44.000Z,washer,18
2CTX,2025-07-25T10:20:31.000Z,washer,18
2CTX,2025-07-25T09:34:10.000Z,washer,18
2CTX,2025-07-25T07:39:13.000Z,washer,8
2CTX,2025-07-24T15:31:27.000Z,washer,8
2CTX,2025-07-24T14:55:39.000Z,washer,18
2CTX,2025-07-24T14:51:33.000Z,washer,8
2CTX,2025-07-24T13:51:20.000Z,washer,18
2CTX,2025-07-24T12:45:45.000Z,washer,18
2CTX,2025-07-24T10:13:03.000Z,washer,18
2CTX,2025-07-23T19:47:35.000Z,washer,8
2CTX,2025-07-23T15:33:05.000Z,washer,18
2CTX,2025-07-23T12:59:10.000Z,washer,18
2CTX,2025-07-23T10:24:48.000Z,washer,18
2CTX,2025-07-23T09:23:29.000Z,washer,18
2CTX,2025-07-22T23:23:57.000Z,washer,18
2CTX,2025-07-22T19:47:11.000Z,washer,8
2CTX,2025-07-22T13:47:47.000Z,washer,8
2CTX,2025-07-22T13:45:01.000Z,washer,18
2CTX,2025-07-22T11:42:34.000Z,washer,18
2CTX,2025-07-22T09:54:21.000Z,washer,18
2CTX,2025-07-22T08:20:27.000Z,washer,18
2CTX,2025-07-21T18:41:15.000Z,washer,8
2CTX,2025-07-21T12:47:30.000Z,washer,18
2CTX,2025-07-21T11:58:30.000Z,washer,18
2CTX,2025-07-21T11:54:09.000Z,washer,8
2CTX,2025-07-21T11:16:13.000Z,washer,18
2CTX,2025-07-21T10:25:00.000Z,washer,8
2CTX,2025-07-21T10:23:58.000Z,washer,18
2CTX,2025-07-21T09:33:59.000Z,washer,8
2CTX,2025-07-21T05:12:25.000Z,washer,8
2CTX,2025-07-20T19:59:05.000Z,washer,8
2CTX,2025-07-20T19:07:31.000Z,washer,8
2CTX,2025-07-20T19:06:24.000Z,washer,18
2CTX,2025-07-20T15:50:31.000Z,washer,8
2CTX,2025-07-20T15:28:48.000Z,washer,18
2CTX,2025-07-20T14:37:17.000Z,washer,18
2CTX,2025-07-20T12:50:54.000Z,washer,18
2CTX,2025-07-20T12:11:21.000Z,washer,8
2CTX,2025-07-20T12:06:13.000Z,washer,18
2CTX,2025-07-20T11:34:07.000Z,washer,8
2CTX,2025-07-20T10:56:44.000Z,washer,18
2CTX,2025-07-20T08:44:09.000Z,washer,18
2CTX,2025-07-20T07:49:59.000Z,washer,18
2CTX,2025-07-20T07:04:38.000Z,washer,18
2CTX,2025-07-20T06:53:16.000Z,washer,8
2CTX,2025-07-20T06:06:20.000Z,washer,8
2CTX,2025-07-20T06:05:25.000Z,washer,18
2CTX,2025-07-19T21:10:52.000Z,washer,18
2CTX,2025-07-19T19:50:48.000Z,washer,18
2CTX,2025-07-19T19:42:19.000Z,washer,8
2CTX,2025-07-19T16:45:53.000Z,washer,8
2CTX,2025-07-19T16:10:42.000Z,washer,18
2CTX,2025-07-19T16:07:08.000Z,washer,8
2CTX,2025-07-19T15:15:17.000Z,washer,18
2CTX,2025-07-19T14:05:28.000Z,washer,18
2CTX,2025-07-19T14:01:00.000Z,washer,8
2CTX,2025-07-19T13:11:53.000Z,washer,18
2CTX,2025-07-19T12:25:54.000Z,washer,18
2CTX,2025-07-19T12:14:55.000Z,washer,8
2CTX,2025-07-19T09:27:02.000Z,washer,8
2CTX,2025-07-19T07:23:36.000Z,washer,18
2CTX,2025-07-19T05:18:54.000Z,washer,8
2CTX,2025-07-18T22:14:20.000Z,washer,8
2CTX,2025-07-18T21:35:20.000Z,washer,8
2CTX,2025-07-18T21:25:41.000Z,washer,18
2CTX,2025-07-18T20:44:02.000Z,washer,8
2CTX,2025-07-18T18:51:34.000Z,washer,8
2CTX,2025-07-18T18:10:29.000Z,washer,18
2CTX,2025-07-18T17:42:32.000Z,washer,8
2CTX,2025-07-18T15:58:40.000Z,washer,18
2CTX,2025-07-18T15:45:39.000Z,washer,8
2CTX,2025-07-18T14:26:03.000Z,washer,18
2CTX,2025-07-18T13:39:19.000Z,washer,18
2CTX,2025-07-18T12:50:02.000Z,washer,18
2CTX,2025-07-18T11:37:28.000Z,washer,18
2CTX,2025-07-18T11:10:23.000Z,washer,8
2CTX,2025-07-17T18:54:33.000Z,washer,18
2CTX,2025-07-17T18:08:04.000Z,washer,18
2CTX,2025-07-17T16:47:46.000Z,washer,18
2CTX,2025-07-17T13:58:22.000Z,washer,18
2CTX,2025-07-17T12:03:12.000Z,washer,18
2CTX,2025-07-17T11:06:30.000Z,washer,18
2CTX,2025-07-16T22:57:08.000Z,washer,8
2CTX,2025-07-16T12:46:31.000Z,washer,18
2CTX,2025-07-16T12:07:12.000Z,washer,8
2CTX,2025-07-15T16:40:16.000Z,washer,18
2CTX,2025-07-15T15:27:21.000Z,washer,18
2CTX,2025-07-15T14:43:45.000Z,washer,8
2CTX,2025-07-15T14:39:48.000Z,washer,18
2CTX,2025-07-15T13:20:25.000Z,washer,18
2CTX,2025-07-15T10:27:26.000Z,washer,18
2CTX,2025-07-15T06:21:57.000Z,washer,8
2CTX,2025-07-15T06:21:04.000Z,washer,18
2CTX,2025-07-14T21:05:17.000Z,washer,18
2CTX,2025-07-14T16:35:28.000Z,washer,18
2CTX,2025-07-14T14:17:44.000Z,washer,18
2CTX,2025-07-14T13:32:42.000Z,washer,18
2CTX,2025-07-14T13:02:04.000Z,washer,8
2CTX,2025-07-14T10:12:40.000Z,washer,18
2CTX,2025-07-14T07:02:18.000Z,washer,8
2CTX,2025-07-14T06:19:57.000Z,washer,8
2CTX,2025-07-14T06:18:49.000Z,washer,18
2CTX,2025-07-13T23:24:35.000Z,washer,8
2CTX,2025-07-13T18:02:40.000Z,washer,18
2CTX,2025-07-13T16:58:15.000Z,washer,18
2CTX,2025-07-13T16:14:54.000Z,washer,18
2CTX,2025-07-13T15:23:55.000Z,washer,8
2CTX,2025-07-13T13:49:41.000Z,washer,18
2CTX,2025-07-12T19:49:05.000Z,washer,18
2CTX,2025-07-12T17:04:18.000Z,washer,8
2CTX,2025-07-12T16:58:45.000Z,washer,18
2CTX,2025-07-12T15:00:52.000Z,washer,8
2CTX,2025-07-12T13:36:43.000Z,washer,8
2CTX,2025-07-12T09:52:20.000Z,washer,8
2CTX,2025-07-11T20:20:49.000Z,washer,18
2CTX,2025-07-11T19:02:26.000Z,washer,18
2CTX,2025-07-11T15:05:44.000Z,washer,8
2CTX,2025-07-11T13:07:04.000Z,washer,8
2CTX,2025-07-11T11:11:35.000Z,washer,8
2CTX,2025-07-11T11:03:02.000Z,washer,18
2CTX,2025-07-11T10:18:46.000Z,washer,18
2CTX,2025-07-11T08:53:35.000Z,washer,18
2CTX,2025-07-11T00:39:56.000Z,washer,8
2CTX,2025-07-10T20:31:17.000Z,washer,8
2CTX,2025-07-10T16:46:44.000Z,washer,8
2CTX,2025-07-10T16:23:24.000Z,washer,18
2CTX,2025-07-10T15:17:37.000Z,washer,8
2CTX,2025-07-10T15:15:53.000Z,washer,18
2CTX,2025-07-10T13:23:25.000Z,washer,8
2CTX,2025-07-10T12:44:37.000Z,washer,8
2CTX,2025-07-10T12:40:35.000Z,washer,18
2CTX,2025-07-10T11:47:58.000Z,washer,8
2CTX,2025-07-10T08:45:33.000Z,washer,8
2CTX,2025-07-08T13:57:16.000Z,washer,8
2CTX,2025-07-08T12:06:52.000Z,washer,18
2CTX,2025-07-08T09:19:57.000Z,washer,18
2CTX,2025-07-07T22:09:27.000Z,washer,18
2CTX,2025-07-07T20:38:20.000Z,washer,18
2CTX,2025-07-07T19:50:07.000Z,washer,18
2CTX,2025-07-07T15:52:00.000Z,washer,8
2CTX,2025-07-07T11:05:53.000Z,washer,18
2CTX,2025-07-07T10:42:44.000Z,washer,8
2CTX,2025-07-07T09:01:15.000Z,washer,8
2CTX,2025-07-07T08:49:10.000Z,washer,18
2CTX,2025-07-07T07:50:29.000Z,washer,18
2CTX,2025-07-07T07:47:13.000Z,washer,8
2CTX,2025-07-07T06:45:46.000Z,washer,8
2CTX,2025-07-07T06:44:48.000Z,washer,18
2CTX,2025-07-06T18:43:12.000Z,washer,18
2CTX,2025-07-06T15:24:24.000Z,washer,8
2CTX,2025-07-06T13:36:55.000Z,washer,8
2CTX,2025-07-06T13:36:03.000Z,washer,18
2CTX,2025-07-06T12:32:03.000Z,washer,8
2CTX,2025-07-06T12:08:35.000Z,washer,18
2CTX,2025-07-06T09:26:02.000Z,washer,18
2CTX,2025-07-06T07:42:55.000Z,washer,18
2CTX,2025-07-05T20:53:20.000Z,washer,18
2CTX,2025-07-05T20:02:34.000Z,washer,18
2CTX,2025-07-05T17:21:19.000Z,washer,18
2CTX,2025-07-05T16:32:37.000Z,washer,8
2CTX,2025-07-05T16:06:44.000Z,washer,18
2CTX,2025-07-05T15:19:27.000Z,washer,18
2CTX,2025-07-05T14:26:37.000Z,washer,18
2CTX,2025-07-05T12:41:42.000Z,washer,18
2CTX,2025-07-05T11:07:40.000Z,washer,18
2CTX,2025-07-05T10:20:55.000Z,washer,18
2CTX,2025-07-05T08:34:53.000Z,washer,18
2CTX,2025-07-04T19:53:52.000Z,washer,18
2CTX,2025-07-04T19:47:28.000Z,washer,8
2CTX,2025-07-04T18:01:18.000Z,washer,18
2CTX,2025-07-04T16:23:17.000Z,washer,8
2CTX,2025-07-04T16:01:43.000Z,washer,18
2CTX,2025-07-04T15:33:33.000Z,washer,8
2CTX,2025-07-04T14:53:04.000Z,washer,8
2CTX,2025-07-04T11:13:31.000Z,washer,18
2CTX,2025-07-04T09:50:12.000Z,washer,8
2CTX,2025-07-04T08:48:30.000Z,washer,18
2CTX,2025-07-04T07:25:54.000Z,washer,8
2CTX,2025-07-04T07:24:23.000Z,washer,18
2CTX,2025-07-04T06:31:34.000Z,washer,8
2CTX,2025-07-04T06:30:40.000Z,washer,18
2CTX,2025-07-03T21:49:51.000Z,washer,8
2CTX,2025-07-03T19:38:47.000Z,washer,18
2CTX,2025-07-03T16:49:39.000Z,washer,8
2CTX,2025-07-03T16:39:11.000Z,washer,18
2CTX,2025-07-03T13:27:49.000Z,washer,8
2CTX,2025-07-03T11:33:00.000Z,washer,18
2CTX,2025-07-02T20:48:38.000Z,washer,18
2CTX,2025-07-02T20:01:09.000Z,washer,18
2CTX,2025-07-02T16:17:31.000Z,washer,8
2CTX,2025-07-02T16:13:09.000Z,washer,18
2CTX,2025-07-02T11:49:52.000Z,washer,8
2CTX,2025-07-02T08:32:39.000Z,washer,8
2CTX,2025-07-02T07:53:01.000Z,washer,18
2CTX,2025-07-02T07:52:06.000Z,washer,8
2CTX,2025-07-01T10:23:11.000Z,washer,18
2CTX,2025-07-01T10:15:12.000Z,washer,8
2CTX,2025-07-01T09:32:05.000Z,washer,8
2CTX,2025-07-01T09:28:51.000Z,washer,18
2CTX,2025-06-30T21:48:20.000Z,washer,8
2CTX,2025-06-30T18:58:53.000Z,washer,18
2CTX,2025-06-30T17:50:12.000Z,washer,8
2CTX,2025-06-30T10:05:47.000Z,washer,18
2CTX,2025-06-30T08:38:46.000Z,washer,18
2CTX,2025-06-29T22:50:12.000Z,washer,18
2CTX,2025-06-29T19:52:37.000Z,washer,18
2CTX,2025-06-29T18:10:50.000Z,washer,18
2CTX,2025-06-29T17:14:06.000Z,washer,8
2CTX,2025-06-29T15:27:31.000Z,washer,8
2CTX,2025-06-29T15:20:48.000Z,washer,18
2CTX,2025-06-29T11:46:53.000Z,washer,18
2CTX,2025-06-29T10:19:33.000Z,washer,8
2CTX,2025-06-29T08:32:27.000Z,washer,8
2CTX,2025-06-29T08:31:04.000Z,washer,18
2CTX,2025-06-28T23:13:38.000Z,washer,18
2CTX,2025-06-28T23:12:23.000Z,washer,8
2CTX,2025-06-28T19:07:35.000Z,washer,18
2CTX,2025-06-28T17:10:54.000Z,washer,18
2CTX,2025-06-28T13:19:28.000Z,washer,18
2CTX,2025-06-28T10:18:12.000Z,washer,18
2CTX,2025-06-28T10:15:50.000Z,washer,8
2CTX,2025-06-28T08:17:32.000Z,washer,18
2CTX,2025-06-28T06:51:47.000Z,washer,18
2CTX,2025-06-27T22:44:21.000Z,washer,18
2CTX,2025-06-27T18:23:54.000Z,washer,8
2CTX,2025-06-27T17:21:57.000Z,washer,8
2CTX,2025-06-27T16:00:31.000Z,washer,8
2CTX,2025-06-27T12:08:50.000Z,washer,18
2CTX,2025-06-27T11:17:43.000Z,washer,18
2CTX,2025-06-27T10:17:46.000Z,washer,18
2CTX,2025-06-27T09:59:42.000Z,washer,8
2CTX,2025-06-27T09:33:37.000Z,washer,18
2CTX,2025-06-26T10:48:42.000Z,washer,8
2CTX,2025-06-25T17:28:27.000Z,washer,8
2CTX,2025-06-25T17:12:01.000Z,washer,18
2CTX,2025-06-25T12:38:26.000Z,washer,18
2CTX,2025-06-25T12:35:54.000Z,washer,8
2CTX,2025-06-25T11:22:35.000Z,washer,8
2CTX,2025-06-25T11:20:32.000Z,washer,18
2CTX,2025-06-25T10:34:21.000Z,washer,18
2CTX,2025-06-25T10:27:42.000Z,washer,8
2CTX,2025-06-25T07:22:27.000Z,washer,8
2CTX,2025-06-25T07:21:28.000Z,washer,18
2CTX,2025-06-24T18:57:13.000Z,washer,8
2CTX,2025-06-24T18:55:35.000Z,washer,18
2CTX,2025-06-24T16:55:13.000Z,washer,18
2CTX,2025-06-24T14:54:39.000Z,washer,18
2CTX,2025-06-24T12:05:37.000Z,washer,18
2CTX,2025-06-24T11:22:49.000Z,washer,18
2CTX,2025-06-24T09:31:48.000Z,washer,18
2CTX,2025-06-23T16:29:54.000Z,washer,18
2CTX,2025-06-23T14:20:43.000Z,washer,8
2CTX,2025-06-23T12:23:14.000Z,washer,8
2CTX,2025-06-23T12:20:03.000Z,washer,18
2CTX,2025-06-23T08:16:09.000Z,washer,18
2CTX,2025-06-23T07:35:50.000Z,washer,8
2CTX,2025-06-22T19:15:36.000Z,washer,18
2CTX,2025-06-22T18:13:58.000Z,washer,8
2CTX,2025-06-22T12:27:06.000Z,washer,18
2CTX,2025-06-22T11:23:32.000Z,washer,18
2CTX,2025-06-21T20:44:20.000Z,washer,18
2CTX,2025-06-21T19:53:35.000Z,washer,18
2CTX,2025-06-21T19:08:13.000Z,washer,18
2CTX,2025-06-21T18:36:47.000Z,washer,8
2CTX,2025-06-21T15:23:54.000Z,washer,8
2CTX,2025-06-21T14:05:44.000Z,washer,18
2CTX,2025-06-21T13:35:42.000Z,washer,8
2CTX,2025-06-21T13:09:50.000Z,washer,18
2CTX,2025-06-21T12:00:37.000Z,washer,18
2CTX,2025-06-21T11:14:46.000Z,washer,18
2CTX,2025-06-21T10:17:03.000Z,washer,18
2CTX,2025-06-21T07:02:47.000Z,washer,8
2CTX,2025-06-20T18:19:39.000Z,washer,18
2CTX,2025-06-20T17:30:57.000Z,washer,8
2CTX,2025-06-20T15:10:03.000Z,washer,8
2CTX,2025-06-20T12:54:56.000Z,washer,18
2CTX,2025-06-20T12:10:05.000Z,washer,8
2CTX,2025-06-20T12:08:55.000Z,washer,18
2CTX,2025-06-20T09:55:19.000Z,washer,18
2CTX,2025-06-20T08:30:09.000Z,washer,18
2CTX,2025-06-20T02:04:42.000Z,washer,18
2CTX,2025-06-19T23:54:00.000Z,washer,18
2CTX,2025-06-19T18:15:07.000Z,washer,8
2CTX,2025-06-19T17:56:07.000Z,washer,18
2CTX,2025-06-19T17:05:25.000Z,washer,18
2CTX,2025-06-19T12:11:54.000Z,washer,18
2CTX,2025-06-19T12:06:29.000Z,washer,8
2CTX,2025-06-18T20:04:08.000Z,washer,8
2CTX,2025-06-18T20:02:51.000Z,washer,18
2CTX,2025-06-18T15:13:29.000Z,washer,8
2CTX,2025-06-18T15:12:30.000Z,washer,18
2CTX,2025-06-18T12:51:41.000Z,washer,18
2CTX,2025-06-18T12:03:14.000Z,washer,8
2CTX,2025-06-18T12:02:19.000Z,washer,18
2CTX,2025-06-17T18:03:15.000Z,washer,18
2CTX,2025-06-17T17:17:50.000Z,washer,18
2CTX,2025-06-17T14:51:42.000Z,washer,8
2CTX,2025-06-17T13:47:59.000Z,washer,8
2CTX,2025-06-17T13:47:08.000Z,washer,18
2CTX,2025-06-17T11:12:58.000Z,washer,18
2CTX,2025-06-16T15:39:18.000Z,washer,18
2CTX,2025-06-16T13:11:32.000Z,washer,8
2CTX,2025-06-16T10:24:35.000Z,washer,8
2CTX,2025-06-16T07:11:50.000Z,washer,8
2CTX,2025-06-16T07:10:54.000Z,washer,18
2CTX,2025-06-15T18:37:03.000Z,washer,18
2CTX,2025-06-15T17:05:02.000Z,washer,8
2CTX,2025-06-15T14:51:06.000Z,washer,18
2CTX,2025-06-15T11:47:27.000Z,washer,18
2CTX,2025-06-15T10:46:13.000Z,washer,18
2CTX,2025-06-15T10:29:47.000Z,washer,8
2CTX,2025-06-15T10:00:04.000Z,washer,18
2CTX,2025-06-15T09:13:41.000Z,washer,8
2CTX,2025-06-15T09:10:41.000Z,washer,18
2CTX,2025-06-15T05:56:44.000Z,washer,18
2CTX,2025-06-14T17:37:41.000Z,washer,18
2CTX,2025-06-14T17:17:32.000Z,washer,8
2CTX,2025-06-14T16:40:47.000Z,washer,18
2CTX,2025-06-14T15:49:29.000Z,washer,18
2CTX,2025-06-14T15:34:44.000Z,washer,8
2CTX,2025-06-14T13:02:43.000Z,washer,8
2CTX,2025-06-14T13:01:17.000Z,washer,18
2CTX,2025-06-14T09:09:35.000Z,washer,18
2CTX,2025-06-14T08:30:25.000Z,washer,8
2CTX,2025-06-14T06:54:42.000Z,washer,18
2CTX,2025-06-14T05:56:46.000Z,washer,8
2CTX,2025-06-13T11:26:59.000Z,washer,18
2CTX,2025-06-13T10:31:46.000Z,washer,18
2CTX,2025-06-12T22:54:56.000Z,washer,8
2CTX,2025-06-12T17:00:54.000Z,washer,18
2CTX,2025-06-12T13:03:44.000Z,washer,8
2CTX,2025-06-12T13:00:47.000Z,washer,18
2CTX,2025-06-12T12:05:28.000Z,washer,18
2CTX,2025-06-12T11:47:30.000Z,washer,8
2CTX,2025-06-12T10:02:51.000Z,washer,18
2CTX,2025-06-12T09:17:23.000Z,washer,18
2CTX,2025-06-11T21:50:58.000Z,washer,8
2CTX,2025-06-11T17:56:59.000Z,washer,18
2CTX,2025-06-11T17:54:32.000Z,washer,8
2CTX,2025-06-11T14:03:41.000Z,washer,18
2CTX,2025-06-11T10:50:43.000Z,washer,8
2CTX,2025-06-10T20:28:27.000Z,washer,18
2CTX,2025-06-10T19:31:42.000Z,washer,8
2CTX,2025-06-10T19:30:43.000Z,washer,18
2CTX,2025-06-10T18:27:26.000Z,washer,8
2CTX,2025-06-10T18:26:11.000Z,washer,18
2CTX,2025-06-10T16:27:48.000Z,washer,18
2CTX,2025-06-10T07:07:37.000Z,washer,18
2CTX,2025-06-09T18:46:58.000Z,washer,18
2CTX,2025-06-09T14:18:37.000Z,washer,18
2CTX,2025-06-09T12:50:20.000Z,washer,8
2CTX,2025-06-09T11:59:58.000Z,washer,8
2CTX,2025-06-09T10:50:10.000Z,washer,18
2CTX,2025-06-09T09:05:27.000Z,washer,18
2CTX,2025-06-08T18:34:50.000Z,washer,18
2CTX,2025-06-08T17:46:57.000Z,washer,8
2CTX,2025-06-08T17:45:45.000Z,washer,18
2CTX,2025-06-08T14:55:20.000Z,washer,8
2CTX,2025-06-08T13:12:15.000Z,washer,8
2CTX,2025-06-08T11:11:56.000Z,washer,18
2CTX,2025-06-08T09:53:08.000Z,washer,18
2CTX,2025-06-07T21:20:32.000Z,washer,18
2CTX,2025-06-07T20:18:34.000Z,washer,8
2CTX,2025-06-07T19:33:57.000Z,washer,18
2CTX,2025-06-07T18:49:26.000Z,washer,18
2CTX,2025-06-07T18:37:15.000Z,washer,8
2CTX,2025-06-07T15:25:07.000Z,washer,8
2CTX,2025-06-07T12:55:17.000Z,washer,18
2CTX,2025-06-07T12:08:47.000Z,washer,18
2CTX,2025-06-07T11:54:09.000Z,washer,8
2CTX,2025-06-07T11:19:44.000Z,washer,18
2CTX,2025-06-07T11:15:32.000Z,washer,8
2CTX,2025-06-07T09:59:34.000Z,washer,8
2CTX,2025-06-07T08:33:05.000Z,washer,18
2CTX,2025-06-06T20:04:43.000Z,washer,18
2CTX,2025-06-06T17:51:15.000Z,washer,8
2CTX,2025-06-06T16:43:25.000Z,washer,8
2CTX,2025-06-06T15:47:12.000Z,washer,18
2CTX,2025-06-06T13:12:14.000Z,washer,18
2CTX,2025-06-06T09:12:38.000Z,washer,8
2CTX,2025-06-06T09:03:31.000Z,washer,18
2CTX,2025-06-05T22:11:48.000Z,washer,8
2CTX,2025-06-05T15:55:37.000Z,washer,8
2CTX,2025-06-05T14:20:14.000Z,washer,8
2CTX,2025-06-05T14:05:04.000Z,washer,18
2CTX,2025-06-05T13:20:48.000Z,washer,18
2CTX,2025-06-05T12:48:00.000Z,washer,8
2CTX,2025-06-05T12:32:08.000Z,washer,18
2CTX,2025-06-05T11:47:18.000Z,washer,18
2CTX,2025-06-05T09:33:38.000Z,washer,8
2CTX,2025-06-04T21:41:51.000Z,washer,18
2CTX,2025-06-04T18:49:31.000Z,washer,18
2CTX,2025-06-04T12:03:04.000Z,washer,8
2CTX,2025-06-04T11:36:56.000Z,washer,18
2CTX,2025-06-04T11:19:39.000Z,washer,8
2CTX,2025-06-04T10:54:40.000Z,washer,18
2CTX,2025-06-04T10:36:14.000Z,washer,8
2CTX,2025-06-04T09:44:06.000Z,washer,8
2CTX,2025-06-04T00:20:32.000Z,washer,18
2CTX,2025-06-04T00:19:15.000Z,washer,8
2CTX,2025-06-03T17:51:20.000Z,washer,18
2CTX,2025-06-03T17:20:26.000Z,washer,8
2CTX,2025-06-03T15:45:03.000Z,washer,8
2CTX,2025-06-03T13:53:49.000Z,washer,18
2CTX,2025-06-03T13:02:43.000Z,washer,18
2CTX,2025-06-03T12:17:37.000Z,washer,18
2CTX,2025-06-03T11:24:57.000Z,washer,18
2CTX,2025-06-03T09:33:50.000Z,washer,18
2CTX,2025-06-03T08:21:16.000Z,washer,18
2CTX,2025-06-03T08:17:51.000Z,washer,8
2CTX,2025-06-02T13:47:35.000Z,washer,18
2CTX,2025-06-02T13:44:55.000Z,washer,8
2CTX,2025-06-02T12:58:49.000Z,washer,8
2CTX,2025-06-02T12:38:56.000Z,washer,18
2CTX,2025-06-01T22:13:08.000Z,washer,8
2CTX,2025-06-01T18:00:37.000Z,washer,18
2CTX,2025-06-01T16:46:36.000Z,washer,18
2CTX,2025-06-01T15:27:58.000Z,washer,18
2CTX,2025-06-01T14:18:33.000Z,washer,18
2CTX,2025-06-01T10:07:13.000Z,washer,18
2CTX,2025-06-01T10:00:28.000Z,washer,8
2CTX,2025-05-31T19:03:08.000Z,washer,18
2CTX,2025-05-31T18:14:42.000Z,washer,8
2CTX,2025-05-31T18:13:42.000Z,washer,18
2CTX,2025-05-31T13:39:34.000Z,washer,18
2CTX,2025-05-31T13:34:23.000Z,washer,8
2CTX,2025-05-31T12:48:39.000Z,washer,18
2CTX,2025-05-31T12:44:06.000Z,washer,8
2CTX,2025-05-31T12:04:06.000Z,washer,8
2CTX,2025-05-31T12:00:29.000Z,washer,18
2CTX,2025-05-31T10:05:59.000Z,washer,8
2CTX,2025-05-31T10:05:03.000Z,washer,18
2CTX,2025-05-31T07:49:27.000Z,washer,8
2CTX,2025-05-30T20:41:35.000Z,washer,18
2CTX,2025-05-30T19:47:39.000Z,washer,18
2CTX,2025-05-30T17:41:06.000Z,washer,8
2CTX,2025-05-30T16:51:58.000Z,washer,18
2CTX,2025-05-30T15:04:09.000Z,washer,18
2CTX,2025-05-30T14:21:12.000Z,washer,8
2CTX,2025-05-29T20:38:11.000Z,washer,8
2CTX,2025-05-29T19:17:04.000Z,washer,18
2CTX,2025-05-29T17:49:19.000Z,washer,18
2CTX,2025-05-29T16:50:59.000Z,washer,8
2CTX,2025-05-29T16:04:52.000Z,washer,8
2CTX,2025-05-29T11:08:17.000Z,washer,18
2CTX,2025-05-28T21:20:27.000Z,washer,8
2CTX,2025-05-28T17:33:07.000Z,washer,18
2CTX,2025-05-28T15:41:44.000Z,washer,8
2CTX,2025-05-28T15:40:52.000Z,washer,18
2CTX,2025-05-28T14:53:50.000Z,washer,18
2CTX,2025-05-28T14:52:12.000Z,washer,8
2CTX,2025-05-28T11:44:51.000Z,washer,18
2CTX,2025-05-27T20:39:14.000Z,washer,8
2CTX,2025-05-27T20:12:44.000Z,washer,18
2CTX,2025-05-27T18:25:49.000Z,washer,18
2CTX,2025-05-27T16:54:24.000Z,washer,18
2CTX,2025-05-27T11:43:06.000Z,washer,18
2CTX,2025-05-27T10:55:37.000Z,washer,18
2CTX,2025-05-27T10:09:27.000Z,washer,8
2CTX,2025-05-27T10:07:28.000Z,washer,18
2CTX,2025-05-27T08:46:20.000Z,washer,18
2CTX,2025-05-26T16:43:23.000Z,washer,8
2CTX,2025-05-26T15:42:13.000Z,washer,8
2CTX,2025-05-26T10:06:40.000Z,washer,8
2CTX,2025-05-25T20:40:52.000Z,washer,18
2CTX,2025-05-25T18:04:50.000Z,washer,8
2CTX,2025-05-25T17:26:57.000Z,washer,18
2CTX,2025-05-25T15:36:56.000Z,washer,8
2CTX,2025-05-25T15:27:13.000Z,washer,18
2CTX,2025-05-25T14:24:04.000Z,washer,18
2CTX,2025-05-25T13:39:34.000Z,washer,18
2CTX,2025-05-25T11:35:04.000Z,washer,8
2CTX,2025-05-24T20:20:29.000Z,washer,8
2CTX,2025-05-24T16:45:13.000Z,washer,18
2CTX,2025-05-24T15:23:44.000Z,washer,18
2CTX,2025-05-24T11:43:21.000Z,washer,18
2CTX,2025-05-24T11:13:14.000Z,washer,8
2CTX,2025-05-24T10:23:58.000Z,washer,8
2CTX,2025-05-24T10:22:07.000Z,washer,18
2CTX,2025-05-24T09:39:09.000Z,washer,8
2CTX,2025-05-23T19:20:30.000Z,washer,8
2CTX,2025-05-23T19:19:23.000Z,washer,18
2CTX,2025-05-23T18:18:11.000Z,washer,18
2CTX,2025-05-23T18:17:03.000Z,washer,8
2CTX,2025-05-23T16:51:30.000Z,washer,8
2CTX,2025-05-23T16:35:35.000Z,washer,18
2CTX,2025-05-23T14:50:42.000Z,washer,8
2CTX,2025-05-23T09:59:45.000Z,washer,18
2CTX,2025-05-22T18:55:48.000Z,washer,8
2CTX,2025-05-22T12:08:13.000Z,washer,8
2CTX,2025-05-22T08:46:54.000Z,washer,8
2CTX,2025-05-21T19:51:41.000Z,washer,18
2CTX,2025-05-21T17:04:17.000Z,washer,18
2CTX,2025-05-21T14:07:10.000Z,washer,18
2CTX,2025-05-21T12:45:04.000Z,washer,8
2CTX,2025-05-21T11:48:47.000Z,washer,18
2CTX,2025-05-21T10:54:43.000Z,washer,18
2CTX,2025-05-21T07:22:28.000Z,washer,8
2CTX,2025-05-21T07:21:38.000Z,washer,18
2CTX,2025-05-21T06:37:02.000Z,washer,8
2CTX,2025-05-21T06:36:06.000Z,washer,18
2CTX,2025-05-20T19:14:56.000Z,washer,18
2CTX,2025-05-20T16:25:29.000Z,washer,18
2CTX,2025-05-20T07:59:34.000Z,washer,18
2CTX,2025-05-19T18:25:47.000Z,washer,18
2CTX,2025-05-19T16:47:18.000Z,washer,8
2CTX,2025-05-19T16:07:43.000Z,washer,18
2CTX,2025-05-19T10:19:57.000Z,washer,18
2CTX,2025-05-18T19:08:41.000Z,washer,8
2CTX,2025-05-18T19:03:43.000Z,washer,18
2CTX,2025-05-18T17:47:20.000Z,washer,8
2CTX,2025-05-18T14:59:50.000Z,washer,18
2CTX,2025-05-18T13:21:18.000Z,washer,8
2CTX,2025-05-18T11:53:06.000Z,washer,8
2CTX,2025-05-18T11:51:10.000Z,washer,18
2CTX,2025-05-18T11:14:15.000Z,washer,8
2CTX,2025-05-18T10:01:05.000Z,washer,18
2CTX,2025-05-17T20:31:37.000Z,washer,18
2CTX,2025-05-17T19:41:19.000Z,washer,18
2CTX,2025-05-17T18:55:42.000Z,washer,18
2CTX,2025-05-17T18:07:00.000Z,washer,8
2CTX,2025-05-17T18:04:39.000Z,washer,18
2CTX,2025-05-17T17:21:34.000Z,washer,18
2CTX,2025-05-17T17:20:27.000Z,washer,8
2CTX,2025-05-17T16:20:11.000Z,washer,18
2CTX,2025-05-17T15:25:04.000Z,washer,18
2CTX,2025-05-17T11:51:41.000Z,washer,18
2CTX,2025-05-17T11:00:58.000Z,washer,18
2CTX,2025-05-17T10:58:03.000Z,washer,8
2CTX,2025-05-17T10:05:07.000Z,washer,18
2CTX,2025-05-16T20:54:35.000Z,washer,8
2CTX,2025-05-16T19:07:41.000Z,washer,18
2CTX,2025-05-16T17:33:49.000Z,washer,18
2CTX,2025-05-16T15:29:25.000Z,washer,18
2CTX,2025-05-15T18:43:24.000Z,washer,18
2CTX,2025-05-15T17:49:20.000Z,washer,18
2CTX,2025-05-15T17:04:52.000Z,washer,18
2CTX,2025-05-15T11:43:39.000Z,washer,18
2CTX,2025-05-15T11:22:55.000Z,washer,8
2CTX,2025-05-15T10:56:29.000Z,washer,18
2CTX,2025-05-15T09:29:10.000Z,washer,8
2CTX,2025-05-15T08:44:15.000Z,washer,18
2CTX,2025-05-15T08:29:42.000Z,washer,8
2CTX,2025-05-15T07:43:15.000Z,washer,18
2CTX,2025-05-15T07:41:32.000Z,washer,8
2CTX,2025-05-14T17:57:36.000Z,washer,8
2CTX,2025-05-14T17:56:46.000Z,washer,18
2CTX,2025-05-14T13:26:02.000Z,washer,18
2CTX,2025-05-14T12:23:41.000Z,washer,18
2CTX,2025-05-14T11:15:41.000Z,washer,18
2CTX,2025-05-14T09:44:02.000Z,washer,8
2CTX,2025-05-13T20:06:43.000Z,washer,8
2CTX,2025-05-13T18:38:29.000Z,washer,18
2CTX,2025-05-13T17:17:56.000Z,washer,8
2CTX,2025-05-13T17:16:39.000Z,washer,18
2CTX,2025-05-13T10:40:27.000Z,washer,18
2CTX,2025-05-12T22:34:24.000Z,washer,8
2CTX,2025-05-12T22:32:40.000Z,washer,18
2CTX,2025-05-12T17:08:39.000Z,washer,18
2CTX,2025-05-12T17:07:31.000Z,washer,8
2CTX,2025-05-12T16:30:35.000Z,washer,8
2CTX,2025-05-12T14:36:49.000Z,washer,18
2CTX,2025-05-12T13:12:23.000Z,washer,18
2CTX,2025-05-12T10:26:44.000Z,washer,18
2CTX,2025-05-11T21:42:49.000Z,washer,8
2CTX,2025-05-11T20:16:44.000Z,washer,18
2CTX,2025-05-11T19:01:11.000Z,washer,18
2CTX,2025-05-11T18:13:38.000Z,washer,8
2CTX,2025-05-11T17:27:35.000Z,washer,18
2CTX,2025-05-11T15:06:15.000Z,washer,8
2CTX,2025-05-11T11:52:41.000Z,washer,18
2CTX,2025-05-11T11:35:22.000Z,washer,8
2CTX,2025-05-11T11:06:21.000Z,washer,18
2CTX,2025-05-10T16:44:57.000Z,washer,18
2CTX,2025-05-10T12:51:24.000Z,washer,18
2CTX,2025-05-10T11:17:35.000Z,washer,18
2CTX,2025-05-10T10:39:40.000Z,washer,8
2CTX,2025-05-10T10:25:10.000Z,washer,18
2CTX,2025-05-10T08:46:29.000Z,washer,18
2CTX,2025-05-10T07:40:01.000Z,washer,18
2CTX,2025-05-09T19:48:27.000Z,washer,18
2CTX,2025-05-09T18:53:55.000Z,washer,18
2CTX,2025-05-09T10:58:43.000Z,washer,8
2CTX,2025-05-09T10:57:00.000Z,washer,18
2CTX,2025-05-08T20:02:16.000Z,washer,18
2CTX,2025-05-08T19:14:05.000Z,washer,8
2CTX,2025-05-08T16:57:53.000Z,washer,8
2CTX,2025-05-08T16:56:49.000Z,washer,18
2CTX,2025-05-08T12:17:54.000Z,washer,18
2CTX,2025-05-08T10:59:45.000Z,washer,18
2CTX,2025-05-08T07:25:08.000Z,washer,18
2CTX,2025-05-08T07:20:13.000Z,washer,8
2CTX,2025-05-08T06:41:07.000Z,washer,8
2CTX,2025-05-08T06:40:16.000Z,washer,18
2CTX,2025-05-07T23:45:35.000Z,washer,18
2CTX,2025-05-07T15:14:04.000Z,washer,8
2CTX,2025-05-07T12:36:12.000Z,washer,18
2CTX,2025-05-07T09:06:05.000Z,washer,18
2CTX,2025-05-07T08:19:14.000Z,washer,18
2CTX,2025-05-07T07:51:50.000Z,washer,8
2CTX,2025-05-06T19:43:11.000Z,washer,8
2CTX,2025-05-06T17:26:48.000Z,washer,18
2CTX,2025-05-06T16:43:16.000Z,washer,18
2CTX,2025-05-06T15:58:43.000Z,washer,18
2CTX,2025-05-06T10:37:36.000Z,washer,18
2CTX,2025-05-06T09:46:15.000Z,washer,18
2CTX,2025-05-06T08:50:08.000Z,washer,8
2CTX,2025-05-05T19:43:43.000Z,washer,8
2CTX,2025-05-05T19:42:44.000Z,washer,18
2CTX,2025-05-05T18:23:53.000Z,washer,18
2CTX,2025-05-05T18:21:25.000Z,washer,8
2CTX,2025-05-05T11:26:52.000Z,washer,8
2CTX,2025-05-05T11:23:09.000Z,washer,18
2CTX,2025-05-05T10:04:37.000Z,washer,8
2CTX,2025-05-05T10:01:22.000Z,washer,18
2CTX,2025-05-05T07:14:10.000Z,washer,18
2CTX,2025-05-05T07:10:21.000Z,washer,8
2CTX,2025-05-05T06:32:25.000Z,washer,8
2CTX,2025-05-05T06:31:31.000Z,washer,18
2CTX,2025-05-04T19:19:47.000Z,washer,18
2CTX,2025-05-04T17:17:22.000Z,washer,18
2CTX,2025-05-04T11:30:00.000Z,washer,8
2CTX,2025-05-04T11:16:24.000Z,washer,18
2CTX,2025-05-04T10:28:53.000Z,washer,18
2CTX,2025-05-04T09:20:28.000Z,washer,8
2CTX,2025-05-04T09:19:22.000Z,washer,18
2CTX,2025-05-04T07:44:49.000Z,washer,18
2CTX,2025-05-03T20:07:47.000Z,washer,18
2CTX,2025-05-03T19:20:00.000Z,washer,18
2CTX,2025-05-03T17:37:54.000Z,washer,8
2CTX,2025-05-03T15:53:03.000Z,washer,8
2CTX,2025-05-03T15:41:34.000Z,washer,18
2CTX,2025-05-03T14:22:43.000Z,washer,18
2CTX,2025-05-03T09:38:20.000Z,washer,18
2CTX,2025-05-03T06:55:20.000Z,washer,18
2CTX,2025-05-02T20:47:19.000Z,washer,8
2CTX,2025-05-02T20:45:11.000Z,washer,18
2CTX,2025-05-02T17:25:34.000Z,washer,8
2CTX,2025-05-02T17:21:11.000Z,washer,18
2CTX,2025-05-02T16:09:57.000Z,washer,18
2CTX,2025-05-02T15:28:36.000Z,washer,8
2CTX,2025-05-02T14:06:03.000Z,washer,8
2CTX,2025-05-02T09:38:32.000Z,washer,18
2CTX,2025-05-02T08:36:58.000Z,washer,18
2CTX,2025-05-01T20:22:29.000Z,washer,18
2CTX,2025-05-01T18:28:21.000Z,washer,18
2CTX,2025-05-01T11:34:29.000Z,washer,18
2CTX,2025-05-01T10:46:28.000Z,washer,8
2CTX,2025-05-01T10:32:22.000Z,washer,18
2CTX,2025-05-01T06:50:23.000Z,washer,8
2CTX,2025-04-30T16:53:28.000Z,washer,18
2CTX,2025-04-30T16:51:55.000Z,washer,18
2CTX,2025-04-30T15:27:23.000Z,washer,18
2CTX,2025-04-30T13:17:45.000Z,washer,18
2CTX,2025-04-30T08:56:22.000Z,washer,18
2CTX,2025-04-30T07:08:48.000Z,washer,8
2CTX,2025-04-30T07:07:56.000Z,washer,18
2CTX,2025-04-29T21:45:20.000Z,washer,8
2CTX,2025-04-29T19:30:15.000Z,washer,8
2CTX,2025-04-29T12:45:54.000Z,washer,8
2CTX,2025-04-28T16:56:09.000Z,washer,18
2CTX,2025-04-28T15:34:32.000Z,washer,18
2CTX,2025-04-28T14:42:37.000Z,washer,18
2CTX,2025-04-28T10:23:03.000Z,washer,18
2CTX,2025-04-28T09:36:57.000Z,washer,18
2CTX,2025-04-27T18:07:48.000Z,washer,8
2CTX,2025-04-27T17:17:43.000Z,washer,8
2CTX,2025-04-27T17:16:41.000Z,washer,18
2CTX,2025-04-27T14:11:41.000Z,washer,18
2CTX,2025-04-27T13:24:54.000Z,washer,18
2CTX,2025-04-27T11:29:28.000Z,washer,18
2CTX,2025-04-27T10:40:59.000Z,washer,18
2CTX,2025-04-26T17:30:55.000Z,washer,18
2CTX,2025-04-26T15:00:19.000Z,washer,18
2CTX,2025-04-26T13:33:29.000Z,washer,8
2CTX,2025-04-26T10:40:35.000Z,washer,18
2CTX,2025-04-25T17:16:53.000Z,washer,18
2CTX,2025-04-24T21:18:23.000Z,washer,8
2CTX,2025-04-24T20:33:13.000Z,washer,8
2CTX,2025-04-24T16:56:56.000Z,washer,8
2CTX,2025-04-24T14:27:00.000Z,washer,8
2CTX,2025-04-24T11:00:43.000Z,washer,18
2CTX,2025-04-24T10:59:02.000Z,washer,8
2CTX,2025-04-24T10:04:20.000Z,washer,8
2CTX,2025-04-24T09:58:49.000Z,washer,18
2CTX,2025-04-24T07:22:03.000Z,washer,8
2CTX,2025-04-24T07:20:57.000Z,washer,18
2CTX,2025-04-23T18:54:56.000Z,washer,18
2CTX,2025-04-23T14:23:09.000Z,washer,18
2CTX,2025-04-23T09:06:44.000Z,washer,8
2CTX,2025-04-23T09:00:23.000Z,washer,18
2CTX,2025-04-22T14:15:49.000Z,washer,18
2CTX,2025-04-22T10:27:37.000Z,washer,18
2CTX,2025-04-22T09:40:33.000Z,washer,18
2CTX,2025-04-22T08:54:10.000Z,washer,18
2CTX,2025-04-21T14:16:01.000Z,washer,8
2CTX,2025-04-21T13:37:27.000Z,washer,8
2CTX,2025-04-21T12:57:36.000Z,washer,8
2CTX,2025-04-21T12:09:38.000Z,washer,8
2CTX,2025-04-21T11:52:07.000Z,washer,18
2CTX,2025-04-21T11:02:55.000Z,washer,18
2CTX,2025-04-21T10:19:06.000Z,washer,18
2CTX,2025-04-21T09:30:00.000Z,washer,18
2CTX,2025-04-21T08:07:17.000Z,washer,18
2CTX,2025-04-21T08:04:42.000Z,washer,8
2CTX,2025-04-21T07:20:27.000Z,washer,18
2CTX,2025-04-20T20:50:35.000Z,washer,8
2CTX,2025-04-20T18:59:09.000Z,washer,8
2CTX,2025-04-20T18:49:58.000Z,washer,18
2CTX,2025-04-20T15:03:11.000Z,washer,8
2CTX,2025-04-20T15:00:46.000Z,washer,18
2CTX,2025-04-20T13:27:28.000Z,washer,18
2CTX,2025-04-20T11:50:10.000Z,washer,18
2CTX,2025-04-20T05:45:54.000Z,washer,8
2CTX,2025-04-19T21:55:08.000Z,washer,18
2CTX,2025-04-19T20:18:54.000Z,washer,8
2CTX,2025-04-19T18:34:22.000Z,washer,18
2CTX,2025-04-19T15:08:20.000Z,washer,18
2CTX,2025-04-19T11:12:43.000Z,washer,8
2CTX,2025-04-19T10:45:52.000Z,washer,18
2CTX,2025-04-19T10:31:57.000Z,washer,8
2CTX,2025-04-19T09:58:01.000Z,washer,18
2CTX,2025-04-19T09:27:19.000Z,washer,8
2CTX,2025-04-19T08:46:12.000Z,washer,18
2CTX,2025-04-19T07:43:31.000Z,washer,8
2CTX,2025-04-19T07:04:24.000Z,washer,8
2CTX,2025-04-19T07:03:34.000Z,washer,18
2CTX,2025-04-18T19:47:56.000Z,washer,18
2CTX,2025-04-18T17:02:04.000Z,washer,8
2CTX,2025-04-18T11:52:33.000Z,washer,18
2CTX,2025-04-18T10:40:13.000Z,washer,18
2CTX,2025-04-18T08:56:11.000Z,washer,18
2CTX,2025-04-17T15:57:18.000Z,washer,8
2CTX,2025-04-17T15:50:11.000Z,washer,18
2CTX,2025-04-17T13:17:24.000Z,washer,18
2CTX,2025-04-17T10:22:57.000Z,washer,18
2CTX,2025-04-17T09:38:09.000Z,washer,18
2CTX,2025-04-16T16:47:06.000Z,washer,18
2CTX,2025-04-16T15:12:35.000Z,washer,18
2CTX,2025-04-16T14:33:42.000Z,washer,8
2CTX,2025-04-16T14:27:06.000Z,washer,18
2CTX,2025-04-16T12:34:59.000Z,washer,18
2CTX,2025-04-16T06:50:12.000Z,washer,18
2CTX,2025-04-15T21:51:45.000Z,washer,8
2CTX,2025-04-15T21:09:19.000Z,washer,18
2CTX,2025-04-15T19:15:38.000Z,washer,18
2CTX,2025-04-15T14:10:26.000Z,washer,8
2CTX,2025-04-15T13:17:27.000Z,washer,18
2CTX,2025-04-15T11:50:21.000Z,washer,18
2CTX,2025-04-14T19:43:08.000Z,washer,18
2CTX,2025-04-14T17:54:41.000Z,washer,18
2CTX,2025-04-14T16:21:49.000Z,washer,18
2CTX,2025-04-14T15:35:00.000Z,washer,18
2CTX,2025-04-14T13:29:01.000Z,washer,18
2CTX,2025-04-14T10:48:17.000Z,washer,18
2CTX,2025-04-13T20:52:21.000Z,washer,18
2CTX,2025-04-13T20:02:02.000Z,washer,8
2CTX,2025-04-13T18:13:59.000Z,washer,18
2CTX,2025-04-13T16:12:17.000Z,washer,18
2CTX,2025-04-13T15:00:03.000Z,washer,18
2CTX,2025-04-13T11:34:22.000Z,washer,18
2CTX,2025-04-13T10:23:19.000Z,washer,8
2CTX,2025-04-13T10:21:45.000Z,washer,18
2CTX,2025-04-13T08:36:53.000Z,washer,18
2CTX,2025-04-12T20:29:20.000Z,washer,18
2CTX,2025-04-12T19:44:05.000Z,washer,18
2CTX,2025-04-12T18:44:18.000Z,washer,18
2CTX,2025-04-12T17:50:52.000Z,washer,18
2CTX,2025-04-12T17:30:58.000Z,washer,8
2CTX,2025-04-12T16:42:26.000Z,washer,18
2CTX,2025-04-12T16:25:19.000Z,washer,8
2CTX,2025-04-12T15:46:55.000Z,washer,8
2CTX,2025-04-12T15:38:05.000Z,washer,18
2CTX,2025-04-12T13:47:57.000Z,washer,8
2CTX,2025-04-12T13:46:58.000Z,washer,18
2CTX,2025-04-12T10:35:08.000Z,washer,8
2CTX,2025-04-12T10:01:18.000Z,washer,18
2CTX,2025-04-12T08:59:24.000Z,washer,18
2CTX,2025-04-11T17:51:21.000Z,washer,18
2CTX,2025-04-11T16:54:45.000Z,washer,18
2CTX,2025-04-11T16:27:48.000Z,washer,8
2CTX,2025-04-11T13:59:20.000Z,washer,8
2CTX,2025-04-11T13:51:24.000Z,washer,18
2CTX,2025-04-11T12:15:42.000Z,washer,18
2CTX,2025-04-11T11:30:48.000Z,washer,18
2CTX,2025-04-11T08:14:06.000Z,washer,18
2CTX,2025-04-10T18:17:53.000Z,washer,18
2CTX,2025-04-10T17:58:42.000Z,washer,8
2CTX,2025-04-10T16:27:22.000Z,washer,18
2CTX,2025-04-10T10:34:16.000Z,washer,8
2CTX,2025-04-10T10:30:41.000Z,washer,18
2CTX,2025-04-10T08:47:10.000Z,washer,18
2CTX,2025-04-09T18:55:34.000Z,washer,18
2CTX,2025-04-09T18:07:27.000Z,washer,18
2CTX,2025-04-09T14:29:52.000Z,washer,8
2CTX,2025-04-08T21:34:15.000Z,washer,18
2CTX,2025-04-08T20:42:24.000Z,washer,8
2CTX,2025-04-08T20:41:22.000Z,washer,18
2CTX,2025-04-08T19:17:43.000Z,washer,18
2CTX,2025-04-08T18:27:16.000Z,washer,8
2CTX,2025-04-08T15:04:34.000Z,washer,18
2CTX,2025-04-08T13:10:48.000Z,washer,18
2CTX,2025-04-08T12:24:25.000Z,washer,18
2CTX,2025-04-08T07:25:15.000Z,washer,8
2CTX,2025-04-08T01:56:54.000Z,washer,18
2CTX,2025-04-08T01:52:00.000Z,washer,8
2CTX,2025-04-07T11:43:50.000Z,washer,18
2CTX,2025-04-07T09:15:58.000Z,washer,8
2CTX,2025-04-07T09:10:23.000Z,washer,18
2CTX,2025-04-07T06:38:31.000Z,washer,8
2CTX,2025-04-07T06:35:57.000Z,washer,18
2CTX,2025-04-06T15:47:23.000Z,washer,18
2CTX,2025-04-06T15:23:07.000Z,washer,8
2CTX,2025-04-06T14:37:14.000Z,washer,18
2CTX,2025-04-06T12:44:55.000Z,washer,18
2CTX,2025-04-06T12:23:32.000Z,washer,8
2CTX,2025-04-05T15:27:02.000Z,washer,18
2CTX,2025-04-05T12:12:17.000Z,washer,18
2CTX,2025-04-05T11:52:04.000Z,washer,8
2CTX,2025-04-05T10:41:13.000Z,washer,18
2CTX,2025-04-05T09:57:51.000Z,washer,18
2CTX,2025-04-05T09:09:52.000Z,washer,8
2CTX,2025-04-05T08:22:57.000Z,washer,8
2CTX,2025-04-05T08:19:19.000Z,washer,18
2CTX,2025-04-05T06:57:35.000Z,washer,8
2CTX,2025-04-04T19:19:10.000Z,washer,18
2CTX,2025-04-04T18:16:58.000Z,washer,18
2CTX,2025-04-04T16:17:51.000Z,washer,18
2CTX,2025-04-04T15:07:09.000Z,washer,18
2CTX,2025-04-04T13:04:26.000Z,washer,18
2CTX,2025-04-04T11:34:12.000Z,washer,18
2CTX,2025-04-04T11:21:12.000Z,washer,8
2CTX,2025-04-04T10:43:41.000Z,washer,18
2CTX,2025-04-04T10:02:44.000Z,washer,8
2CTX,2025-04-04T08:26:10.000Z,washer,18
2CTX,2025-04-03T17:48:39.000Z,washer,18
2CTX,2025-04-03T16:47:01.000Z,washer,8
2CTX,2025-04-03T16:45:55.000Z,washer,8
2CTX,2025-04-03T16:44:52.000Z,washer,18
2CTX,2025-04-03T12:43:17.000Z,washer,8
2CTX,2025-04-03T11:30:47.000Z,washer,8
2CTX,2025-04-03T10:52:38.000Z,washer,18
2CTX,2025-04-03T10:12:52.000Z,washer,8
2CTX,2025-04-03T09:54:29.000Z,washer,18
2CTX,2025-04-03T08:17:00.000Z,washer,8
2CTX,2025-04-03T08:10:21.000Z,washer,18
2CTX,2025-04-02T16:40:50.000Z,washer,8
2CTX,2025-04-02T11:32:40.000Z,washer,18
2CTX,2025-04-02T08:54:01.000Z,washer,18
2CTX,2025-04-02T08:52:15.000Z,washer,8
2CTX,2025-04-01T18:27:08.000Z,washer,8
2CTX,2025-04-01T16:30:38.000Z,washer,8
2CTX,2025-04-01T14:07:29.000Z,washer,8
2CTX,2025-03-31T20:09:22.000Z,washer,8
2CTX,2025-03-31T20:08:14.000Z,washer,18
2CTX,2025-03-31T19:11:05.000Z,washer,18
2CTX,2025-03-31T18:15:41.000Z,washer,18
2CTX,2025-03-31T14:29:10.000Z,washer,18
2CTX,2025-03-31T14:04:43.000Z,washer,8
2CTX,2025-03-31T13:01:17.000Z,washer,8
2CTX,2025-03-31T13:00:03.000Z,washer,18
2CTX,2025-03-31T12:10:55.000Z,washer,18
2CTX,2025-03-31T08:39:51.000Z,washer,18
2CTX,2025-03-30T20:21:26.000Z,washer,8
2CTX,2025-03-30T13:03:56.000Z,washer,18
2CTX,2025-03-30T12:45:51.000Z,washer,8
2CTX,2025-03-29T18:46:47.000Z,washer,8
2CTX,2025-03-29T17:31:09.000Z,washer,18
2CTX,2025-03-29T14:15:12.000Z,washer,18
2CTX,2025-03-29T10:04:09.000Z,washer,18
2CTX,2025-03-29T06:39:42.000Z,washer,18
2CTX,2025-03-28T18:42:48.000Z,washer,8
2CTX,2025-03-28T18:36:24.000Z,washer,18
2CTX,2025-03-28T17:47:36.000Z,washer,18
2CTX,2025-03-28T16:55:03.000Z,washer,18
2CTX,2025-03-28T14:55:25.000Z,washer,18
2CTX,2025-03-28T14:14:56.000Z,washer,8
2CTX,2025-03-28T13:45:00.000Z,washer,18
2CTX,2025-03-28T12:41:07.000Z,washer,8
2CTX,2025-03-28T09:40:51.000Z,washer,18
2CTX,2025-03-28T07:30:10.000Z,washer,18
2CTX,2025-03-27T19:24:59.000Z,washer,18
2CTX,2025-03-27T18:31:24.000Z,washer,8
2CTX,2025-03-27T14:37:56.000Z,washer,18
2CTX,2025-03-27T12:44:20.000Z,washer,8
2CTX,2025-03-27T12:43:16.000Z,washer,18
2CTX,2025-03-27T11:53:34.000Z,washer,18
2CTX,2025-03-26T19:42:38.000Z,washer,8
2CTX,2025-03-26T19:41:48.000Z,washer,18
2CTX,2025-03-26T17:25:12.000Z,washer,18
2CTX,2025-03-26T11:57:29.000Z,washer,18
2CTX,2025-03-26T10:06:05.000Z,washer,18
2CTX,2025-03-25T20:41:00.000Z,washer,18
2CTX,2025-03-25T11:26:03.000Z,washer,8
2CTX,2025-03-25T11:23:34.000Z,washer,18
2CTX,2025-03-25T09:57:22.000Z,washer,8
2CTX,2025-03-25T09:51:55.000Z,washer,18
2CTX,2025-03-24T15:47:46.000Z,washer,18
2CTX,2025-03-24T14:48:31.000Z,washer,18
2CTX,2025-03-24T14:40:44.000Z,washer,8
2CTX,2025-03-24T14:01:16.000Z,washer,18
2CTX,2025-03-24T13:21:55.000Z,washer,8
2CTX,2025-03-24T10:51:57.000Z,washer,8
2CTX,2025-03-24T08:33:08.000Z,washer,18
2CTX,2025-03-23T22:56:59.000Z,washer,18
2CTX,2025-03-23T18:10:44.000Z,washer,18
2CTX,2025-03-23T16:55:35.000Z,washer,18
2CTX,2025-03-23T15:59:50.000Z,washer,8
2CTX,2025-03-23T14:09:15.000Z,washer,18
2CTX,2025-03-23T13:15:17.000Z,washer,8
2CTX,2025-03-23T11:52:00.000Z,washer,18
2CTX,2025-03-23T10:48:05.000Z,washer,18
2CTX,2025-03-23T09:30:17.000Z,washer,18
2CTX,2025-03-23T08:46:25.000Z,washer,18
2CTX,2025-03-22T19:14:47.000Z,washer,8
2CTX,2025-03-22T18:38:04.000Z,washer,18
2CTX,2025-03-22T18:00:45.000Z,washer,8
2CTX,2025-03-22T17:54:21.000Z,washer,18
2CTX,2025-03-22T17:13:06.000Z,washer,8
2CTX,2025-03-22T17:12:05.000Z,washer,18
2CTX,2025-03-22T09:33:25.000Z,washer,18
2CTX,2025-03-22T09:29:56.000Z,washer,8
2CTX,2025-03-22T08:34:12.000Z,washer,8
2CTX,2025-03-22T07:54:57.000Z,washer,8
2CTX,2025-03-22T07:53:22.000Z,washer,18
2CTX,2025-03-22T02:46:46.000Z,washer,18
2CTX,2025-03-21T22:14:39.000Z,washer,18
2CTX,2025-03-21T20:18:28.000Z,washer,18
2CTX,2025-03-21T18:08:00.000Z,washer,18
2CTX,2025-03-21T17:22:09.000Z,washer,18
2CTX,2025-03-21T17:18:16.000Z,washer,8
2CTX,2025-03-21T13:29:42.000Z,washer,18
2CTX,2025-03-21T12:15:56.000Z,washer,18
2CTX,2025-03-20T20:06:11.000Z,washer,8
2CTX,2025-03-20T12:53:02.000Z,washer,18
2CTX,2025-03-20T10:25:19.000Z,washer,18
2CTX,2025-03-20T07:55:02.000Z,washer,8
2CTX,2025-03-18T17:23:19.000Z,washer,8
2CTX,2025-03-18T15:13:39.000Z,washer,18
2CTX,2025-03-18T09:43:58.000Z,washer,18
2CTX,2025-03-17T13:51:19.000Z,washer,8
2CTX,2025-03-16T20:42:40.000Z,washer,18
2CTX,2025-03-16T19:32:54.000Z,washer,18
2CTX,2025-03-16T17:20:52.000Z,washer,8
2CTX,2025-03-16T17:19:32.000Z,washer,18
2CTX,2025-03-16T16:25:32.000Z,washer,18
2CTX,2025-03-16T14:10:24.000Z,washer,8
2CTX,2025-03-16T12:03:55.000Z,washer,18
2CTX,2025-03-16T12:02:33.000Z,washer,8
2CTX,2025-03-16T09:46:00.000Z,washer,18
2CTX,2025-03-16T07:15:50.000Z,washer,8
2CTX,2025-03-16T00:11:35.000Z,washer,18
2CTX,2025-03-15T21:24:35.000Z,washer,18
2CTX,2025-03-15T21:04:05.000Z,washer,8
2CTX,2025-03-15T21:02:06.000Z,washer,8
2CTX,2025-03-15T20:09:43.000Z,washer,18
2CTX,2025-03-15T16:01:59.000Z,washer,18
2CTX,2025-03-15T14:07:41.000Z,washer,8
2CTX,2025-03-15T12:59:20.000Z,washer,8
2CTX,2025-03-15T12:09:36.000Z,washer,18
2CTX,2025-03-15T11:16:25.000Z,washer,8
2CTX,2025-03-15T11:12:32.000Z,washer,18
2CTX,2025-03-15T09:57:25.000Z,washer,8
2CTX,2025-03-15T09:52:59.000Z,washer,18
2CTX,2025-03-15T08:46:46.000Z,washer,18
2CTX,2025-03-14T19:31:17.000Z,washer,18
2CTX,2025-03-14T19:29:55.000Z,washer,8
2CTX,2025-03-14T17:49:24.000Z,washer,8
2CTX,2025-03-14T17:09:45.000Z,washer,18
2CTX,2025-03-14T16:14:42.000Z,washer,18
2CTX,2025-03-14T16:07:04.000Z,washer,8
2CTX,2025-03-14T15:16:12.000Z,washer,18
2CTX,2025-03-14T13:08:35.000Z,washer,18
2CTX,2025-03-14T10:29:17.000Z,washer,18
2CTX,2025-03-14T08:51:19.000Z,washer,18
2CTX,2025-03-13T23:57:22.000Z,washer,18
2CTX,2025-03-13T21:22:18.000Z,washer,18
2CTX,2025-03-13T19:10:25.000Z,washer,18
2CTX,2025-03-13T19:09:32.000Z,washer,8
2CTX,2025-03-13T16:04:38.000Z,washer,18
2CTX,2025-03-13T15:57:42.000Z,washer,8
2CTX,2025-03-13T10:30:31.000Z,washer,18
2CTX,2025-03-12T19:31:55.000Z,washer,18
2CTX,2025-03-12T18:48:52.000Z,washer,8
2CTX,2025-03-12T18:43:22.000Z,washer,18
2CTX,2025-03-12T17:54:37.000Z,washer,18
2CTX,2025-03-12T17:20:20.000Z,washer,8
2CTX,2025-03-12T16:44:14.000Z,washer,18
2CTX,2025-03-12T16:39:00.000Z,washer,8
2CTX,2025-03-12T15:48:17.000Z,washer,18
2CTX,2025-03-11T17:38:55.000Z,washer,8
2CTX,2025-03-11T16:06:19.000Z,washer,8
2CTX,2025-03-11T15:39:05.000Z,washer,18
2CTX,2025-03-11T13:17:23.000Z,washer,18
2CTX,2025-03-10T18:27:31.000Z,washer,18
2CTX,2025-03-10T15:41:51.000Z,washer,8
2CTX,2025-03-10T15:38:21.000Z,washer,18
2CTX,2025-03-10T14:39:37.000Z,washer,8
2CTX,2025-03-10T14:37:50.000Z,washer,18
2CTX,2025-03-10T13:51:25.000Z,washer,18
2CTX,2025-03-10T12:42:00.000Z,washer,8
2CTX,2025-03-10T12:02:13.000Z,washer,18
2CTX,2025-03-10T11:50:41.000Z,washer,8
2CTX,2025-03-10T11:05:17.000Z,washer,18
2CTX,2025-03-09T18:56:58.000Z,washer,18
2CTX,2025-03-09T16:26:23.000Z,washer,18
2CTX,2025-03-09T15:18:24.000Z,washer,18
2CTX,2025-03-09T13:19:36.000Z,washer,18
2CTX,2025-03-09T12:12:25.000Z,washer,18
2CTX,2025-03-09T12:08:01.000Z,washer,8
2CTX,2025-03-09T11:01:17.000Z,washer,8
2CTX,2025-03-09T11:00:16.000Z,washer,18
2CTX,2025-03-08T21:27:24.000Z,washer,18
2CTX,2025-03-08T21:24:04.000Z,washer,8
2CTX,2025-03-08T20:18:31.000Z,washer,18
2CTX,2025-03-08T20:14:49.000Z,washer,8
2CTX,2025-03-08T19:31:14.000Z,washer,18
2CTX,2025-03-08T18:45:23.000Z,washer,18
2CTX,2025-03-08T17:58:00.000Z,washer,18
2CTX,2025-03-08T17:27:52.000Z,washer,8
2CTX,2025-03-08T15:44:31.000Z,washer,18
2CTX,2025-03-08T14:48:09.000Z,washer,18
2CTX,2025-03-08T14:00:29.000Z,washer,18
2CTX,2025-03-08T13:15:15.000Z,washer,8
2CTX,2025-03-08T13:12:10.000Z,washer,18
2CTX,2025-03-08T12:21:34.000Z,washer,8
2CTX,2025-03-08T12:17:33.000Z,washer,18
2CTX,2025-03-08T10:55:41.000Z,washer,18
2CTX,2025-03-08T08:42:31.000Z,washer,18
2CTX,2025-03-08T07:55:35.000Z,washer,18
2CTX,2025-03-08T00:18:27.000Z,washer,18
2CTX,2025-03-07T22:17:34.000Z,washer,8
2CTX,2025-03-07T21:31:07.000Z,washer,8
2CTX,2025-03-07T19:34:17.000Z,washer,18
2CTX,2025-03-07T18:55:50.000Z,washer,8
2CTX,2025-03-07T17:06:45.000Z,washer,18
2CTX,2025-03-07T16:19:21.000Z,washer,18
2CTX,2025-03-07T13:28:55.000Z,washer,18
2CTX,2025-03-07T13:27:52.000Z,washer,8
2CTX,2025-03-07T10:36:11.000Z,washer,18
2CTX,2025-03-06T14:37:55.000Z,washer,18
2CTX,2025-03-06T10:08:21.000Z,washer,18
2CTX,2025-03-06T08:22:00.000Z,washer,8
2CTX,2025-03-06T08:21:06.000Z,washer,18
2CTX,2025-03-05T17:06:49.000Z,washer,18
2CTX,2025-03-05T15:10:38.000Z,washer,18
2CTX,2025-03-04T17:12:18.000Z,washer,18
2CTX,2025-03-04T14:54:53.000Z,washer,18
2CTX,2025-03-04T14:48:59.000Z,washer,8
2CTX,2025-03-04T11:52:12.000Z,washer,18
2CTX,2025-03-04T08:36:12.000Z,washer,18
2CTX,2025-03-03T22:35:01.000Z,washer,8
2CTX,2025-03-03T22:32:43.000Z,washer,18
2CTX,2025-03-03T19:48:16.000Z,washer,18
2CTX,2025-03-03T14:39:26.000Z,washer,8
2CTX,2025-03-03T12:51:04.000Z,washer,18
2CTX,2025-03-03T10:07:28.000Z,washer,18
2CTX,2025-03-03T09:23:17.000Z,washer,8
2CTX,2025-03-03T09:20:59.000Z,washer,18
2CTX,2025-03-02T17:33:41.000Z,washer,8
2CTX,2025-03-02T13:08:07.000Z,washer,18
2CTX,2025-03-02T12:05:53.000Z,washer,18
2CTX,2025-03-02T12:01:54.000Z,washer,8
2CTX,2025-03-02T11:18:55.000Z,washer,18
2CTX,2025-03-01T20:05:54.000Z,washer,8
2CTX,2025-03-01T19:39:42.000Z,washer,18
2CTX,2025-03-01T18:33:31.000Z,washer,8
2CTX,2025-03-01T14:19:40.000Z,washer,18
2CTX,2025-03-01T12:46:46.000Z,washer,18
2CTX,2025-03-01T12:02:23.000Z,washer,18
2CTX,2025-03-01T11:08:46.000Z,washer,18
2CTX,2025-03-01T09:52:12.000Z,washer,18
2CTX,2025-03-01T07:43:11.000Z,washer,8
2CTX,2025-03-01T07:42:12.000Z,washer,18
2CTX,2025-02-28T22:44:48.000Z,washer,18
2CTX,2025-02-28T22:01:56.000Z,washer,8
2CTX,2025-02-28T17:48:17.000Z,washer,8
2CTX,2025-02-28T16:45:55.000Z,washer,18
2CTX,2025-02-28T16:07:12.000Z,washer,8
2CTX,2025-02-28T10:11:09.000Z,washer,18
2CTX,2025-02-27T23:10:29.000Z,washer,8
2CTX,2025-02-27T23:09:18.000Z,washer,18
2CTX,2025-02-27T20:13:14.000Z,washer,18
2CTX,2025-02-27T19:19:46.000Z,washer,18
2CTX,2025-02-27T17:21:01.000Z,washer,8
2CTX,2025-02-27T17:02:08.000Z,washer,18
2CTX,2025-02-27T12:10:33.000Z,washer,8
2CTX,2025-02-27T12:05:35.000Z,washer,18
2CTX,2025-02-26T18:52:14.000Z,washer,18
2CTX,2025-02-26T15:27:44.000Z,washer,18
2CTX,2025-02-26T08:03:41.000Z,washer,8
2CTX,2025-02-25T19:36:14.000Z,washer,8
2CTX,2025-02-25T16:33:33.000Z,washer,18
2CTX,2025-02-25T15:50:12.000Z,washer,18
2CTX,2025-02-24T16:18:52.000Z,washer,8
2CTX,2025-02-24T15:36:55.000Z,washer,18
2CTX,2025-02-24T15:32:09.000Z,washer,8
2CTX,2025-02-24T14:28:21.000Z,washer,8
2CTX,2025-02-24T12:13:11.000Z,washer,18
2CTX,2025-02-24T10:43:43.000Z,washer,18
2CTX,2025-02-24T10:34:42.000Z,washer,8
2CTX,2025-02-23T22:44:28.000Z,washer,8
2CTX,2025-02-23T20:40:47.000Z,washer,18
2CTX,2025-02-23T20:02:52.000Z,washer,8
2CTX,2025-02-23T19:35:30.000Z,washer,18
2CTX,2025-02-23T18:38:31.000Z,washer,18
2CTX,2025-02-23T12:17:56.000Z,washer,18
2CTX,2025-02-23T09:48:06.000Z,washer,8
2CTX,2025-02-23T09:43:42.000Z,washer,8
2CTX,2025-02-22T20:40:57.000Z,washer,8
2CTX,2025-02-22T19:53:48.000Z,washer,8
2CTX,2025-02-22T19:31:17.000Z,washer,18
2CTX,2025-02-22T18:11:36.000Z,washer,8
2CTX,2025-02-22T17:40:42.000Z,washer,18
2CTX,2025-02-22T16:11:03.000Z,washer,18
2CTX,2025-02-22T16:09:25.000Z,washer,8
2CTX,2025-02-22T07:56:44.000Z,washer,8
2CTX,2025-02-22T07:55:52.000Z,washer,18
2CTX,2025-02-21T16:50:03.000Z,washer,18
2CTX,2025-02-21T15:40:26.000Z,washer,8
2CTX,2025-02-21T11:16:49.000Z,washer,18
2CTX,2025-02-20T17:19:30.000Z,washer,8
2CTX,2025-02-20T16:38:07.000Z,washer,8
2CTX,2025-02-20T16:19:35.000Z,washer,18
2CTX,2025-02-19T13:35:19.000Z,washer,18
2CTX,2025-02-19T12:02:48.000Z,washer,18
2CTX,2025-02-18T17:49:07.000Z,washer,8
2CTX,2025-02-18T14:37:53.000Z,washer,18
2CTX,2025-02-18T14:36:43.000Z,washer,8
2CTX,2025-02-18T09:28:03.000Z,washer,8
2CTX,2025-02-18T08:25:26.000Z,washer,18
2CTX,2025-02-18T08:23:06.000Z,washer,8
2CTX,2025-02-17T19:51:07.000Z,washer,18
2CTX,2025-02-17T19:21:13.000Z,washer,8
2CTX,2025-02-17T18:23:58.000Z,washer,18
2CTX,2025-02-17T12:45:07.000Z,washer,18
2CTX,2025-02-16T18:53:16.000Z,washer,8
2CTX,2025-02-16T18:52:24.000Z,washer,18
2CTX,2025-02-16T18:08:22.000Z,washer,18
2CTX,2025-02-16T16:32:07.000Z,washer,18
2CTX,2025-02-16T15:35:05.000Z,washer,8
2CTX,2025-02-16T15:23:29.000Z,washer,18
2CTX,2025-02-16T14:37:01.000Z,washer,8
2CTX,2025-02-16T14:35:10.000Z,washer,18
2CTX,2025-02-15T18:36:36.000Z,washer,8
2CTX,2025-02-15T17:56:42.000Z,washer,8
2CTX,2025-02-15T17:18:23.000Z,washer,8
2CTX,2025-02-15T17:16:31.000Z,washer,18
2CTX,2025-02-15T14:31:11.000Z,washer,8
2CTX,2025-02-15T13:56:42.000Z,washer,18
2CTX,2025-02-15T13:51:21.000Z,washer,8
2CTX,2025-02-15T13:12:26.000Z,washer,8
2CTX,2025-02-15T13:10:30.000Z,washer,18
2CTX,2025-02-15T12:22:56.000Z,washer,18
2CTX,2025-02-15T10:23:51.000Z,washer,18
2CTX,2025-02-15T08:21:20.000Z,washer,18
2CTX,2025-02-15T07:57:27.000Z,washer,8
2CTX,2025-02-14T20:53:49.000Z,washer,8
2CTX,2025-02-14T20:52:28.000Z,washer,18
2CTX,2025-02-14T07:50:03.000Z,washer,18
2CTX,2025-02-13T08:42:13.000Z,washer,18
2CTX,2025-02-13T05:25:42.000Z,washer,8
2CTX,2025-02-13T05:13:15.000Z,washer,18
2CTX,2025-02-12T19:15:57.000Z,washer,18
2CTX,2025-02-11T20:23:34.000Z,washer,18
2CTX,2025-02-11T17:28:20.000Z,washer,8
2CTX,2025-02-11T15:09:37.000Z,washer,8
2CTX,2025-02-10T17:48:52.000Z,washer,8
2CTX,2025-02-10T16:56:01.000Z,washer,8
2CTX,2025-02-10T16:51:51.000Z,washer,18
2CTX,2025-02-10T15:05:31.000Z,washer,8
2CTX,2025-02-10T10:46:36.000Z,washer,18
2CTX,2025-02-10T09:49:43.000Z,washer,18
2CTX,2025-02-10T09:06:07.000Z,washer,8
2CTX,2025-02-10T09:03:56.000Z,washer,18
2CTX,2025-02-09T17:51:17.000Z,washer,18
2CTX,2025-02-09T12:50:32.000Z,washer,18
2CTX,2025-02-09T12:24:06.000Z,washer,8
2CTX,2025-02-08T19:20:36.000Z,washer,18
2CTX,2025-02-08T18:15:11.000Z,washer,18
2CTX,2025-02-08T17:06:47.000Z,washer,18
2CTX,2025-02-08T16:05:35.000Z,washer,18
2CTX,2025-02-08T15:09:51.000Z,washer,18
2CTX,2025-02-08T15:04:06.000Z,washer,8
2CTX,2025-02-08T13:59:01.000Z,washer,8
2CTX,2025-02-08T13:15:57.000Z,washer,18
2CTX,2025-02-08T12:31:14.000Z,washer,18
2CTX,2025-02-08T11:41:38.000Z,washer,8
2CTX,2025-02-08T11:39:42.000Z,washer,18
2CTX,2025-02-08T10:11:44.000Z,washer,8
2CTX,2025-02-08T10:02:56.000Z,washer,18
2CTX,2025-02-08T08:45:39.000Z,washer,18
2CTX,2025-02-08T07:09:31.000Z,washer,8
2CTX,2025-02-07T20:58:34.000Z,washer,18
2CTX,2025-02-07T20:42:14.000Z,washer,8
2CTX,2025-02-07T19:15:24.000Z,washer,18
2CTX,2025-02-07T18:46:17.000Z,washer,8
2CTX,2025-02-07T15:26:18.000Z,washer,18
2CTX,2025-02-07T14:43:04.000Z,washer,8
2CTX,2025-02-07T12:45:53.000Z,washer,18
2CTX,2025-02-07T10:18:59.000Z,washer,18
2CTX,2025-02-07T10:12:08.000Z,washer,8
2CTX,2025-02-06T21:13:15.000Z,washer,8
2CTX,2025-02-06T21:12:09.000Z,washer,18
2CTX,2025-02-06T10:36:41.000Z,washer,8
2CTX,2025-02-06T09:53:39.000Z,washer,8
2CTX,2025-02-06T09:48:58.000Z,washer,18
2CTX,2025-02-05T08:40:40.000Z,washer,18
2CTX,2025-02-04T19:06:52.000Z,washer,8
2CTX,2025-02-04T17:06:35.000Z,washer,8
2CTX,2025-02-04T16:26:55.000Z,washer,8
2CTX,2025-02-04T15:58:14.000Z,washer,18
2CTX,2025-02-04T11:33:19.000Z,washer,18
2CTX,2025-02-04T11:13:40.000Z,washer,8
2CTX,2025-02-04T10:45:28.000Z,washer,8
2CTX,2025-02-03T17:55:36.000Z,washer,8
2CTX,2025-02-03T17:54:41.000Z,washer,18
2CTX,2025-02-03T08:49:36.000Z,washer,8
2CTX,2025-02-03T01:23:22.000Z,washer,18
2CTX,2025-02-02T19:18:20.000Z,washer,18
2CTX,2025-02-02T14:23:00.000Z,washer,8
2CTX,2025-02-02T14:21:47.000Z,washer,18
2CTX,2025-02-02T13:40:00.000Z,washer,8
2CTX,2025-02-02T12:31:02.000Z,washer,18
2CTX,2025-02-02T12:29:39.000Z,washer,8
2CTX,2025-02-02T11:06:39.000Z,washer,8
2CTX,2025-02-02T09:33:08.000Z,washer,18
2CTX,2025-02-02T08:13:27.000Z,washer,8
2CTX,2025-02-01T20:19:19.000Z,washer,18
2CTX,2025-02-01T19:31:53.000Z,washer,18
2CTX,2025-02-01T13:53:04.000Z,washer,8
2CTX,2025-02-01T13:14:26.000Z,washer,18
2CTX,2025-02-01T13:11:08.000Z,washer,8
2CTX,2025-02-01T12:23:43.000Z,washer,18
2CTX,2025-02-01T11:36:45.000Z,washer,18
2CTX,2025-02-01T08:43:07.000Z,washer,8
2CTX,2025-02-01T08:01:45.000Z,washer,8
2CTX,2025-01-31T21:16:42.000Z,washer,18
2CTX,2025-01-31T15:10:36.000Z,washer,8
2CTX,2025-01-30T18:09:51.000Z,washer,8
2CTX,2025-01-30T13:43:33.000Z,washer,18
2CTX,2025-01-30T12:07:52.000Z,washer,18
2CTX,2025-01-29T19:04:19.000Z,washer,18
2CTX,2025-01-29T15:19:37.000Z,washer,18
2CTX,2025-01-29T13:49:15.000Z,washer,18
2CTX,2025-01-29T13:07:04.000Z,washer,8
2CTX,2025-01-29T12:55:25.000Z,washer,18
2CTX,2025-01-28T20:41:55.000Z,washer,8
2CTX,2025-01-28T17:20:48.000Z,washer,18
2CTX,2025-01-28T13:37:43.000Z,washer,18
2CTX,2025-01-27T22:32:34.000Z,washer,8
2CTX,2025-01-27T22:30:37.000Z,washer,18
2CTX,2025-01-27T21:39:28.000Z,washer,18
2CTX,2025-01-27T19:04:04.000Z,washer,8
2CTX,2025-01-27T18:23:25.000Z,washer,18
2CTX,2025-01-27T13:30:37.000Z,washer,18
2CTX,2025-01-26T23:59:14.000Z,washer,18
2CTX,2025-01-26T21:41:31.000Z,washer,8
2CTX,2025-01-26T20:05:51.000Z,washer,18
2CTX,2025-01-26T18:19:41.000Z,washer,18
2CTX,2025-01-26T17:34:59.000Z,washer,18
2CTX,2025-01-26T16:42:19.000Z,washer,18
2CTX,2025-01-26T16:21:52.000Z,washer,8
2CTX,2025-01-26T15:36:30.000Z,washer,18
2CTX,2025-01-26T12:21:53.000Z,washer,18
2CTX,2025-01-26T11:32:53.000Z,washer,18
2CTX,2025-01-26T10:47:21.000Z,washer,18
2CTX,2025-01-25T22:11:08.000Z,washer,8
2CTX,2025-01-25T18:33:53.000Z,washer,8
2CTX,2025-01-25T17:59:04.000Z,washer,18
2CTX,2025-01-25T17:27:55.000Z,washer,8
2CTX,2025-01-25T16:20:07.000Z,washer,18
2CTX,2025-01-25T15:46:31.000Z,washer,8
2CTX,2025-01-25T15:20:26.000Z,washer,18
2CTX,2025-01-25T15:03:23.000Z,washer,8
2CTX,2025-01-25T14:29:09.000Z,washer,18
2CTX,2025-01-25T13:18:30.000Z,washer,18
2CTX,2025-01-25T13:15:38.000Z,washer,8
2CTX,2025-01-25T10:42:07.000Z,washer,18
2CTX,2025-01-24T19:22:43.000Z,washer,8
2CTX,2025-01-24T18:19:35.000Z,washer,18
2CTX,2025-01-24T18:08:50.000Z,washer,8
2CTX,2025-01-24T17:27:14.000Z,washer,8
2CTX,2025-01-24T16:23:49.000Z,washer,18
2CTX,2025-01-24T14:49:40.000Z,washer,8
2CTX,2025-01-24T14:31:52.000Z,washer,18
2CTX,2025-01-24T07:19:20.000Z,washer,8
2CTX,2025-01-23T13:11:52.000Z,washer,18
2CTX,2025-01-23T12:16:50.000Z,washer,18
2CTX,2025-01-23T09:45:43.000Z,washer,8
2CTX,2025-01-23T09:16:33.000Z,washer,18
2CTX,2025-01-22T23:06:23.000Z,washer,8
2CTX,2025-01-22T23:03:14.000Z,washer,18
2CTX,2025-01-22T20:47:41.000Z,washer,8
2CTX,2025-01-22T20:46:32.000Z,washer,18
2CTX,2025-01-22T19:33:35.000Z,washer,8
2CTX,2025-01-22T19:31:45.000Z,washer,18
2CTX,2025-01-22T17:54:44.000Z,washer,18
2CTX,2025-01-22T15:24:04.000Z,washer,18
2CTX,2025-01-22T10:26:43.000Z,washer,18
2CTX,2025-01-22T08:42:01.000Z,washer,18
2CTX,2025-01-22T08:35:49.000Z,washer,8
2CTX,2025-01-22T07:56:51.000Z,washer,8
2CTX,2025-01-22T07:55:54.000Z,washer,18
2CTX,2025-01-21T18:28:36.000Z,washer,18
2CTX,2025-01-21T18:02:46.000Z,washer,8
2CTX,2025-01-21T17:36:21.000Z,washer,18
2CTX,2025-01-21T16:51:26.000Z,washer,18
2CTX,2025-01-21T14:55:12.000Z,washer,8
2CTX,2025-01-21T14:05:29.000Z,washer,8
2CTX,2025-01-20T21:25:24.000Z,washer,18
2CTX,2025-01-20T20:07:39.000Z,washer,8
2CTX,2025-01-20T18:17:35.000Z,washer,18
2CTX,2025-01-20T15:50:23.000Z,washer,18
2CTX,2025-01-20T15:33:45.000Z,washer,8
2CTX,2025-01-20T15:18:16.000Z,washer,18
2CTX,2025-01-20T14:35:30.000Z,washer,8
2CTX,2025-01-20T14:33:46.000Z,washer,18
2CTX,2025-01-20T13:13:58.000Z,washer,18
2CTX,2025-01-20T12:46:43.000Z,washer,8
2CTX,2025-01-20T12:26:04.000Z,washer,18
2CTX,2025-01-20T11:41:04.000Z,washer,18
2CTX,2025-01-20T10:26:30.000Z,washer,18
2CTX,2025-01-20T08:49:10.000Z,washer,8
2CTX,2025-01-20T06:07:40.000Z,washer,8
2CTX,2025-01-19T20:39:38.000Z,washer,18
2CTX,2025-01-19T20:38:14.000Z,washer,8
2CTX,2025-01-19T17:19:26.000Z,washer,18
2CTX,2025-01-19T17:18:05.000Z,washer,8
2CTX,2025-01-19T16:18:17.000Z,washer,18
2CTX,2025-01-19T16:09:49.000Z,washer,8
2CTX,2025-01-19T15:32:30.000Z,washer,8
2CTX,2025-01-19T11:48:14.000Z,washer,18
2CTX,2025-01-19T11:03:25.000Z,washer,18
2CTX,2025-01-19T00:32:04.000Z,washer,8
2CTX,2025-01-19T00:30:54.000Z,washer,18
2CTX,2025-01-18T22:04:43.000Z,washer,18
2CTX,2025-01-18T17:23:37.000Z,washer,8
2CTX,2025-01-18T15:41:45.000Z,washer,8
2CTX,2025-01-18T14:49:57.000Z,washer,8
2CTX,2025-01-18T11:37:54.000Z,washer,18
2CTX,2025-01-18T10:38:21.000Z,washer,8
2CTX,2025-01-18T08:24:29.000Z,washer,8
2CTX,2025-01-18T08:23:14.000Z,washer,18
2CTX,2025-01-18T00:55:10.000Z,washer,18
2CTX,2025-01-17T19:35:38.000Z,washer,18
2CTX,2025-01-17T18:42:43.000Z,washer,18
2CTX,2025-01-17T17:37:41.000Z,washer,18
2CTX,2025-01-17T16:55:33.000Z,washer,18
2CTX,2025-01-17T16:00:41.000Z,washer,8
2CTX,2025-01-17T12:52:59.000Z,washer,8
2CTX,2025-01-16T22:41:54.000Z,washer,8
2CTX,2025-01-16T22:39:17.000Z,washer,18
2CTX,2025-01-16T19:57:51.000Z,washer,8
2CTX,2025-01-16T18:30:47.000Z,washer,8
2CTX,2025-01-16T16:31:09.000Z,washer,18
2CTX,2025-01-16T16:30:16.000Z,washer,8
2CTX,2025-01-16T14:59:48.000Z,washer,18
2CTX,2025-01-16T13:52:19.000Z,washer,18
2CTX,2025-01-16T09:38:38.000Z,washer,18
2CTX,2025-01-16T08:44:11.000Z,washer,18
2CTX,2025-01-15T23:43:02.000Z,washer,18
2CTX,2025-01-15T18:52:17.000Z,washer,18
2CTX,2025-01-14T20:32:56.000Z,washer,8
2CTX,2025-01-14T19:37:43.000Z,washer,8
2CTX,2025-01-14T08:08:38.000Z,washer,8
2CTX,2025-01-13T20:17:13.000Z,washer,8
2CTX,2025-01-13T18:25:41.000Z,washer,8
2CTX,2025-01-13T17:06:12.000Z,washer,8
2CTX,2025-01-13T17:03:51.000Z,washer,18
2CTX,2025-01-13T12:33:52.000Z,washer,18
2CTX,2025-01-13T10:57:30.000Z,washer,18
2CTX,2025-01-13T10:13:01.000Z,washer,18
2CTX,2025-01-12T19:26:44.000Z,washer,18
2CTX,2025-01-12T16:47:43.000Z,washer,18
2CTX,2025-01-12T15:56:19.000Z,washer,8
2CTX,2025-01-12T15:46:41.000Z,washer,18
2CTX,2025-01-11T17:32:03.000Z,washer,8
2CTX,2025-01-11T15:34:08.000Z,washer,8
2CTX,2025-01-11T15:20:01.000Z,washer,18
2CTX,2025-01-11T12:54:07.000Z,washer,18
2CTX,2025-01-11T12:52:00.000Z,washer,8
2CTX,2025-01-11T09:08:00.000Z,washer,8
2CTX,2025-01-11T08:28:15.000Z,washer,8
2CTX,2025-01-11T08:20:17.000Z,washer,18
2CTX,2025-01-11T00:09:01.000Z,washer,8
2CTX,2025-01-11T00:04:30.000Z,washer,18
2CTX,2025-01-10T18:53:25.000Z,washer,8
2CTX,2025-01-10T16:19:05.000Z,washer,18
2CTX,2025-01-10T14:57:23.000Z,washer,8
2CTX,2025-01-10T11:00:49.000Z,washer,18
2CTX,2025-01-10T08:07:25.000Z,washer,8
2CTX,2025-01-09T17:35:17.000Z,washer,18
2CTX,2025-01-09T16:50:55.000Z,washer,18
2CTX,2025-01-09T16:37:23.000Z,washer,8
2CTX,2025-01-09T16:09:22.000Z,washer,18
2CTX,2025-01-09T15:54:45.000Z,washer,8
2CTX,2025-01-09T09:25:02.000Z,washer,18
2CTX,2025-01-08T19:42:43.000Z,washer,8
2CTX,2025-01-08T18:06:30.000Z,washer,18
2CTX,2025-01-08T17:17:02.000Z,washer,18
2CTX,2025-01-08T14:43:40.000Z,washer,18
2CTX,2025-01-08T10:02:23.000Z,washer,18
2CTX,2025-01-08T08:41:59.000Z,washer,18
2CTX,2025-01-07T15:35:45.000Z,washer,18
2CTX,2025-01-07T13:00:05.000Z,washer,18
2CTX,2025-01-07T11:26:52.000Z,washer,18
2CTX,2025-01-07T10:26:11.000Z,washer,8
2CTX,2025-01-07T10:25:11.000Z,washer,18
2CTX,2025-01-07T09:12:27.000Z,washer,8
2CTX,2025-01-07T09:11:34.000Z,washer,18
2CTX,2025-01-06T18:46:53.000Z,washer,18
2CTX,2025-01-06T17:47:05.000Z,washer,8
2CTX,2025-01-06T17:40:27.000Z,washer,18
2CTX,2025-01-05T16:17:11.000Z,washer,8
2CTX,2025-01-05T16:07:33.000Z,washer,18
2CTX,2025-01-05T10:36:05.000Z,washer,18
2CTX,2025-01-04T19:27:18.000Z,washer,8
2CTX,2025-01-04T19:26:15.000Z,washer,18
2CTX,2025-01-04T18:02:02.000Z,washer,18
2CTX,2025-01-04T17:06:51.000Z,washer,8
2CTX,2025-01-04T17:00:15.000Z,washer,18
2CTX,2025-01-04T13:44:02.000Z,washer,18
2CTX,2025-01-04T12:17:38.000Z,washer,8
2CTX,2025-01-03T18:40:41.000Z,washer,18
2CTX,2025-01-03T17:51:40.000Z,washer,18
2CTX,2025-01-03T16:11:51.000Z,washer,8
2CTX,2025-01-03T12:18:39.000Z,washer,8
2CTX,2025-01-03T12:16:40.000Z,washer,18
2CTX,2025-01-03T09:30:32.000Z,washer,18
2CTX,2025-01-02T18:25:52.000Z,washer,8
2CTX,2025-01-02T17:37:47.000Z,washer,8
2CTX,2025-01-02T17:08:40.000Z,washer,18
2CTX,2025-01-02T15:08:03.000Z,washer,18
2CTX,2025-01-02T11:01:47.000Z,washer,18
2CTX,2025-01-02T10:19:36.000Z,washer,18
2CTX,2025-01-02T09:15:56.000Z,washer,8
2CTX,2025-01-02T08:52:11.000Z,washer,18
2CTX,2025-01-01T21:49:57.000Z,washer,8
2CTX,2025-01-01T20:27:21.000Z,washer,18
2CTX,2025-01-01T14:04:11.000Z,washer,18
2CTX,2024-12-31T14:56:50.000Z,washer,18
2CTX,2024-12-31T14:16:51.000Z,washer,8
2CTX,2024-12-31T12:13:42.000Z,washer,8
2CTX,2024-12-31T12:12:46.000Z,washer,18
2CTX,2024-12-31T09:09:43.000Z,washer,18
2CTX,2024-12-30T17:11:06.000Z,washer,8
2CTX,2024-12-30T16:25:16.000Z,washer,8
2CTX,2024-12-30T16:18:26.000Z,washer,18
2CTX,2024-12-30T15:44:56.000Z,washer,8
2CTX,2024-12-30T14:58:40.000Z,washer,18
2CTX,2024-12-30T08:26:24.000Z,washer,8
2CTX,2024-12-29T18:16:49.000Z,washer,8
2CTX,2024-12-29T18:15:23.000Z,washer,18
2CTX,2024-12-29T16:20:17.000Z,washer,18
2CTX,2024-12-29T16:18:42.000Z,washer,8
2CTX,2024-12-29T14:05:29.000Z,washer,18
2CTX,2024-12-29T12:31:37.000Z,washer,18
2CTX,2024-12-29T11:56:32.000Z,washer,8
2CTX,2024-12-29T11:15:05.000Z,washer,18
2CTX,2024-12-29T10:28:23.000Z,washer,18
2CTX,2024-12-28T19:46:04.000Z,washer,18
2CTX,2024-12-28T19:01:49.000Z,washer,18
2CTX,2024-12-27T20:05:55.000Z,washer,18
2CTX,2024-12-27T19:21:45.000Z,washer,18
2CTX,2024-12-27T18:03:01.000Z,washer,18
2CTX,2024-12-27T17:06:28.000Z,washer,8
2CTX,2024-12-27T16:51:35.000Z,washer,18
2CTX,2024-12-27T12:11:53.000Z,washer,8
2CTX,2024-12-27T11:37:53.000Z,washer,18
2CTX,2024-12-27T09:06:42.000Z,washer,18
2CTX,2024-12-26T17:34:28.000Z,washer,18
2CTX,2024-12-25T14:22:16.000Z,washer,18
2CTX,2024-12-25T10:07:33.000Z,washer,8
2CTX,2024-12-25T10:02:08.000Z,washer,18
2CTX,2024-12-24T16:56:39.000Z,washer,8
2CTX,2024-12-24T11:54:30.000Z,washer,18
2CTX,2024-12-24T11:11:05.000Z,washer,18
2CTX,2024-12-24T10:54:53.000Z,washer,8
2CTX,2024-12-23T19:19:38.000Z,washer,18
2CTX,2024-12-23T18:13:10.000Z,washer,8
2CTX,2024-12-23T18:11:08.000Z,washer,18
2CTX,2024-12-23T11:38:39.000Z,washer,18
2CTX,2024-12-23T10:46:04.000Z,washer,8
2CTX,2024-12-23T10:01:31.000Z,washer,8
2CTX,2024-12-23T09:48:07.000Z,washer,18
2CTX,2024-12-23T09:03:14.000Z,washer,18
2CTX,2024-12-22T14:56:03.000Z,washer,18
2CTX,2024-12-22T10:42:43.000Z,washer,18
2CTX,2024-12-22T08:00:46.000Z,washer,18
2CTX,2024-12-21T20:13:45.000Z,washer,18
2CTX,2024-12-21T17:37:36.000Z,washer,18
2CTX,2024-12-21T13:23:37.000Z,washer,18
2CTX,2024-12-21T12:28:35.000Z,washer,18
2CTX,2024-12-21T10:05:02.000Z,washer,18
2CTX,2024-12-21T09:18:59.000Z,washer,8
2CTX,2024-12-21T09:07:45.000Z,washer,18
2CTX,2024-12-20T22:11:55.000Z,washer,18
2CTX,2024-12-20T17:56:04.000Z,washer,18
2CTX,2024-12-20T17:09:00.000Z,washer,8
2CTX,2024-12-20T16:34:54.000Z,washer,18
2CTX,2024-12-20T14:49:27.000Z,washer,18
2CTX,2024-12-20T13:41:43.000Z,washer,8
2CTX,2024-12-20T10:11:53.000Z,washer,8
2CTX,2024-12-19T21:26:35.000Z,washer,18
2CTX,2024-12-19T19:17:21.000Z,washer,18
2CTX,2024-12-19T17:26:57.000Z,washer,18
2CTX,2024-12-19T15:38:35.000Z,washer,18
2CTX,2024-12-19T14:44:25.000Z,washer,18
2CTX,2024-12-19T13:12:55.000Z,washer,18
2CTX,2024-12-19T11:39:09.000Z,washer,18
2CTX,2024-12-19T10:06:17.000Z,washer,18
2CTX,2024-12-18T21:40:47.000Z,washer,8
2CTX,2024-12-18T21:39:37.000Z,washer,18
2CTX,2024-12-18T20:36:56.000Z,washer,18
2CTX,2024-12-18T19:39:06.000Z,washer,18
2CTX,2024-12-18T18:47:40.000Z,washer,18
2CTX,2024-12-18T17:58:19.000Z,washer,18
2CTX,2024-12-18T14:39:30.000Z,washer,8
2CTX,2024-12-18T10:31:43.000Z,washer,8
2CTX,2024-12-17T18:52:43.000Z,washer,8
2CTX,2024-12-17T17:52:10.000Z,washer,18
2CTX,2024-12-17T13:11:36.000Z,washer,18
2CTX,2024-12-17T12:12:01.000Z,washer,8
2CTX,2024-12-17T11:33:06.000Z,washer,8
2CTX,2024-12-17T08:02:02.000Z,washer,18
2CTX,2024-12-16T13:35:53.000Z,washer,8
2CTX,2024-12-16T13:27:26.000Z,washer,18
2CTX,2024-12-16T12:30:45.000Z,washer,18
2CTX,2024-12-16T07:53:28.000Z,washer,8
2CTX,2024-12-16T07:51:54.000Z,washer,18
2CTX,2024-12-15T21:21:02.000Z,washer,8
2CTX,2024-12-15T18:56:43.000Z,washer,18
2CTX,2024-12-15T16:49:51.000Z,washer,18
2CTX,2024-12-15T15:46:39.000Z,washer,18
2CTX,2024-12-15T14:03:04.000Z,washer,18
2CTX,2024-12-15T12:48:25.000Z,washer,8
2CTX,2024-12-15T12:47:17.000Z,washer,18
2CTX,2024-12-15T09:16:41.000Z,washer,18
2CTX,2024-12-14T20:17:55.000Z,washer,18
2CTX,2024-12-14T18:26:55.000Z,washer,8
2CTX,2024-12-14T17:43:13.000Z,washer,8
2CTX,2024-12-14T16:59:30.000Z,washer,18
2CTX,2024-12-14T16:29:59.000Z,washer,8
2CTX,2024-12-14T16:15:43.000Z,washer,18
2CTX,2024-12-14T15:07:13.000Z,washer,18
2CTX,2024-12-14T14:21:20.000Z,washer,8
2CTX,2024-12-14T14:16:15.000Z,washer,18
2CTX,2024-12-14T12:32:10.000Z,washer,18
2CTX,2024-12-14T11:43:12.000Z,washer,18
2CTX,2024-12-14T11:14:25.000Z,washer,8
2CTX,2024-12-14T10:55:46.000Z,washer,18
2CTX,2024-12-14T08:20:56.000Z,washer,18
2CTX,2024-12-13T19:31:01.000Z,washer,8
2CTX,2024-12-13T19:29:32.000Z,washer,18
2CTX,2024-12-13T18:32:27.000Z,washer,18
2CTX,2024-12-13T18:15:22.000Z,washer,8
2CTX,2024-12-13T17:35:09.000Z,washer,18
2CTX,2024-12-13T16:49:12.000Z,washer,18
2CTX,2024-12-13T15:49:45.000Z,washer,18
2CTX,2024-12-13T12:06:30.000Z,washer,18
2CTX,2024-12-12T21:13:48.000Z,washer,18
2CTX,2024-12-12T17:19:52.000Z,washer,18
2CTX,2024-12-12T11:53:07.000Z,washer,18
2CTX,2024-12-12T08:26:12.000Z,washer,8
2CTX,2024-12-12T08:25:15.000Z,washer,18
2CTX,2024-12-11T20:50:45.000Z,washer,18
2CTX,2024-12-11T20:00:51.000Z,washer,18
2CTX,2024-12-11T13:00:49.000Z,washer,18
2CTX,2024-12-11T10:32:33.000Z,washer,18
2CTX,2024-12-11T09:46:03.000Z,washer,8
2CTX,2024-12-11T09:45:02.000Z,washer,18
2CTX,2024-12-11T08:50:44.000Z,washer,8
2CTX,2024-12-11T08:49:16.000Z,washer,18
2CTX,2024-12-10T18:28:13.000Z,washer,18
2CTX,2024-12-10T17:39:36.000Z,washer,18
2CTX,2024-12-10T13:20:29.000Z,washer,18
2CTX,2024-12-10T11:44:01.000Z,washer,18
2CTX,2024-12-10T10:16:11.000Z,washer,18
2CTX,2024-12-09T14:16:08.000Z,washer,18
2CTX,2024-12-08T18:18:35.000Z,washer,18
2CTX,2024-12-08T16:19:42.000Z,washer,18
2CTX,2024-12-08T15:33:06.000Z,washer,18
2CTX,2024-12-08T14:05:10.000Z,washer,18
2CTX,2024-12-08T13:20:10.000Z,washer,18
2CTX,2024-12-08T12:35:55.000Z,washer,18
2CTX,2024-12-08T11:52:56.000Z,washer,8
2CTX,2024-12-08T10:51:12.000Z,washer,18
2CTX,2024-12-07T20:13:25.000Z,washer,8
2CTX,2024-12-07T19:33:12.000Z,washer,8
2CTX,2024-12-07T18:21:34.000Z,washer,18
2CTX,2024-12-07T17:39:19.000Z,washer,18
2CTX,2024-12-07T16:33:13.000Z,washer,18
2CTX,2024-12-07T15:48:14.000Z,washer,18
2CTX,2024-12-07T13:06:55.000Z,washer,18
2CTX,2024-12-07T10:27:37.000Z,washer,18
2CTX,2024-12-07T10:19:53.000Z,washer,8
2CTX,2024-12-07T09:04:35.000Z,washer,18
2CTX,2024-12-06T19:57:58.000Z,washer,18
2CTX,2024-12-06T18:45:27.000Z,washer,18
2CTX,2024-12-06T18:37:54.000Z,washer,8
2CTX,2024-12-06T17:38:13.000Z,washer,18
2CTX,2024-12-06T16:37:23.000Z,washer,18
2CTX,2024-12-06T15:50:14.000Z,washer,18
2CTX,2024-12-06T14:43:02.000Z,washer,18
2CTX,2024-12-06T07:25:42.000Z,washer,8
2CTX,2024-12-05T22:18:11.000Z,washer,18
2CTX,2024-12-05T20:20:19.000Z,washer,18
2CTX,2024-12-05T16:34:22.000Z,washer,18
2CTX,2024-12-05T13:12:13.000Z,washer,18
2CTX,2024-12-05T12:22:11.000Z,washer,8
2CTX,2024-12-05T12:04:05.000Z,washer,18
2CTX,2024-12-05T09:39:29.000Z,washer,18
2CTX,2024-12-04T16:12:03.000Z,washer,8
2CTX,2024-12-03T19:08:05.000Z,washer,18
2CTX,2024-12-03T18:21:48.000Z,washer,18
2CTX,2024-12-03T17:38:41.000Z,washer,18
2CTX,2024-12-03T15:55:48.000Z,washer,18
2CTX,2024-12-03T15:54:05.000Z,washer,8
2CTX,2024-12-03T15:52:48.000Z,washer,8
2CTX,2024-12-03T13:28:58.000Z,washer,18
2CTX,2024-12-03T12:30:39.000Z,washer,8
2CTX,2024-12-02T16:26:36.000Z,washer,18
2CTX,2024-12-02T16:18:59.000Z,washer,8
2CTX,2024-12-02T15:42:28.000Z,washer,18
2CTX,2024-12-02T15:39:56.000Z,washer,8
2CTX,2024-12-02T14:57:26.000Z,washer,8
2CTX,2024-12-02T14:55:37.000Z,washer,18
2CTX,2024-12-02T07:59:19.000Z,washer,8
2CTX,2024-12-02T07:58:22.000Z,washer,18
2CTX,2024-12-02T00:36:42.000Z,washer,18
2CTX,2024-12-02T00:34:21.000Z,washer,8
2CTX,2024-12-01T20:20:31.000Z,washer,8
2CTX,2024-12-01T18:13:14.000Z,washer,8
2CTX,2024-12-01T17:34:27.000Z,washer,8
2CTX,2024-12-01T17:05:08.000Z,washer,18
2CTX,2024-12-01T16:12:46.000Z,washer,18
2CTX,2024-12-01T15:47:07.000Z,washer,8
2CTX,2024-12-01T15:24:46.000Z,washer,18
2CTX,2024-12-01T13:26:22.000Z,washer,8
2CTX,2024-12-01T11:48:35.000Z,washer,18
2CTX,2024-12-01T10:58:52.000Z,washer,18
2CTX,2024-11-30T19:51:29.000Z,washer,18
2CTX,2024-11-30T19:50:33.000Z,washer,8
2CTX,2024-11-30T19:02:30.000Z,washer,18
2CTX,2024-11-30T18:59:53.000Z,washer,8
2CTX,2024-11-30T18:21:17.000Z,washer,8
2CTX,2024-11-30T18:10:51.000Z,washer,18
2CTX,2024-11-30T17:16:46.000Z,washer,8
2CTX,2024-11-30T16:57:30.000Z,washer,18
2CTX,2024-11-30T16:02:13.000Z,washer,8
2CTX,2024-11-30T13:08:53.000Z,washer,18
2CTX,2024-11-30T12:23:42.000Z,washer,18
2CTX,2024-11-30T12:09:36.000Z,washer,8
2CTX,2024-11-30T11:36:28.000Z,washer,18
2CTX,2024-11-30T09:55:50.000Z,washer,18
2CTX,2024-11-30T09:12:47.000Z,washer,18
2CTX,2024-11-29T20:40:18.000Z,washer,8
2CTX,2024-11-29T20:39:19.000Z,washer,18
2CTX,2024-11-29T19:18:24.000Z,washer,8
2CTX,2024-11-29T18:26:31.000Z,washer,8
2CTX,2024-11-29T15:04:36.000Z,washer,18
2CTX,2024-11-29T13:02:52.000Z,washer,8
2CTX,2024-11-29T13:00:49.000Z,washer,18
2CTX,2024-11-29T11:03:27.000Z,washer,8
2CTX,2024-11-29T10:57:56.000Z,washer,18
2CTX,2024-11-28T23:15:46.000Z,washer,8
2CTX,2024-11-28T21:35:15.000Z,washer,18
2CTX,2024-11-28T17:48:38.000Z,washer,18
2CTX,2024-11-28T14:07:59.000Z,washer,18
2CTX,2024-11-27T22:50:17.000Z,washer,8
2CTX,2024-11-27T22:10:14.000Z,washer,18
2CTX,2024-11-27T22:08:42.000Z,washer,8
2CTX,2024-11-27T19:30:28.000Z,washer,18
2CTX,2024-11-27T18:26:56.000Z,washer,18
2CTX,2024-11-27T15:22:20.000Z,washer,18
2CTX,2024-11-26T21:24:38.000Z,washer,18
2CTX,2024-11-26T14:25:20.000Z,washer,18
2CTX,2024-11-26T09:51:03.000Z,washer,18
2CTX,2024-11-25T22:00:48.000Z,washer,18
2CTX,2024-11-25T21:14:35.000Z,washer,8
2CTX,2024-11-25T21:13:27.000Z,washer,18
2CTX,2024-11-25T15:55:20.000Z,washer,8
2CTX,2024-11-25T14:36:55.000Z,washer,18
2CTX,2024-11-25T08:05:27.000Z,washer,18
2CTX,2024-11-24T18:22:10.000Z,washer,8
2CTX,2024-11-24T18:07:29.000Z,washer,18
2CTX,2024-11-24T15:41:25.000Z,washer,18
2CTX,2024-11-24T14:46:46.000Z,washer,18
2CTX,2024-11-24T14:17:12.000Z,washer,8
2CTX,2024-11-24T13:32:02.000Z,washer,8
2CTX,2024-11-24T10:21:18.000Z,washer,8
2CTX,2024-11-23T20:47:05.000Z,washer,18
2CTX,2024-11-23T20:28:02.000Z,washer,8
2CTX,2024-11-23T19:37:10.000Z,washer,18
2CTX,2024-11-23T18:34:22.000Z,washer,8
2CTX,2024-11-23T16:46:52.000Z,washer,18
2CTX,2024-11-23T15:48:05.000Z,washer,18
2CTX,2024-11-23T15:02:15.000Z,washer,18
2CTX,2024-11-23T14:16:46.000Z,washer,18
2CTX,2024-11-23T13:39:48.000Z,washer,8
2CTX,2024-11-23T11:09:50.000Z,washer,8
2CTX,2024-11-23T11:04:11.000Z,washer,18
2CTX,2024-11-22T20:52:41.000Z,washer,18
2CTX,2024-11-22T14:03:09.000Z,washer,18
2CTX,2024-11-22T08:11:42.000Z,washer,8
2CTX,2024-11-22T08:10:45.000Z,washer,18
2CTX,2024-11-21T21:17:49.000Z,washer,18
2CTX,2024-11-21T17:59:56.000Z,washer,18
2CTX,2024-11-21T17:58:34.000Z,washer,8
2CTX,2024-11-21T17:00:54.000Z,washer,18
2CTX,2024-11-21T12:20:02.000Z,washer,18
2CTX,2024-11-21T10:34:48.000Z,washer,8
2CTX,2024-11-21T10:08:38.000Z,washer,18
2CTX,2024-11-20T17:57:07.000Z,washer,18
2CTX,2024-11-20T15:49:30.000Z,washer,8
2CTX,2024-11-20T15:46:11.000Z,washer,18
2CTX,2024-11-20T12:19:55.000Z,washer,8
2CTX,2024-11-19T19:33:37.000Z,washer,8
2CTX,2024-11-19T15:42:31.000Z,washer,8
2CTX,2024-11-19T15:39:06.000Z,washer,18
2CTX,2024-11-19T13:09:41.000Z,washer,8
2CTX,2024-11-19T13:08:33.000Z,washer,18
2CTX,2024-11-18T16:35:17.000Z,washer,8
2CTX,2024-11-18T14:39:06.000Z,washer,18
2CTX,2024-11-18T13:44:45.000Z,washer,18
2CTX,2024-11-18T13:01:19.000Z,washer,18
2CTX,2024-11-18T10:46:26.000Z,washer,8
2CTX,2024-11-18T08:11:39.000Z,washer,8
2CTX,2024-11-18T08:10:44.000Z,washer,18
2CTX,2024-11-17T21:45:15.000Z,washer,8
2CTX,2024-11-17T19:40:42.000Z,washer,18
2CTX,2024-11-17T16:30:09.000Z,washer,18
2CTX,2024-11-17T14:30:39.000Z,washer,18
2CTX,2024-11-17T12:01:10.000Z,washer,8
2CTX,2024-11-17T12:00:06.000Z,washer,18
2CTX,2024-11-17T10:45:54.000Z,washer,18
2CTX,2024-11-17T10:00:32.000Z,washer,18
2CTX,2024-11-16T19:48:59.000Z,washer,18
2CTX,2024-11-16T14:56:09.000Z,washer,18
2CTX,2024-11-16T09:54:44.000Z,washer,8
2CTX,2024-11-16T08:53:40.000Z,washer,18
2CTX,2024-11-15T17:41:00.000Z,washer,8
2CTX,2024-11-15T17:39:43.000Z,washer,18
2CTX,2024-11-15T15:21:48.000Z,washer,18
2CTX,2024-11-15T14:31:15.000Z,washer,18
2CTX,2024-11-15T10:17:59.000Z,washer,18
2CTX,2024-11-14T19:28:30.000Z,washer,18
2CTX,2024-11-14T18:14:39.000Z,washer,18
2CTX,2024-11-14T17:20:36.000Z,washer,18
2CTX,2024-11-14T17:13:20.000Z,washer,8
2CTX,2024-11-14T16:35:42.000Z,washer,18
2CTX,2024-11-14T16:33:21.000Z,washer,8
2CTX,2024-11-14T12:50:22.000Z,washer,18
2CTX,2024-11-13T21:38:43.000Z,washer,18
2CTX,2024-11-13T19:13:57.000Z,washer,18
2CTX,2024-11-13T11:42:16.000Z,washer,18
2CTX,2024-11-13T09:20:23.000Z,washer,8
2CTX,2024-11-12T17:35:56.000Z,washer,8
2CTX,2024-11-12T17:29:44.000Z,washer,18
2CTX,2024-11-12T16:03:38.000Z,washer,18
2CTX,2024-11-12T00:15:07.000Z,washer,18
2CTX,2024-11-11T15:39:16.000Z,washer,18
2CTX,2024-11-11T14:59:06.000Z,washer,8
2CTX,2024-11-10T18:59:48.000Z,washer,18
2CTX,2024-11-10T17:29:11.000Z,washer,8
2CTX,2024-11-10T17:26:56.000Z,washer,18
2CTX,2024-11-10T12:47:05.000Z,washer,18
2CTX,2024-11-10T11:44:41.000Z,washer,18
2CTX,2024-11-10T08:44:46.000Z,washer,18
2CTX,2024-11-09T19:40:34.000Z,washer,18
2CTX,2024-11-09T19:17:10.000Z,washer,8
2CTX,2024-11-09T16:25:22.000Z,washer,18
2CTX,2024-11-09T10:54:13.000Z,washer,8
2CTX,2024-11-09T10:52:32.000Z,washer,18
2CTX,2024-11-09T10:12:06.000Z,washer,8
2CTX,2024-11-09T10:04:35.000Z,washer,18
2CTX,2024-11-09T08:13:37.000Z,washer,8
2CTX,2024-11-09T08:11:11.000Z,washer,18
2CTX,2024-11-09T04:32:45.000Z,washer,18
2CTX,2024-11-08T18:36:54.000Z,washer,18
2CTX,2024-11-08T17:48:45.000Z,washer,18
2CTX,2024-11-08T07:59:14.000Z,washer,8
2CTX,2024-11-08T07:56:50.000Z,washer,18
2CTX,2024-11-07T19:18:39.000Z,washer,18
2CTX,2024-11-07T16:44:35.000Z,washer,8
2CTX,2024-11-07T09:41:43.000Z,washer,18
2CTX,2024-11-07T08:55:07.000Z,washer,8
2CTX,2024-11-07T08:52:25.000Z,washer,18
2CTX,2024-11-06T19:07:12.000Z,washer,18
2CTX,2024-11-06T17:56:26.000Z,washer,18
2CTX,2024-11-06T15:48:57.000Z,washer,18
2CTX,2024-11-06T15:02:21.000Z,washer,18
2CTX,2024-11-06T12:23:07.000Z,washer,8
2CTX,2024-11-06T11:53:56.000Z,washer,18
2CTX,2024-11-06T10:56:03.000Z,washer,18
2CTX,2024-11-05T21:40:53.000Z,washer,8
2CTX,2024-11-05T21:39:26.000Z,washer,18
2CTX,2024-11-05T17:38:07.000Z,washer,18
2CTX,2024-11-05T14:30:12.000Z,washer,18
2CTX,2024-11-05T13:41:55.000Z,washer,18
2CTX,2024-11-05T12:59:02.000Z,washer,18
2CTX,2024-11-05T12:19:36.000Z,washer,8
2CTX,2024-11-05T10:33:01.000Z,washer,8
2CTX,2024-11-04T21:16:32.000Z,washer,18
2CTX,2024-11-04T18:32:23.000Z,washer,18
2CTX,2024-11-04T15:32:10.000Z,washer,8
2CTX,2024-11-04T13:04:28.000Z,washer,8
2CTX,2024-11-03T18:32:55.000Z,washer,18
2CTX,2024-11-03T18:30:40.000Z,washer,8
2CTX,2024-11-03T17:40:59.000Z,washer,8
2CTX,2024-11-03T17:02:36.000Z,washer,8
2CTX,2024-11-03T16:37:47.000Z,washer,18
2CTX,2024-11-03T14:54:40.000Z,washer,8
2CTX,2024-11-03T14:10:06.000Z,washer,18
2CTX,2024-11-03T13:50:06.000Z,washer,8
2CTX,2024-11-03T08:12:12.000Z,washer,18
2CTX,2024-11-02T21:16:44.000Z,washer,8
2CTX,2024-11-02T20:14:44.000Z,washer,8
2CTX,2024-11-02T19:17:32.000Z,washer,18
2CTX,2024-11-02T19:13:22.000Z,washer,8
2CTX,2024-11-02T18:33:28.000Z,washer,18
2CTX,2024-11-02T18:32:09.000Z,washer,8
2CTX,2024-11-02T16:33:17.000Z,washer,18
2CTX,2024-11-02T14:37:26.000Z,washer,8
2CTX,2024-11-02T14:07:03.000Z,washer,18
2CTX,2024-11-02T13:55:09.000Z,washer,8
2CTX,2024-11-02T13:24:44.000Z,washer,18
2CTX,2024-11-02T12:37:33.000Z,washer,18
2CTX,2024-11-02T11:39:15.000Z,washer,18
2CTX,2024-11-02T10:54:45.000Z,washer,18
2CTX,2024-11-02T08:19:00.000Z,washer,18
2CTX,2024-11-01T21:09:34.000Z,washer,18
2CTX,2024-11-01T20:29:35.000Z,washer,8
2CTX,2024-11-01T16:40:07.000Z,washer,18
2CTX,2024-11-01T15:44:44.000Z,washer,18
2CTX,2024-11-01T10:47:34.000Z,washer,18
2CTX,2024-10-31T18:25:35.000Z,washer,18
2CTX,2024-10-31T17:42:01.000Z,washer,8
2CTX,2024-10-31T17:39:54.000Z,washer,18
2CTX,2024-10-31T15:01:55.000Z,washer,8
2CTX,2024-10-31T14:35:47.000Z,washer,18
2CTX,2024-10-31T11:00:16.000Z,washer,8
2CTX,2024-10-30T15:11:06.000Z,washer,18
2CTX,2024-10-30T14:17:37.000Z,washer,18
2CTX,2024-10-29T19:03:10.000Z,washer,18
2CTX,2024-10-29T16:15:00.000Z,washer,8
2CTX,2024-10-29T15:10:05.000Z,washer,18
2CTX,2024-10-28T18:51:55.000Z,washer,8
2CTX,2024-10-28T18:51:00.000Z,washer,18
2CTX,2024-10-28T18:01:39.000Z,washer,8
2CTX,2024-10-28T17:56:31.000Z,washer,18
2CTX,2024-10-28T14:46:32.000Z,washer,8
2CTX,2024-10-28T14:07:41.000Z,washer,8
2CTX,2024-10-27T18:43:59.000Z,washer,8
2CTX,2024-10-27T18:34:40.000Z,washer,18
2CTX,2024-10-27T17:50:00.000Z,washer,18
2CTX,2024-10-27T16:54:40.000Z,washer,18
2CTX,2024-10-27T15:21:30.000Z,washer,18
2CTX,2024-10-27T14:29:39.000Z,washer,18
2CTX,2024-10-27T12:17:52.000Z,washer,18
2CTX,2024-10-27T11:24:56.000Z,washer,18
2CTX,2024-10-27T10:34:44.000Z,washer,18
2CTX,2024-10-27T08:11:57.000Z,washer,8
2CTX,2024-10-27T08:01:52.000Z,washer,18
2CTX,2024-10-26T17:17:28.000Z,washer,8
2CTX,2024-10-26T17:15:49.000Z,washer,18
2CTX,2024-10-26T15:32:36.000Z,washer,18
2CTX,2024-10-26T12:34:32.000Z,washer,18
2CTX,2024-10-26T11:49:39.000Z,washer,18
2CTX,2024-10-26T10:07:47.000Z,washer,8
2CTX,2024-10-26T09:28:24.000Z,washer,8
2CTX,2024-10-26T09:26:04.000Z,washer,18
2CTX,2024-10-26T08:21:02.000Z,washer,8
2CTX,2024-10-26T08:18:35.000Z,washer,18
2CTX,2024-10-25T19:37:54.000Z,washer,18
2CTX,2024-10-25T18:02:03.000Z,washer,18
2CTX,2024-10-25T17:05:17.000Z,washer,18
2CTX,2024-10-25T16:18:11.000Z,washer,18
2CTX,2024-10-25T12:02:44.000Z,washer,18
2CTX,2024-10-25T09:43:41.000Z,washer,18
2CTX,2024-10-25T07:13:01.000Z,washer,8
2CTX,2024-10-25T07:12:00.000Z,washer,18
2CTX,2024-10-24T19:58:01.000Z,washer,8
2CTX,2024-10-24T18:48:08.000Z,washer,18
2CTX,2024-10-24T17:34:35.000Z,washer,8
2CTX,2024-10-24T16:45:03.000Z,washer,18
2CTX,2024-10-24T15:41:10.000Z,washer,18
2CTX,2024-10-24T14:57:12.000Z,washer,8
2CTX,2024-10-24T14:55:03.000Z,washer,18
2CTX,2024-10-24T12:27:45.000Z,washer,18
2CTX,2024-10-24T12:06:55.000Z,washer,8
2CTX,2024-10-24T10:32:57.000Z,washer,18
2CTX,2024-10-23T14:51:49.000Z,washer,18
2CTX,2024-10-23T14:03:10.000Z,washer,18
2CTX,2024-10-23T12:48:03.000Z,washer,8
2CTX,2024-10-23T12:26:07.000Z,washer,18
2CTX,2024-10-23T12:23:10.000Z,washer,8
2CTX,2024-10-23T07:01:51.000Z,washer,8
2CTX,2024-10-23T07:00:52.000Z,washer,18
2CTX,2024-10-23T04:37:23.000Z,washer,18
2CTX,2024-10-23T03:48:15.000Z,washer,8
2CTX,2024-10-22T19:44:38.000Z,washer,8
2CTX,2024-10-22T17:02:57.000Z,washer,18
2CTX,2024-10-22T14:04:47.000Z,washer,8
2CTX,2024-10-22T12:18:03.000Z,washer,18
2CTX,2024-10-21T19:48:11.000Z,washer,18
2CTX,2024-10-21T19:47:12.000Z,washer,8
2CTX,2024-10-21T18:18:28.000Z,washer,18
2CTX,2024-10-21T17:25:39.000Z,washer,18
2CTX,2024-10-21T15:50:38.000Z,washer,8
2CTX,2024-10-21T14:16:04.000Z,washer,18
2CTX,2024-10-21T14:14:17.000Z,washer,8
2CTX,2024-10-21T11:28:32.000Z,washer,18
2CTX,2024-10-21T07:14:42.000Z,washer,8
2CTX,2024-10-21T07:13:30.000Z,washer,18
2CTX,2024-10-20T20:08:33.000Z,washer,18
2CTX,2024-10-20T19:37:06.000Z,washer,8
2CTX,2024-10-20T19:14:42.000Z,washer,18
2CTX,2024-10-20T18:26:38.000Z,washer,18
2CTX,2024-10-20T16:44:51.000Z,washer,18
2CTX,2024-10-20T15:38:30.000Z,washer,8
2CTX,2024-10-20T14:55:28.000Z,washer,18
2CTX,2024-10-20T12:59:45.000Z,washer,18
2CTX,2024-10-20T11:56:03.000Z,washer,18
2CTX,2024-10-20T11:34:40.000Z,washer,8
2CTX,2024-10-20T11:09:10.000Z,washer,18
2CTX,2024-10-20T09:06:04.000Z,washer,18
2CTX,2024-10-20T07:30:52.000Z,washer,8
2CTX,2024-10-20T06:22:19.000Z,washer,18
2CTX,2024-10-20T05:23:39.000Z,washer,8
2CTX,2024-10-19T20:55:08.000Z,washer,8
2CTX,2024-10-19T20:53:10.000Z,washer,18
2CTX,2024-10-19T20:00:04.000Z,washer,18
2CTX,2024-10-19T19:13:52.000Z,washer,18
2CTX,2024-10-19T18:59:41.000Z,washer,8
2CTX,2024-10-19T18:27:47.000Z,washer,18
2CTX,2024-10-19T18:19:54.000Z,washer,8
2CTX,2024-10-19T17:40:28.000Z,washer,18
2CTX,2024-10-19T16:43:51.000Z,washer,18
2CTX,2024-10-19T16:19:11.000Z,washer,8
2CTX,2024-10-19T15:08:48.000Z,washer,18
2CTX,2024-10-19T14:11:44.000Z,washer,18
2CTX,2024-10-19T13:38:06.000Z,washer,8
2CTX,2024-10-19T13:03:50.000Z,washer,18
2CTX,2024-10-19T12:00:51.000Z,washer,18
2CTX,2024-10-19T11:55:55.000Z,washer,8
2CTX,2024-10-19T09:55:57.000Z,washer,8
2CTX,2024-10-19T09:53:36.000Z,washer,18
2CTX,2024-10-19T08:40:09.000Z,washer,18
2CTX,2024-10-19T06:33:34.000Z,washer,18
2CTX,2024-10-18T19:02:59.000Z,washer,18
2CTX,2024-10-18T18:36:15.000Z,washer,8
2CTX,2024-10-18T12:14:21.000Z,washer,8
2CTX,2024-10-18T11:52:15.000Z,washer,18
2CTX,2024-10-17T18:04:28.000Z,washer,18
2CTX,2024-10-17T18:01:45.000Z,washer,8
2CTX,2024-10-17T17:19:17.000Z,washer,18
2CTX,2024-10-17T16:59:50.000Z,washer,8
2CTX,2024-10-17T16:34:43.000Z,washer,18
2CTX,2024-10-17T14:14:27.000Z,washer,18
2CTX,2024-10-17T13:21:46.000Z,washer,8
2CTX,2024-10-17T13:18:33.000Z,washer,18
2CTX,2024-10-17T12:33:48.000Z,washer,8
2CTX,2024-10-17T12:32:19.000Z,washer,18
2CTX,2024-10-17T08:42:00.000Z,washer,8
2CTX,2024-10-16T17:15:11.000Z,washer,18
2CTX,2024-10-16T14:16:31.000Z,washer,18
2CTX,2024-10-16T13:53:21.000Z,washer,8
2CTX,2024-10-16T13:18:45.000Z,washer,18
2CTX,2024-10-16T13:02:57.000Z,washer,8
2CTX,2024-10-15T18:41:40.000Z,washer,18
2CTX,2024-10-15T17:25:24.000Z,washer,18
2CTX,2024-10-15T16:36:32.000Z,washer,18
2CTX,2024-10-15T15:04:49.000Z,washer,18
2CTX,2024-10-15T09:36:18.000Z,washer,18
2CTX,2024-10-15T08:41:52.000Z,washer,18
2CTX,2024-10-14T18:50:25.000Z,washer,8
2CTX,2024-10-14T16:44:35.000Z,washer,8
2CTX,2024-10-14T15:26:48.000Z,washer,18
2CTX,2024-10-14T07:08:43.000Z,washer,8
2CTX,2024-10-14T07:07:45.000Z,washer,18
2CTX,2024-10-13T16:44:11.000Z,washer,18
2CTX,2024-10-13T15:30:43.000Z,washer,18
2CTX,2024-10-13T14:31:20.000Z,washer,18
2CTX,2024-10-13T13:48:32.000Z,washer,18
2CTX,2024-10-13T13:05:30.000Z,washer,18
2CTX,2024-10-13T11:53:27.000Z,washer,18
2CTX,2024-10-13T10:39:45.000Z,washer,18
2CTX,2024-10-13T08:43:26.000Z,washer,18
2CTX,2024-10-13T07:09:37.000Z,washer,18
2CTX,2024-10-12T18:14:42.000Z,washer,8
2CTX,2024-10-12T17:02:18.000Z,washer,18
2CTX,2024-10-12T16:48:06.000Z,washer,8
2CTX,2024-10-12T16:06:24.000Z,washer,18
2CTX,2024-10-12T15:19:33.000Z,washer,18
2CTX,2024-10-12T15:01:27.000Z,washer,8
2CTX,2024-10-12T14:35:48.000Z,washer,18
2CTX,2024-10-12T08:40:24.000Z,washer,8
2CTX,2024-10-11T18:39:11.000Z,washer,8
2CTX,2024-10-11T17:58:55.000Z,washer,8
2CTX,2024-10-11T15:40:53.000Z,washer,18
2CTX,2024-10-11T13:10:12.000Z,washer,18
2CTX,2024-10-11T10:02:14.000Z,washer,18
2CTX,2024-10-10T12:53:11.000Z,washer,18
2CTX,2024-10-10T10:03:05.000Z,washer,8
2CTX,2024-10-10T05:49:28.000Z,washer,18
2CTX,2024-10-09T18:52:35.000Z,washer,8
2CTX,2024-10-09T16:10:09.000Z,washer,18
2CTX,2024-10-09T14:24:07.000Z,washer,18
2CTX,2024-10-09T12:58:43.000Z,washer,8
2CTX,2024-10-09T12:57:45.000Z,washer,18
2CTX,2024-10-09T10:15:38.000Z,washer,18
2CTX,2024-10-09T08:28:52.000Z,washer,8
2CTX,2024-10-09T08:27:55.000Z,washer,18
2CTX,2024-10-08T19:19:38.000Z,washer,8
2CTX,2024-10-08T19:18:25.000Z,washer,18
2CTX,2024-10-08T16:52:26.000Z,washer,18
2CTX,2024-10-08T10:37:15.000Z,washer,18
2CTX,2024-10-08T08:08:22.000Z,washer,18
2CTX,2024-10-07T19:01:36.000Z,washer,18
2CTX,2024-10-07T15:19:33.000Z,washer,8
2CTX,2024-10-07T13:20:48.000Z,washer,18
2CTX,2024-10-07T12:28:32.000Z,washer,18
2CTX,2024-10-07T11:19:55.000Z,washer,18
2CTX,2024-10-07T09:57:49.000Z,washer,18
2CTX,2024-10-06T18:30:48.000Z,washer,8
2CTX,2024-10-06T16:24:23.000Z,washer,8
2CTX,2024-10-06T14:59:01.000Z,washer,18
2CTX,2024-10-06T14:15:43.000Z,washer,18
2CTX,2024-10-06T13:15:45.000Z,washer,18
2CTX,2024-10-06T12:25:17.000Z,washer,18
2CTX,2024-10-06T11:40:24.000Z,washer,18
2CTX,2024-10-06T10:43:08.000Z,washer,18
2CTX,2024-10-06T09:54:00.000Z,washer,18
2CTX,2024-10-06T08:31:47.000Z,washer,8
2CTX,2024-10-06T08:29:21.000Z,washer,18
2CTX,2024-10-05T20:03:21.000Z,washer,8
2CTX,2024-10-05T20:00:36.000Z,washer,18
2CTX,2024-10-05T19:02:17.000Z,washer,8
2CTX,2024-10-05T18:59:57.000Z,washer,18
2CTX,2024-10-05T17:41:27.000Z,washer,18
2CTX,2024-10-05T15:07:44.000Z,washer,8
2CTX,2024-10-05T14:35:23.000Z,washer,18
2CTX,2024-10-05T12:33:40.000Z,washer,18
2CTX,2024-10-05T10:54:05.000Z,washer,8
2CTX,2024-10-05T10:22:12.000Z,washer,18
2CTX,2024-10-05T10:13:39.000Z,washer,8
2CTX,2024-10-05T09:34:19.000Z,washer,8
2CTX,2024-10-05T09:30:54.000Z,washer,18
2CTX,2024-10-04T19:40:32.000Z,washer,18
2CTX,2024-10-04T18:08:17.000Z,washer,8
2CTX,2024-10-04T16:57:41.000Z,washer,18
2CTX,2024-10-04T16:21:58.000Z,washer,8
2CTX,2024-10-04T15:43:53.000Z,washer,8
2CTX,2024-10-04T09:30:37.000Z,washer,18
2CTX,2024-10-03T18:31:51.000Z,washer,8
2CTX,2024-10-03T17:14:56.000Z,washer,18
2CTX,2024-10-03T12:29:14.000Z,washer,18
2CTX,2024-10-02T15:19:29.000Z,washer,18
2CTX,2024-10-01T14:48:52.000Z,washer,18
2CTX,2024-10-01T13:03:58.000Z,washer,8
2CTX,2024-10-01T11:06:27.000Z,washer,8
2CTX,2024-10-01T11:04:47.000Z,washer,18
2CTX,2024-10-01T08:52:25.000Z,washer,8
2CTX,2024-09-30T21:17:31.000Z,washer,8
2CTX,2024-09-30T21:16:28.000Z,washer,18
2CTX,2024-09-30T17:36:41.000Z,washer,18
2CTX,2024-09-30T17:16:07.000Z,washer,8
2CTX,2024-09-30T15:52:31.000Z,washer,18
2CTX,2024-09-30T07:52:02.000Z,washer,18
2CTX,2024-09-29T18:46:40.000Z,washer,18
2CTX,2024-09-29T17:24:25.000Z,washer,18
2CTX,2024-09-29T16:39:21.000Z,washer,18
2CTX,2024-09-29T15:53:55.000Z,washer,18
2CTX,2024-09-29T15:03:20.000Z,washer,18
2CTX,2024-09-29T13:41:11.000Z,washer,18
2CTX,2024-09-29T12:47:02.000Z,washer,18
2CTX,2024-09-29T11:42:39.000Z,washer,18
2CTX,2024-09-29T10:58:03.000Z,washer,18
2CTX,2024-09-29T09:43:38.000Z,washer,18
2CTX,2024-09-29T09:39:06.000Z,washer,8
2CTX,2024-09-29T08:40:17.000Z,washer,8
2CTX,2024-09-29T07:40:17.000Z,washer,18
2CTX,2024-09-28T19:10:10.000Z,washer,8
2CTX,2024-09-28T18:44:08.000Z,washer,18
2CTX,2024-09-28T17:52:55.000Z,washer,8
2CTX,2024-09-28T14:51:09.000Z,washer,8
2CTX,2024-09-28T14:48:27.000Z,washer,18
2CTX,2024-09-28T13:07:34.000Z,washer,18
2CTX,2024-09-28T10:30:00.000Z,washer,18
2CTX,2024-09-28T09:32:53.000Z,washer,18
2CTX,2024-09-27T21:55:38.000Z,washer,18
2CTX,2024-09-27T20:37:18.000Z,washer,18
2CTX,2024-09-27T19:38:13.000Z,washer,8
2CTX,2024-09-27T18:25:29.000Z,washer,8
2CTX,2024-09-27T16:49:36.000Z,washer,8
2CTX,2024-09-27T15:23:57.000Z,washer,18
2CTX,2024-09-27T14:21:14.000Z,washer,18
2CTX,2024-09-27T12:16:13.000Z,washer,8
2CTX,2024-09-27T11:29:16.000Z,washer,8
2CTX,2024-09-27T10:04:01.000Z,washer,18
2CTX,2024-09-27T08:41:59.000Z,washer,8
2CTX,2024-09-27T08:40:37.000Z,washer,18
2CTX,2024-09-27T06:27:11.000Z,washer,18
2CTX,2024-09-26T14:33:09.000Z,washer,18
2CTX,2024-09-26T10:06:58.000Z,washer,18
2CTX,2024-09-25T16:56:59.000Z,washer,18
2CTX,2024-09-25T15:00:27.000Z,washer,18
2CTX,2024-09-25T13:04:14.000Z,washer,8
2CTX,2024-09-25T10:36:18.000Z,washer,8
2CTX,2024-09-25T10:33:13.000Z,washer,18
2CTX,2024-09-24T17:45:02.000Z,washer,18
2CTX,2024-09-24T16:22:10.000Z,washer,8
2CTX,2024-09-24T15:17:16.000Z,washer,18
2CTX,2024-09-24T12:40:53.000Z,washer,18
2CTX,2024-09-24T09:34:52.000Z,washer,18
2CTX,2024-09-24T08:43:55.000Z,washer,18
2CTX,2024-09-23T16:42:32.000Z,washer,18
2CTX,2024-09-23T15:27:35.000Z,washer,18
2CTX,2024-09-23T14:33:44.000Z,washer,8
2CTX,2024-09-23T14:32:48.000Z,washer,18
2CTX,2024-09-23T13:42:06.000Z,washer,18
2CTX,2024-09-22T21:08:20.000Z,washer,8
2CTX,2024-09-22T18:14:11.000Z,washer,18
2CTX,2024-09-22T18:01:49.000Z,washer,8
2CTX,2024-09-22T16:59:35.000Z,washer,18
2CTX,2024-09-22T15:25:34.000Z,washer,18
2CTX,2024-09-22T14:20:21.000Z,washer,18
2CTX,2024-09-22T13:17:22.000Z,washer,8
2CTX,2024-09-22T13:11:40.000Z,washer,18
2CTX,2024-09-22T11:48:40.000Z,washer,18
2CTX,2024-09-22T09:54:51.000Z,washer,18
2CTX,2024-09-22T09:04:32.000Z,washer,18
2CTX,2024-09-22T07:37:21.000Z,washer,18
2CTX,2024-09-22T06:57:43.000Z,washer,8
2CTX,2024-09-21T16:04:06.000Z,washer,18
2CTX,2024-09-21T16:02:52.000Z,washer,8
2CTX,2024-09-21T14:47:12.000Z,washer,18
2CTX,2024-09-21T12:53:13.000Z,washer,18
2CTX,2024-09-21T10:09:19.000Z,washer,18
2CTX,2024-09-21T09:34:49.000Z,washer,8
2CTX,2024-09-21T08:56:02.000Z,washer,8
2CTX,2024-09-21T07:38:35.000Z,washer,18
2CTX,2024-09-20T18:41:40.000Z,washer,18
2CTX,2024-09-20T15:22:13.000Z,washer,18
2CTX,2024-09-20T13:57:40.000Z,washer,18
2CTX,2024-09-20T11:30:14.000Z,washer,8
2CTX,2024-09-20T11:20:37.000Z,washer,18
2CTX,2024-09-20T07:29:13.000Z,washer,8
2CTX,2024-09-20T07:15:52.000Z,washer,18
2CTX,2024-09-19T22:00:00.000Z,washer,8
2CTX,2024-09-19T21:58:12.000Z,washer,18
2CTX,2024-09-19T19:10:06.000Z,washer,8
2CTX,2024-09-19T18:59:22.000Z,washer,18
2CTX,2024-09-19T13:43:12.000Z,washer,18
2CTX,2024-09-19T09:17:11.000Z,washer,8
2CTX,2024-09-19T08:37:54.000Z,washer,8
2CTX,2024-09-19T08:36:48.000Z,washer,18
2CTX,2024-09-18T19:39:53.000Z,washer,18
2CTX,2024-09-18T19:25:17.000Z,washer,8
2CTX,2024-09-18T18:53:12.000Z,washer,18
2CTX,2024-09-18T18:24:31.000Z,washer,8
2CTX,2024-09-18T17:22:56.000Z,washer,18
2CTX,2024-09-18T17:11:21.000Z,washer,8
2CTX,2024-09-18T12:09:43.000Z,washer,8
2CTX,2024-09-18T10:21:59.000Z,washer,8
2CTX,2024-09-18T08:46:34.000Z,washer,18
2CTX,2024-09-18T08:37:06.000Z,washer,8
2CTX,2024-09-18T07:36:35.000Z,washer,18
2CTX,2024-09-18T00:21:11.000Z,washer,18
2CTX,2024-09-18T00:20:17.000Z,washer,8
2CTX,2024-09-17T20:10:19.000Z,washer,18
2CTX,2024-09-17T16:36:32.000Z,washer,8
2CTX,2024-09-17T13:46:00.000Z,washer,8
2CTX,2024-09-17T12:44:56.000Z,washer,18
2CTX,2024-09-17T10:35:35.000Z,washer,18
2CTX,2024-09-17T09:48:35.000Z,washer,18
2CTX,2024-09-16T17:15:02.000Z,washer,18
2CTX,2024-09-16T16:24:45.000Z,washer,18
2CTX,2024-09-15T19:04:10.000Z,washer,18
2CTX,2024-09-15T18:47:16.000Z,washer,8
2CTX,2024-09-15T18:14:09.000Z,washer,18
2CTX,2024-09-15T16:40:18.000Z,washer,18
2CTX,2024-09-15T15:43:24.000Z,washer,8
2CTX,2024-09-15T15:42:13.000Z,washer,18
2CTX,2024-09-15T13:03:20.000Z,washer,18
2CTX,2024-09-15T09:43:33.000Z,washer,18
2CTX,2024-09-14T18:28:01.000Z,washer,8
2CTX,2024-09-14T18:11:01.000Z,washer,18
2CTX,2024-09-14T17:47:23.000Z,washer,8
2CTX,2024-09-14T17:03:19.000Z,washer,8
2CTX,2024-09-14T15:07:02.000Z,washer,18
2CTX,2024-09-14T12:56:44.000Z,washer,18
2CTX,2024-09-14T12:23:54.000Z,washer,8
2CTX,2024-09-14T12:09:33.000Z,washer,18
2CTX,2024-09-14T11:33:55.000Z,washer,8
2CTX,2024-09-14T11:19:20.000Z,washer,18
2CTX,2024-09-14T10:07:10.000Z,washer,8
2CTX,2024-09-14T07:35:17.000Z,washer,18
2CTX,2024-09-13T17:59:00.000Z,washer,8
2CTX,2024-09-13T17:57:23.000Z,washer,18
2CTX,2024-09-13T17:07:54.000Z,washer,18
2CTX,2024-09-13T15:46:04.000Z,washer,18
2CTX,2024-09-13T14:16:01.000Z,washer,8
2CTX,2024-09-12T18:54:16.000Z,washer,18
2CTX,2024-09-12T17:27:18.000Z,washer,18
2CTX,2024-09-12T15:19:43.000Z,washer,18
2CTX,2024-09-12T10:01:13.000Z,washer,18
2CTX,2024-09-11T21:34:36.000Z,washer,18
2CTX,2024-09-11T18:31:13.000Z,washer,8
2CTX,2024-09-11T08:11:18.000Z,washer,8
2CTX,2024-09-11T08:09:22.000Z,washer,18
2CTX,2024-09-10T19:50:36.000Z,washer,18
2CTX,2024-09-10T16:59:43.000Z,washer,18
2CTX,2024-09-10T11:48:37.000Z,washer,18
2CTX,2024-09-10T10:47:07.000Z,washer,18
2CTX,2024-09-10T10:04:13.000Z,washer,8
2CTX,2024-09-10T10:01:15.000Z,washer,18
2CTX,2024-09-10T08:31:27.000Z,washer,18
2CTX,2024-09-09T19:09:33.000Z,washer,8
2CTX,2024-09-09T14:30:02.000Z,washer,18
2CTX,2024-09-09T08:25:10.000Z,washer,18
2CTX,2024-09-08T20:00:31.000Z,washer,8
2CTX,2024-09-08T19:59:30.000Z,washer,18
2CTX,2024-09-08T14:45:11.000Z,washer,18
2CTX,2024-09-08T13:41:02.000Z,washer,18
2CTX,2024-09-08T07:37:58.000Z,washer,18
2CTX,2024-09-07T20:41:44.000Z,washer,18
2CTX,2024-09-07T19:56:08.000Z,washer,18
2CTX,2024-09-07T19:35:25.000Z,washer,8
2CTX,2024-09-07T19:11:59.000Z,washer,18
2CTX,2024-09-07T18:41:17.000Z,washer,8
2CTX,2024-09-07T18:28:24.000Z,washer,18
2CTX,2024-09-07T16:12:07.000Z,washer,8
2CTX,2024-09-07T16:09:50.000Z,washer,18
2CTX,2024-09-07T13:55:12.000Z,washer,8
2CTX,2024-09-07T11:44:58.000Z,washer,18
2CTX,2024-09-07T11:22:25.000Z,washer,8
2CTX,2024-09-07T09:59:37.000Z,washer,18
2CTX,2024-09-07T09:13:36.000Z,washer,8
2CTX,2024-09-07T09:11:57.000Z,washer,18
2CTX,2024-09-06T19:35:12.000Z,washer,8
2CTX,2024-09-06T17:54:45.000Z,washer,18
2CTX,2024-09-06T11:06:37.000Z,washer,18
2CTX,2024-09-06T09:06:00.000Z,washer,8
2CTX,2024-09-06T09:04:31.000Z,washer,18
2CTX,2024-09-06T08:04:48.000Z,washer,18
2CTX,2024-09-06T06:47:33.000Z,washer,8
2CTX,2024-09-05T15:13:48.000Z,washer,8
2CTX,2024-09-05T14:50:42.000Z,washer,18
2CTX,2024-09-05T13:50:36.000Z,washer,18
2CTX,2024-09-05T12:57:50.000Z,washer,18
2CTX,2024-09-05T10:18:04.000Z,washer,8
2CTX,2024-09-05T10:15:26.000Z,washer,18
2CTX,2024-09-04T19:09:26.000Z,washer,8
2CTX,2024-09-04T19:02:02.000Z,washer,18
2CTX,2024-09-04T17:29:31.000Z,washer,8
2CTX,2024-09-04T11:33:52.000Z,washer,8
2CTX,2024-09-04T10:37:00.000Z,washer,18
2CTX,2024-09-04T08:04:56.000Z,washer,18
2CTX,2024-09-03T18:48:41.000Z,washer,8
2CTX,2024-09-02T15:23:58.000Z,washer,18
2CTX,2024-09-02T14:59:37.000Z,washer,8
2CTX,2024-09-02T13:05:54.000Z,washer,18
2CTX,2024-09-02T08:17:50.000Z,washer,18
2CTX,2024-09-02T07:12:59.000Z,washer,18
2CTX,2024-09-01T14:26:54.000Z,washer,18
2CTX,2024-09-01T13:33:09.000Z,washer,18
2CTX,2024-09-01T12:10:52.000Z,washer,18
2CTX,2024-09-01T10:41:26.000Z,washer,18
2CTX,2024-09-01T09:50:54.000Z,washer,18
2CTX,2024-09-01T09:49:51.000Z,washer,8
2CTX,2024-09-01T09:07:28.000Z,washer,8
2CTX,2024-09-01T09:01:40.000Z,washer,18
2CTX,2024-09-01T08:28:38.000Z,washer,8
2CTX,2024-09-01T08:12:03.000Z,washer,18
2CTX,2024-08-31T21:42:50.000Z,washer,8
2CTX,2024-08-31T18:13:10.000Z,washer,8
2CTX,2024-08-31T17:51:54.000Z,washer,18
2CTX,2024-08-31T17:07:28.000Z,washer,18
2CTX,2024-08-31T13:20:28.000Z,washer,8
2CTX,2024-08-31T12:17:10.000Z,washer,18
2CTX,2024-08-31T11:29:51.000Z,washer,18
2CTX,2024-08-31T07:54:54.000Z,washer,18
2CTX,2024-08-30T18:27:16.000Z,washer,18
2CTX,2024-08-30T12:53:29.000Z,washer,18
2CTX,2024-08-30T08:11:52.000Z,washer,8
2CTX,2024-08-30T07:40:32.000Z,washer,18
2CTX,2024-08-30T07:25:52.000Z,washer,8
2CTX,2024-08-30T06:50:19.000Z,washer,18
2CTX,2024-08-29T19:28:26.000Z,washer,18
2CTX,2024-08-29T12:02:53.000Z,washer,18
2CTX,2024-08-29T11:00:52.000Z,washer,18
2CTX,2024-08-28T23:36:43.000Z,washer,8
2CTX,2024-08-28T23:34:53.000Z,washer,18
2CTX,2024-08-28T19:32:08.000Z,washer,8
2CTX,2024-08-28T17:54:30.000Z,washer,18
2CTX,2024-08-28T16:32:15.000Z,washer,18
2CTX,2024-08-28T12:38:27.000Z,washer,18
2CTX,2024-08-28T11:32:58.000Z,washer,18
2CTX,2024-08-28T10:26:52.000Z,washer,18
2CTX,2024-08-28T07:47:51.000Z,washer,8
2CTX,2024-08-27T19:24:42.000Z,washer,18
2CTX,2024-08-27T18:39:04.000Z,washer,18
2CTX,2024-08-27T18:26:45.000Z,washer,8
2CTX,2024-08-27T16:26:59.000Z,washer,18
2CTX,2024-08-27T15:43:54.000Z,washer,18
2CTX,2024-08-27T14:40:39.000Z,washer,18
2CTX,2024-08-27T13:57:12.000Z,washer,18
2CTX,2024-08-27T13:10:56.000Z,washer,18
2CTX,2024-08-27T13:09:11.000Z,washer,8
2CTX,2024-08-27T12:25:55.000Z,washer,8
2CTX,2024-08-27T12:19:18.000Z,washer,18
2CTX,2024-08-27T11:55:41.000Z,washer,8
2CTX,2024-08-27T11:36:01.000Z,washer,18
2CTX,2024-08-27T10:48:48.000Z,washer,18
2CTX,2024-08-27T10:44:36.000Z,washer,8
2CTX,2024-08-27T10:03:18.000Z,washer,8
2CTX,2024-08-27T10:01:35.000Z,washer,18
2CTX,2024-08-27T07:34:38.000Z,washer,8
2CTX,2024-08-27T07:33:20.000Z,washer,18
2CTX,2024-08-26T17:04:37.000Z,washer,18
2CTX,2024-08-26T14:53:56.000Z,washer,8
2CTX,2024-08-26T13:16:26.000Z,washer,18
2CTX,2024-08-26T12:28:43.000Z,washer,18
2CTX,2024-08-26T11:16:11.000Z,washer,18
2CTX,2024-08-25T19:50:09.000Z,washer,8
2CTX,2024-08-25T19:36:05.000Z,washer,18
2CTX,2024-08-25T18:11:34.000Z,washer,18
2CTX,2024-08-25T17:28:12.000Z,washer,18
2CTX,2024-08-25T16:42:32.000Z,washer,18
2CTX,2024-08-25T16:21:38.000Z,washer,8
2CTX,2024-08-25T14:49:06.000Z,washer,8
2CTX,2024-08-25T14:10:50.000Z,washer,18
2CTX,2024-08-25T12:16:47.000Z,washer,8
2CTX,2024-08-25T11:28:52.000Z,washer,18
2CTX,2024-08-25T07:18:44.000Z,washer,18
2CTX,2024-08-25T05:48:19.000Z,washer,8
2CTX,2024-08-24T21:39:17.000Z,washer,18
2CTX,2024-08-24T20:12:36.000Z,washer,8
2CTX,2024-08-24T20:11:33.000Z,washer,18
2CTX,2024-08-24T18:15:27.000Z,washer,8
2CTX,2024-08-24T16:32:27.000Z,washer,18
2CTX,2024-08-24T16:15:56.000Z,washer,8
2CTX,2024-08-24T14:37:40.000Z,washer,18
2CTX,2024-08-24T12:04:14.000Z,washer,8
2CTX,2024-08-24T11:07:27.000Z,washer,18
2CTX,2024-08-24T09:42:13.000Z,washer,18
2CTX,2024-08-24T08:57:02.000Z,washer,8
2CTX,2024-08-24T08:56:02.000Z,washer,18
2CTX,2024-08-24T07:56:45.000Z,washer,8
2CTX,2024-08-24T07:52:12.000Z,washer,18
2CTX,2024-08-23T19:08:39.000Z,washer,18
2CTX,2024-08-23T16:41:37.000Z,washer,8
2CTX,2024-08-23T16:22:40.000Z,washer,18
2CTX,2024-08-23T16:04:03.000Z,washer,8
2CTX,2024-08-23T15:36:24.000Z,washer,18
2CTX,2024-08-23T11:14:54.000Z,washer,18
2CTX,2024-08-23T09:28:49.000Z,washer,8
2CTX,2024-08-23T08:53:01.000Z,washer,18
2CTX,2024-08-23T07:12:28.000Z,washer,8
2CTX,2024-08-23T06:59:21.000Z,washer,18
2CTX,2024-08-22T19:58:47.000Z,washer,18
2CTX,2024-08-22T17:42:53.000Z,washer,8
2CTX,2024-08-22T15:51:06.000Z,washer,8
2CTX,2024-08-22T13:45:04.000Z,washer,18
2CTX,2024-08-22T13:35:06.000Z,washer,8
2CTX,2024-08-22T12:57:11.000Z,washer,8
2CTX,2024-08-22T12:56:11.000Z,washer,18
2CTX,2024-08-22T12:11:57.000Z,washer,18
2CTX,2024-08-22T11:24:47.000Z,washer,18
2CTX,2024-08-22T10:33:47.000Z,washer,18
2CTX,2024-08-22T10:04:28.000Z,washer,8
2CTX,2024-08-22T07:59:03.000Z,washer,8
2CTX,2024-08-22T07:58:05.000Z,washer,18
2CTX,2024-08-21T19:03:18.000Z,washer,8
2CTX,2024-08-21T16:58:57.000Z,washer,18
2CTX,2024-08-21T16:12:18.000Z,washer,18
2CTX,2024-08-21T15:29:38.000Z,washer,18
2CTX,2024-08-21T14:11:21.000Z,washer,18
2CTX,2024-08-21T12:03:50.000Z,washer,8
2CTX,2024-08-21T09:21:02.000Z,washer,18
2CTX,2024-08-21T08:19:33.000Z,washer,8
2CTX,2024-08-20T20:08:02.000Z,washer,18
2CTX,2024-08-20T19:16:03.000Z,washer,18
2CTX,2024-08-20T19:14:26.000Z,washer,8
2CTX,2024-08-20T18:32:39.000Z,washer,8
2CTX,2024-08-20T18:29:03.000Z,washer,18
2CTX,2024-08-20T15:01:06.000Z,washer,18
2CTX,2024-08-20T13:06:36.000Z,washer,18
2CTX,2024-08-20T11:42:02.000Z,washer,18
2CTX,2024-08-20T10:29:23.000Z,washer,18
2CTX,2024-08-20T10:09:39.000Z,washer,8
2CTX,2024-08-20T08:36:26.000Z,washer,18
2CTX,2024-08-20T06:00:44.000Z,washer,18
2CTX,2024-08-19T19:58:47.000Z,washer,18
2CTX,2024-08-19T15:35:59.000Z,washer,18
2CTX,2024-08-19T13:56:48.000Z,washer,8
2CTX,2024-08-19T12:48:56.000Z,washer,8
2CTX,2024-08-19T09:05:31.000Z,washer,18
2CTX,2024-08-18T18:00:09.000Z,washer,18
2CTX,2024-08-18T15:50:39.000Z,washer,18
2CTX,2024-08-18T14:56:07.000Z,washer,18
2CTX,2024-08-18T14:49:46.000Z,washer,8
2CTX,2024-08-18T12:51:09.000Z,washer,18
2CTX,2024-08-18T12:07:15.000Z,washer,18
2CTX,2024-08-17T23:37:17.000Z,washer,18
2CTX,2024-08-17T19:37:04.000Z,washer,8
2CTX,2024-08-17T17:00:57.000Z,washer,18
2CTX,2024-08-17T14:40:30.000Z,washer,18
2CTX,2024-08-17T13:08:08.000Z,washer,18
2CTX,2024-08-17T11:53:04.000Z,washer,18
2CTX,2024-08-17T10:38:13.000Z,washer,8
2CTX,2024-08-17T10:22:48.000Z,washer,18
2CTX,2024-08-17T09:59:00.000Z,washer,8
2CTX,2024-08-17T09:36:29.000Z,washer,18
2CTX,2024-08-17T07:31:23.000Z,washer,18
2CTX,2024-08-16T18:53:26.000Z,washer,18
2CTX,2024-08-16T16:22:44.000Z,washer,18
2CTX,2024-08-16T14:54:14.000Z,washer,8
2CTX,2024-08-16T13:55:37.000Z,washer,18
2CTX,2024-08-16T13:38:45.000Z,washer,8
2CTX,2024-08-16T11:27:10.000Z,washer,18
2CTX,2024-08-16T07:47:10.000Z,washer,18
2CTX,2024-08-15T19:44:53.000Z,washer,8
2CTX,2024-08-15T19:13:07.000Z,washer,18
2CTX,2024-08-15T18:26:59.000Z,washer,18
2CTX,2024-08-15T16:44:11.000Z,washer,8
2CTX,2024-08-15T15:22:27.000Z,washer,8
2CTX,2024-08-15T15:15:34.000Z,washer,18
2CTX,2024-08-15T14:07:15.000Z,washer,8
2CTX,2024-08-15T13:48:19.000Z,washer,18
2CTX,2024-08-15T09:57:50.000Z,washer,18
2CTX,2024-08-15T09:41:40.000Z,washer,8
2CTX,2024-08-15T06:54:41.000Z,washer,8
2CTX,2024-08-15T06:53:33.000Z,washer,18
2CTX,2024-08-14T18:09:45.000Z,washer,18
2CTX,2024-08-14T17:14:32.000Z,washer,8
2CTX,2024-08-14T16:06:15.000Z,washer,8
2CTX,2024-08-14T14:37:26.000Z,washer,18
2CTX,2024-08-14T09:37:58.000Z,washer,8
2CTX,2024-08-14T09:36:44.000Z,washer,18
2CTX,2024-08-13T13:54:05.000Z,washer,8
2CTX,2024-08-13T13:52:48.000Z,washer,18
2CTX,2024-08-13T13:06:32.000Z,washer,8
2CTX,2024-08-13T12:22:10.000Z,washer,18
2CTX,2024-08-13T11:17:11.000Z,washer,8
2CTX,2024-08-13T09:29:17.000Z,washer,18
2CTX,2024-08-13T08:44:56.000Z,washer,18
2CTX,2024-08-12T11:26:07.000Z,washer,18
2CTX,2024-08-12T08:06:36.000Z,washer,18
2CTX,2024-08-12T07:08:15.000Z,washer,8
2CTX,2024-08-12T07:07:01.000Z,washer,18
2CTX,2024-08-11T18:58:15.000Z,washer,8
2CTX,2024-08-11T16:45:20.000Z,washer,18
2CTX,2024-08-11T15:11:33.000Z,washer,18
2CTX,2024-08-11T14:44:28.000Z,washer,8
2CTX,2024-08-11T11:56:57.000Z,washer,18
2CTX,2024-08-11T11:44:20.000Z,washer,8
2CTX,2024-08-11T11:11:35.000Z,washer,18
2CTX,2024-08-11T11:05:29.000Z,washer,8
2CTX,2024-08-11T10:23:01.000Z,washer,18
2CTX,2024-08-11T08:54:23.000Z,washer,8
2CTX,2024-08-11T07:03:22.000Z,washer,18
2CTX,2024-08-11T06:52:42.000Z,washer,8
2CTX,2024-08-10T17:11:04.000Z,washer,8
2CTX,2024-08-10T15:29:58.000Z,washer,18
2CTX,2024-08-10T12:37:33.000Z,washer,18
2CTX,2024-08-10T12:15:47.000Z,washer,8
2CTX,2024-08-10T11:36:15.000Z,washer,8
2CTX,2024-08-10T11:00:55.000Z,washer,18
2CTX,2024-08-10T09:25:14.000Z,washer,8
2CTX,2024-08-10T09:10:21.000Z,washer,18
2CTX,2024-08-10T07:48:24.000Z,washer,8
2CTX,2024-08-10T07:02:10.000Z,washer,8
2CTX,2024-08-10T07:00:43.000Z,washer,18
2CTX,2024-08-09T17:21:25.000Z,washer,18
2CTX,2024-08-09T15:21:18.000Z,washer,18
2CTX,2024-08-09T15:19:39.000Z,washer,8
2CTX,2024-08-09T14:21:27.000Z,washer,8
2CTX,2024-08-09T13:33:39.000Z,washer,18
2CTX,2024-08-09T10:46:40.000Z,washer,8
2CTX,2024-08-09T10:26:26.000Z,washer,18
2CTX,2024-08-09T10:05:26.000Z,washer,8
2CTX,2024-08-09T02:21:06.000Z,washer,8
2CTX,2024-08-08T18:41:13.000Z,washer,18
2CTX,2024-08-08T17:55:48.000Z,washer,8
2CTX,2024-08-08T17:51:54.000Z,washer,18
2CTX,2024-08-08T17:17:10.000Z,washer,8
2CTX,2024-08-08T17:08:00.000Z,washer,18
2CTX,2024-08-08T14:31:07.000Z,washer,18
2CTX,2024-08-08T10:44:05.000Z,washer,18
2CTX,2024-08-07T19:46:56.000Z,washer,8
2CTX,2024-08-07T19:09:16.000Z,washer,8
2CTX,2024-08-07T14:01:26.000Z,washer,8
2CTX,2024-08-07T11:47:57.000Z,washer,18
2CTX,2024-08-07T10:58:51.000Z,washer,18
2CTX,2024-08-07T10:20:42.000Z,washer,8
2CTX,2024-08-06T15:44:46.000Z,washer,18
2CTX,2024-08-06T14:09:50.000Z,washer,18
2CTX,2024-08-06T13:27:28.000Z,washer,8
2CTX,2024-08-06T12:43:08.000Z,washer,8
2CTX,2024-08-06T12:41:31.000Z,washer,18
2CTX,2024-08-06T10:13:28.000Z,washer,8
2CTX,2024-08-06T09:50:43.000Z,washer,18
2CTX,2024-08-06T08:35:07.000Z,washer,8
2CTX,2024-08-06T08:33:39.000Z,washer,18
2CTX,2024-08-06T07:02:23.000Z,washer,18
2CTX,2024-08-05T17:44:00.000Z,washer,18
2CTX,2024-08-05T15:28:10.000Z,washer,8
2CTX,2024-08-05T15:27:06.000Z,washer,18
2CTX,2024-08-05T14:47:51.000Z,washer,8
2CTX,2024-08-05T14:41:17.000Z,washer,18
2CTX,2024-08-05T12:02:39.000Z,washer,18
2CTX,2024-08-04T20:43:27.000Z,washer,18
2CTX,2024-08-04T20:00:08.000Z,washer,18
2CTX,2024-08-04T17:06:53.000Z,washer,18
2CTX,2024-08-04T16:45:29.000Z,washer,8
2CTX,2024-08-04T14:09:29.000Z,washer,8
2CTX,2024-08-04T06:50:49.000Z,washer,8
2CTX,2024-08-04T04:58:24.000Z,washer,18
2CTX,2024-08-03T20:52:20.000Z,washer,18
2CTX,2024-08-03T19:44:12.000Z,washer,18
2CTX,2024-08-03T19:22:18.000Z,washer,8
2CTX,2024-08-03T18:57:57.000Z,washer,18
2CTX,2024-08-03T18:27:58.000Z,washer,8
2CTX,2024-08-03T18:03:41.000Z,washer,18
2CTX,2024-08-03T15:58:46.000Z,washer,8
2CTX,2024-08-03T07:53:00.000Z,washer,18
2CTX,2024-08-03T07:06:27.000Z,washer,18
2CTX,2024-08-02T20:28:05.000Z,washer,18
2CTX,2024-08-02T20:27:00.000Z,washer,8
2CTX,2024-08-02T18:45:47.000Z,washer,18
2CTX,2024-08-02T16:35:38.000Z,washer,8
2CTX,2024-08-02T13:25:51.000Z,washer,18
2CTX,2024-08-02T13:00:56.000Z,washer,8
2CTX,2024-08-02T12:08:30.000Z,washer,8
2CTX,2024-08-02T11:51:38.000Z,washer,18
2CTX,2024-08-02T10:09:24.000Z,washer,18
2CTX,2024-08-02T10:08:16.000Z,washer,8
2CTX,2024-08-02T08:42:25.000Z,washer,8
2CTX,2024-08-02T08:40:18.000Z,washer,18
2CTX,2024-08-01T17:37:20.000Z,washer,18
2CTX,2024-08-01T13:25:23.000Z,washer,8
2CTX,2024-08-01T11:45:37.000Z,washer,18
2CTX,2024-08-01T08:59:32.000Z,washer,18
2CTX,2024-08-01T07:24:09.000Z,washer,8
2CTX,2024-07-31T22:37:41.000Z,washer,8
2CTX,2024-07-31T22:36:03.000Z,washer,18
2CTX,2024-07-31T20:39:34.000Z,washer,18
2CTX,2024-07-31T20:36:09.000Z,washer,8
2CTX,2024-07-31T18:27:49.000Z,washer,18
2CTX,2024-07-31T09:04:45.000Z,washer,18
2CTX,2024-07-31T08:20:23.000Z,washer,18
2CTX,2024-07-30T20:49:36.000Z,washer,18
2CTX,2024-07-30T16:18:08.000Z,washer,18
2CTX,2024-07-30T14:23:29.000Z,washer,18
2CTX,2024-07-30T11:21:27.000Z,washer,8
2CTX,2024-07-30T08:38:59.000Z,washer,18
2CTX,2024-07-29T16:43:44.000Z,washer,18
2CTX,2024-07-29T14:15:50.000Z,washer,18
2CTX,2024-07-29T13:36:16.000Z,washer,8
2CTX,2024-07-29T12:45:34.000Z,washer,18
2CTX,2024-07-29T09:58:52.000Z,washer,18
2CTX,2024-07-28T19:42:28.000Z,washer,8
2CTX,2024-07-28T19:13:47.000Z,washer,18
2CTX,2024-07-28T17:21:09.000Z,washer,18
2CTX,2024-07-28T16:11:47.000Z,washer,8
2CTX,2024-07-28T14:17:46.000Z,washer,8
2CTX,2024-07-28T13:26:41.000Z,washer,18
2CTX,2024-07-28T12:50:25.000Z,washer,8
2CTX,2024-07-28T12:40:26.000Z,washer,18
2CTX,2024-07-27T17:16:35.000Z,washer,18
2CTX,2024-07-27T11:40:12.000Z,washer,18
2CTX,2024-07-27T10:53:23.000Z,washer,18
2CTX,2024-07-27T10:06:30.000Z,washer,18
2CTX,2024-07-27T09:14:23.000Z,washer,18
2CTX,2024-07-26T21:52:10.000Z,washer,8
2CTX,2024-07-26T19:32:57.000Z,washer,18
2CTX,2024-07-26T18:19:01.000Z,washer,18
2CTX,2024-07-26T17:32:18.000Z,washer,18
2CTX,2024-07-26T14:09:25.000Z,washer,18
2CTX,2024-07-26T13:12:54.000Z,washer,18
2CTX,2024-07-26T11:17:49.000Z,washer,18
2CTX,2024-07-26T09:22:05.000Z,washer,18
2CTX,2024-07-26T08:31:40.000Z,washer,18
2CTX,2024-07-26T07:38:30.000Z,washer,8
2CTX,2024-07-25T21:11:30.000Z,washer,18
2CTX,2024-07-25T20:17:38.000Z,washer,18
2CTX,2024-07-25T15:30:52.000Z,washer,18
2CTX,2024-07-25T14:25:05.000Z,washer,18
2CTX,2024-07-25T07:12:10.000Z,washer,8
2CTX,2024-07-24T14:34:46.000Z,washer,18
2CTX,2024-07-24T14:32:48.000Z,washer,8
2CTX,2024-07-24T13:35:51.000Z,washer,18
2CTX,2024-07-24T11:13:53.000Z,washer,18
2CTX,2024-07-24T07:43:18.000Z,washer,18
2CTX,2024-07-23T23:10:14.000Z,washer,18
2CTX,2024-07-23T22:04:33.000Z,washer,18
2CTX,2024-07-23T15:39:34.000Z,washer,8
2CTX,2024-07-23T15:27:19.000Z,washer,18
2CTX,2024-07-23T12:06:38.000Z,washer,8
2CTX,2024-07-23T09:59:52.000Z,washer,18
2CTX,2024-07-23T09:05:21.000Z,washer,8
2CTX,2024-07-22T17:14:54.000Z,washer,18
2CTX,2024-07-22T11:30:57.000Z,washer,18
2CTX,2024-07-22T10:36:02.000Z,washer,18
2CTX,2024-07-22T08:31:42.000Z,washer,18
2CTX,2024-07-22T00:00:20.000Z,washer,18
2CTX,2024-07-21T17:59:40.000Z,washer,18
2CTX,2024-07-21T13:40:31.000Z,washer,18
2CTX,2024-07-21T13:22:51.000Z,washer,8
2CTX,2024-07-21T12:53:18.000Z,washer,18
2CTX,2024-07-21T11:52:50.000Z,washer,18
2CTX,2024-07-21T11:51:24.000Z,washer,8
2CTX,2024-07-21T10:59:04.000Z,washer,18
2CTX,2024-07-20T21:46:35.000Z,washer,8
2CTX,2024-07-20T21:45:24.000Z,washer,18
2CTX,2024-07-20T20:49:01.000Z,washer,18
2CTX,2024-07-20T17:12:16.000Z,washer,18
2CTX,2024-07-20T14:29:37.000Z,washer,8
2CTX,2024-07-20T13:29:16.000Z,washer,8
2CTX,2024-07-20T13:21:32.000Z,washer,18
2CTX,2024-07-20T12:33:41.000Z,washer,18
2CTX,2024-07-20T11:48:16.000Z,washer,18
2CTX,2024-07-20T11:01:46.000Z,washer,18
2CTX,2024-07-20T10:11:44.000Z,washer,18
2CTX,2024-07-20T09:21:55.000Z,washer,18
2CTX,2024-07-20T08:02:03.000Z,washer,18
2CTX,2024-07-19T17:33:21.000Z,washer,18
2CTX,2024-07-19T16:42:38.000Z,washer,18
2CTX,2024-07-19T15:20:37.000Z,washer,8
2CTX,2024-07-19T11:33:52.000Z,washer,8
2CTX,2024-07-19T10:18:43.000Z,washer,18
2CTX,2024-07-19T09:28:00.000Z,washer,18
2CTX,2024-07-19T08:52:36.000Z,washer,8
2CTX,2024-07-19T07:47:36.000Z,washer,8
2CTX,2024-07-19T07:46:39.000Z,washer,18
2CTX,2024-07-19T07:01:48.000Z,washer,8
2CTX,2024-07-18T18:23:18.000Z,washer,8
2CTX,2024-07-18T12:24:42.000Z,washer,18
2CTX,2024-07-18T11:32:06.000Z,washer,18
2CTX,2024-07-18T11:11:56.000Z,washer,8
2CTX,2024-07-18T09:46:19.000Z,washer,18
2CTX,2024-07-18T08:51:39.000Z,washer,18
2CTX,2024-07-18T08:48:46.000Z,washer,8
2CTX,2024-07-17T22:29:03.000Z,washer,18
2CTX,2024-07-17T21:42:29.000Z,washer,8
2CTX,2024-07-17T12:45:07.000Z,washer,18
2CTX,2024-07-17T10:16:54.000Z,washer,18
2CTX,2024-07-16T19:21:40.000Z,washer,8
2CTX,2024-07-16T17:05:52.000Z,washer,18
2CTX,2024-07-16T13:32:54.000Z,washer,18
2CTX,2024-07-16T10:08:51.000Z,washer,18
2CTX,2024-07-16T09:12:13.000Z,washer,18
2CTX,2024-07-16T08:35:14.000Z,washer,8
2CTX,2024-07-16T08:26:19.000Z,washer,18
2CTX,2024-07-16T07:54:07.000Z,washer,8
2CTX,2024-07-15T15:54:34.000Z,washer,18
2CTX,2024-07-15T14:52:46.000Z,washer,18
2CTX,2024-07-15T13:50:56.000Z,washer,18
2CTX,2024-07-15T13:29:01.000Z,washer,8
2CTX,2024-07-15T12:38:48.000Z,washer,18
2CTX,2024-07-15T11:04:39.000Z,washer,8
2CTX,2024-07-15T09:34:37.000Z,washer,8
2CTX,2024-07-14T18:25:27.000Z,washer,18
2CTX,2024-07-14T17:26:11.000Z,washer,8
2CTX,2024-07-14T16:03:05.000Z,washer,18
2CTX,2024-07-14T15:14:41.000Z,washer,8
2CTX,2024-07-14T15:09:30.000Z,washer,18
2CTX,2024-07-14T14:00:14.000Z,washer,18
2CTX,2024-07-14T12:04:05.000Z,washer,18
2CTX,2024-07-14T11:15:22.000Z,washer,8
2CTX,2024-07-14T10:49:56.000Z,washer,18
2CTX,2024-07-14T09:53:06.000Z,washer,18
2CTX,2024-07-14T08:52:25.000Z,washer,8
2CTX,2024-07-14T08:35:52.000Z,washer,18
2CTX,2024-07-14T07:33:13.000Z,washer,18
2CTX,2024-07-13T19:02:17.000Z,washer,8
2CTX,2024-07-13T16:53:21.000Z,washer,18
2CTX,2024-07-13T13:47:48.000Z,washer,8
2CTX,2024-07-13T13:20:02.000Z,washer,18
2CTX,2024-07-13T13:09:34.000Z,washer,8
2CTX,2024-07-13T06:49:34.000Z,washer,18
2CTX,2024-07-12T17:49:02.000Z,washer,8
2CTX,2024-07-12T17:38:54.000Z,washer,18
2CTX,2024-07-12T16:54:32.000Z,washer,18
2CTX,2024-07-12T16:34:06.000Z,washer,8
2CTX,2024-07-12T16:04:22.000Z,washer,18
2CTX,2024-07-12T13:36:22.000Z,washer,8
2CTX,2024-07-12T11:30:17.000Z,washer,18
2CTX,2024-07-12T10:47:12.000Z,washer,18
2CTX,2024-07-12T10:42:49.000Z,washer,8
2CTX,2024-07-12T08:12:01.000Z,washer,18
2CTX,2024-07-11T17:15:52.000Z,washer,18
2CTX,2024-07-11T15:26:13.000Z,washer,18
2CTX,2024-07-11T12:49:24.000Z,washer,18
2CTX,2024-07-11T11:11:27.000Z,washer,18
2CTX,2024-07-11T09:53:36.000Z,washer,18
2CTX,2024-07-10T19:24:45.000Z,washer,18
2CTX,2024-07-10T16:07:05.000Z,washer,18
2CTX,2024-07-10T14:47:37.000Z,washer,8
2CTX,2024-07-09T20:08:09.000Z,washer,18
2CTX,2024-07-09T19:04:53.000Z,washer,18
2CTX,2024-07-09T18:59:46.000Z,washer,8
2CTX,2024-07-09T18:16:21.000Z,washer,8
2CTX,2024-07-09T16:23:42.000Z,washer,18
2CTX,2024-07-09T14:08:36.000Z,washer,8
2CTX,2024-07-09T12:52:51.000Z,washer,18
2CTX,2024-07-09T09:50:42.000Z,washer,18
2CTX,2024-07-08T22:43:24.000Z,washer,18
2CTX,2024-07-08T21:59:18.000Z,washer,18
2CTX,2024-07-08T16:53:28.000Z,washer,8
2CTX,2024-07-08T15:47:06.000Z,washer,8
2CTX,2024-07-08T14:21:36.000Z,washer,18
2CTX,2024-07-08T13:00:06.000Z,washer,18
2CTX,2024-07-08T11:29:28.000Z,washer,18
2CTX,2024-07-07T21:56:04.000Z,washer,8
2CTX,2024-07-07T21:55:07.000Z,washer,18
2CTX,2024-07-07T16:21:21.000Z,washer,18
2CTX,2024-07-07T15:07:03.000Z,washer,18
2CTX,2024-07-07T14:55:20.000Z,washer,8
2CTX,2024-07-07T14:14:20.000Z,washer,18
2CTX,2024-07-07T12:14:00.000Z,washer,8
2CTX,2024-07-07T11:23:10.000Z,washer,8
2CTX,2024-07-07T09:11:27.000Z,washer,8
2CTX,2024-07-07T06:32:03.000Z,washer,8
2CTX,2024-07-07T06:29:36.000Z,washer,18
2CTX,2024-07-06T20:28:08.000Z,washer,8
2CTX,2024-07-06T18:54:24.000Z,washer,18
2CTX,2024-07-06T18:09:13.000Z,washer,18
2CTX,2024-07-06T17:18:59.000Z,washer,18
2CTX,2024-07-06T16:21:51.000Z,washer,8
2CTX,2024-07-06T15:43:09.000Z,washer,8
2CTX,2024-07-06T11:32:14.000Z,washer,8
2CTX,2024-07-06T11:17:28.000Z,washer,18
2CTX,2024-07-06T10:37:51.000Z,washer,8
2CTX,2024-07-06T08:44:45.000Z,washer,18
2CTX,2024-07-06T07:27:27.000Z,washer,8
2CTX,2024-07-06T06:06:34.000Z,washer,18
2CTX,2024-07-05T23:46:33.000Z,washer,8
2CTX,2024-07-05T18:19:37.000Z,washer,18
2CTX,2024-07-05T17:42:14.000Z,washer,8
2CTX,2024-07-05T14:41:39.000Z,washer,18
2CTX,2024-07-05T12:02:39.000Z,washer,8
2CTX,2024-07-05T11:28:10.000Z,washer,18
2CTX,2024-07-05T11:16:45.000Z,washer,8
2CTX,2024-07-05T10:55:39.000Z,washer,18
2CTX,2024-07-04T19:54:51.000Z,washer,8
2CTX,2024-07-04T19:15:50.000Z,washer,8
2CTX,2024-07-04T19:14:17.000Z,washer,18
2CTX,2024-07-04T18:07:18.000Z,washer,8
2CTX,2024-07-04T15:55:12.000Z,washer,8
2CTX,2024-07-04T15:32:58.000Z,washer,18
2CTX,2024-07-04T14:21:06.000Z,washer,18
2CTX,2024-07-04T13:05:42.000Z,washer,18
2CTX,2024-07-03T19:46:55.000Z,washer,8
2CTX,2024-07-03T19:42:42.000Z,washer,18
2CTX,2024-07-03T16:08:34.000Z,washer,18
2CTX,2024-07-03T11:51:09.000Z,washer,18
2CTX,2024-07-03T11:04:42.000Z,washer,18
2CTX,2024-07-03T10:51:58.000Z,washer,8
2CTX,2024-07-03T07:21:36.000Z,washer,8
2CTX,2024-07-03T07:16:21.000Z,washer,18
2CTX,2024-07-02T14:46:35.000Z,washer,8
2CTX,2024-07-02T12:29:43.000Z,washer,18
2CTX,2024-07-02T11:20:04.000Z,washer,8
2CTX,2024-07-02T08:31:58.000Z,washer,8
2CTX,2024-07-02T07:31:47.000Z,washer,8
2CTX,2024-07-02T07:30:52.000Z,washer,18
2CTX,2024-07-01T20:29:55.000Z,washer,18
2CTX,2024-07-01T18:26:15.000Z,washer,8
2CTX,2024-07-01T18:17:03.000Z,washer,18
2CTX,2024-07-01T16:54:02.000Z,washer,18
2CTX,2024-07-01T14:37:52.000Z,washer,18
2CTX,2024-07-01T13:15:12.000Z,washer,8
2CTX,2024-07-01T11:28:56.000Z,washer,18
2CTX,2024-06-30T19:11:48.000Z,washer,18
2CTX,2024-06-30T18:21:27.000Z,washer,18
2CTX,2024-06-30T17:19:24.000Z,washer,18
2CTX,2024-06-30T13:52:20.000Z,washer,8
2CTX,2024-06-30T12:44:20.000Z,washer,18
2CTX,2024-06-30T12:33:20.000Z,washer,8
2CTX,2024-06-30T10:32:34.000Z,washer,18
2CTX,2024-06-30T07:59:32.000Z,washer,18
2CTX,2024-06-29T19:28:46.000Z,washer,18
2CTX,2024-06-29T13:34:20.000Z,washer,8
2CTX,2024-06-29T13:31:19.000Z,washer,18
2CTX,2024-06-29T10:52:56.000Z,washer,18
2CTX,2024-06-29T08:08:54.000Z,washer,8
2CTX,2024-06-29T07:51:08.000Z,washer,18
2CTX,2024-06-28T17:32:13.000Z,washer,18
2CTX,2024-06-28T15:57:44.000Z,washer,18
2CTX,2024-06-28T15:56:13.000Z,washer,8
2CTX,2024-06-28T14:03:47.000Z,washer,8
2CTX,2024-06-28T14:02:13.000Z,washer,18
2CTX,2024-06-28T12:11:18.000Z,washer,8
2CTX,2024-06-28T11:44:49.000Z,washer,18
2CTX,2024-06-28T11:31:20.000Z,washer,8
2CTX,2024-06-28T09:20:40.000Z,washer,8
2CTX,2024-06-27T22:35:59.000Z,washer,8
2CTX,2024-06-27T21:16:16.000Z,washer,18
2CTX,2024-06-27T20:04:35.000Z,washer,18
2CTX,2024-06-27T19:12:39.000Z,washer,18
2CTX,2024-06-27T19:10:11.000Z,washer,8
2CTX,2024-06-27T17:22:03.000Z,washer,18
2CTX,2024-06-27T06:12:49.000Z,washer,8
2CTX,2024-06-27T06:10:26.000Z,washer,18
2CTX,2024-06-27T03:35:04.000Z,washer,18
2CTX,2024-06-26T17:48:22.000Z,washer,18
2CTX,2024-06-26T14:33:51.000Z,washer,18
2CTX,2024-06-26T13:00:52.000Z,washer,18
2CTX,2024-06-26T12:33:15.000Z,washer,8
2CTX,2024-06-26T11:46:58.000Z,washer,18
2CTX,2024-06-26T11:04:11.000Z,washer,18
2CTX,2024-06-26T09:19:24.000Z,washer,18
2CTX,2024-06-26T08:20:47.000Z,washer,18
2CTX,2024-06-25T15:19:29.000Z,washer,18
2CTX,2024-06-25T10:01:25.000Z,washer,18
2CTX,2024-06-24T18:38:19.000Z,washer,18
2CTX,2024-06-24T17:22:26.000Z,washer,18
2CTX,2024-06-24T16:32:08.000Z,washer,18
2CTX,2024-06-24T12:31:02.000Z,washer,18
2CTX,2024-06-24T08:59:28.000Z,washer,18
2CTX,2024-06-24T08:01:30.000Z,washer,18
2CTX,2024-06-24T07:15:50.000Z,washer,18
2CTX,2024-06-23T20:35:54.000Z,washer,18
2CTX,2024-06-23T14:28:59.000Z,washer,8
2CTX,2024-06-23T09:11:25.000Z,washer,18
2CTX,2024-06-22T21:57:58.000Z,washer,18
2CTX,2024-06-22T21:10:07.000Z,washer,18
2CTX,2024-06-22T20:15:35.000Z,washer,8
2CTX,2024-06-22T20:14:20.000Z,washer,18
2CTX,2024-06-22T17:07:48.000Z,washer,8
2CTX,2024-06-22T17:00:16.000Z,washer,18
2CTX,2024-06-22T16:16:52.000Z,washer,8
2CTX,2024-06-22T14:24:52.000Z,washer,8
2CTX,2024-06-22T12:49:13.000Z,washer,8
2CTX,2024-06-22T12:34:27.000Z,washer,18
2CTX,2024-06-22T11:47:43.000Z,washer,18
2CTX,2024-06-22T11:42:02.000Z,washer,8
2CTX,2024-06-22T10:47:32.000Z,washer,8
2CTX,2024-06-22T10:35:10.000Z,washer,18
2CTX,2024-06-22T08:35:48.000Z,washer,8
2CTX,2024-06-21T17:14:15.000Z,washer,18
2CTX,2024-06-21T15:12:34.000Z,washer,8
2CTX,2024-06-21T13:31:28.000Z,washer,8
2CTX,2024-06-21T10:37:40.000Z,washer,8
2CTX,2024-06-21T08:23:03.000Z,washer,8
2CTX,2024-06-21T07:41:39.000Z,washer,8
2CTX,2024-06-21T07:40:28.000Z,washer,18
2CTX,2024-06-20T19:58:52.000Z,washer,8
2CTX,2024-06-20T17:14:23.000Z,washer,18
2CTX,2024-06-20T14:47:03.000Z,washer,18
2CTX,2024-06-20T13:20:41.000Z,washer,18
2CTX,2024-06-20T11:12:37.000Z,washer,18
2CTX,2024-06-20T10:29:56.000Z,washer,18
2CTX,2024-06-20T09:32:22.000Z,washer,18
2CTX,2024-06-19T14:53:53.000Z,washer,18
2CTX,2024-06-19T14:09:38.000Z,washer,18
2CTX,2024-06-19T12:44:07.000Z,washer,18
2CTX,2024-06-19T08:50:43.000Z,washer,18
2CTX,2024-06-18T14:59:03.000Z,washer,8
2CTX,2024-06-18T14:55:31.000Z,washer,18
2CTX,2024-06-18T13:56:22.000Z,washer,18
2CTX,2024-06-18T11:35:24.000Z,washer,18
2CTX,2024-06-18T11:34:30.000Z,washer,8
2CTX,2024-06-18T08:57:53.000Z,washer,18
2CTX,2024-06-17T20:29:48.000Z,washer,18
2CTX,2024-06-17T19:42:25.000Z,washer,18
2CTX,2024-06-17T19:21:52.000Z,washer,8
2CTX,2024-06-17T18:26:17.000Z,washer,8
2CTX,2024-06-17T16:31:35.000Z,washer,18
2CTX,2024-06-17T14:58:12.000Z,washer,18
2CTX,2024-06-17T12:27:03.000Z,washer,18
2CTX,2024-06-16T18:21:23.000Z,washer,18
2CTX,2024-06-16T17:17:29.000Z,washer,8
2CTX,2024-06-16T16:55:46.000Z,washer,18
2CTX,2024-06-16T16:03:19.000Z,washer,18
2CTX,2024-06-16T15:18:37.000Z,washer,8
2CTX,2024-06-16T15:17:20.000Z,washer,18
2CTX,2024-06-16T12:04:22.000Z,washer,8
2CTX,2024-06-16T11:24:26.000Z,washer,18
2CTX,2024-06-16T09:06:02.000Z,washer,8
2CTX,2024-06-16T07:24:58.000Z,washer,18
2CTX,2024-06-15T22:49:57.000Z,washer,18
2CTX,2024-06-15T20:54:31.000Z,washer,8
2CTX,2024-06-15T20:53:05.000Z,washer,18
2CTX,2024-06-15T19:44:22.000Z,washer,18
2CTX,2024-06-15T19:22:29.000Z,washer,8
2CTX,2024-06-15T18:59:52.000Z,washer,18
2CTX,2024-06-15T18:44:39.000Z,washer,8
2CTX,2024-06-15T18:05:57.000Z,washer,8
2CTX,2024-06-15T17:55:18.000Z,washer,18
2CTX,2024-06-15T17:28:01.000Z,washer,8
2CTX,2024-06-15T17:03:28.000Z,washer,18
2CTX,2024-06-15T15:33:19.000Z,washer,8
2CTX,2024-06-15T13:41:53.000Z,washer,8
2CTX,2024-06-15T13:18:36.000Z,washer,18
2CTX,2024-06-15T12:32:51.000Z,washer,18
2CTX,2024-06-15T12:29:50.000Z,washer,8
2CTX,2024-06-15T11:46:35.000Z,washer,18
2CTX,2024-06-15T10:36:27.000Z,washer,18
2CTX,2024-06-15T10:34:24.000Z,washer,8
2CTX,2024-06-15T07:40:58.000Z,washer,18
2CTX,2024-06-14T18:56:34.000Z,washer,8
2CTX,2024-06-14T17:07:57.000Z,washer,18
2CTX,2024-06-14T15:25:48.000Z,washer,18
2CTX,2024-06-14T12:05:05.000Z,washer,18
2CTX,2024-06-14T11:57:27.000Z,washer,8
2CTX,2024-06-14T09:55:22.000Z,washer,8
2CTX,2024-06-14T09:54:22.000Z,washer,18
2CTX,2024-06-13T20:41:08.000Z,washer,8
2CTX,2024-06-13T19:13:19.000Z,washer,18
2CTX,2024-06-13T16:30:43.000Z,washer,18
2CTX,2024-06-13T15:31:15.000Z,washer,18
2CTX,2024-06-13T15:27:17.000Z,washer,8
2CTX,2024-06-13T13:43:43.000Z,washer,8
2CTX,2024-06-13T10:03:18.000Z,washer,18
2CTX,2024-06-13T09:01:22.000Z,washer,18
2CTX,2024-06-13T08:50:39.000Z,washer,8
2CTX,2024-06-12T19:59:17.000Z,washer,18
2CTX,2024-06-12T16:49:39.000Z,washer,18
2CTX,2024-06-12T15:12:34.000Z,washer,18
2CTX,2024-06-12T14:23:34.000Z,washer,18
2CTX,2024-06-11T17:56:13.000Z,washer,8
2CTX,2024-06-11T15:29:59.000Z,washer,18
2CTX,2024-06-11T14:48:27.000Z,washer,8
2CTX,2024-06-11T14:46:15.000Z,washer,18
2CTX,2024-06-11T12:55:49.000Z,washer,18
2CTX,2024-06-11T06:55:09.000Z,washer,18
2CTX,2024-06-10T10:22:33.000Z,washer,8
2CTX,2024-06-10T06:31:41.000Z,washer,8
2CTX,2024-06-10T06:30:38.000Z,washer,18
2CTX,2024-06-10T05:45:46.000Z,washer,8
2CTX,2024-06-10T05:44:50.000Z,washer,18
2CTX,2024-06-09T16:05:50.000Z,washer,18
2CTX,2024-06-09T15:19:10.000Z,washer,8
2CTX,2024-06-09T15:04:18.000Z,washer,18
2CTX,2024-06-09T12:46:21.000Z,washer,18
2CTX,2024-06-09T09:09:21.000Z,washer,18
2CTX,2024-06-08T17:47:48.000Z,washer,18
2CTX,2024-06-08T17:21:41.000Z,washer,8
2CTX,2024-06-08T16:50:38.000Z,washer,18
2CTX,2024-06-08T16:38:55.000Z,washer,8
2CTX,2024-06-08T15:14:47.000Z,washer,8
2CTX,2024-06-08T13:14:11.000Z,washer,8
2CTX,2024-06-08T09:23:42.000Z,washer,8
2CTX,2024-06-08T07:01:49.000Z,washer,18
2CTX,2024-06-08T07:00:57.000Z,washer,8
2CTX,2024-06-07T17:27:00.000Z,washer,18
2CTX,2024-06-07T15:52:33.000Z,washer,18
2CTX,2024-06-07T12:15:25.000Z,washer,8
2CTX,2024-06-07T11:49:38.000Z,washer,18
2CTX,2024-06-07T10:38:28.000Z,washer,8
2CTX,2024-06-07T09:00:38.000Z,washer,18
2CTX,2024-06-06T19:04:02.000Z,washer,18
2CTX,2024-06-06T16:22:32.000Z,washer,18
2CTX,2024-06-06T13:47:59.000Z,washer,8
2CTX,2024-06-06T09:56:29.000Z,washer,18
2CTX,2024-06-05T17:23:47.000Z,washer,8
2CTX,2024-06-05T17:22:44.000Z,washer,18
2CTX,2024-06-05T14:39:34.000Z,washer,18
2CTX,2024-06-05T10:44:32.000Z,washer,18
2CTX,2024-06-05T09:52:29.000Z,washer,18
2CTX,2024-06-05T08:37:20.000Z,washer,18
2CTX,2024-06-04T20:57:47.000Z,washer,8
2CTX,2024-06-04T20:32:33.000Z,washer,18
2CTX,2024-06-04T12:37:52.000Z,washer,18
2CTX,2024-06-04T11:20:17.000Z,washer,8
2CTX,2024-06-04T09:13:10.000Z,washer,18
2CTX,2024-06-03T21:33:37.000Z,washer,8
2CTX,2024-06-03T17:50:53.000Z,washer,18
2CTX,2024-06-03T16:20:33.000Z,washer,18
2CTX,2024-06-03T16:02:12.000Z,washer,8
2CTX,2024-06-03T14:42:22.000Z,washer,18
2CTX,2024-06-03T11:18:42.000Z,washer,18
2CTX,2024-06-03T10:39:22.000Z,washer,8
2CTX,2024-06-03T09:53:53.000Z,washer,18
2CTX,2024-06-03T09:51:46.000Z,washer,8
2CTX,2024-06-03T09:10:06.000Z,washer,8
2CTX,2024-06-03T09:09:10.000Z,washer,18
2CTX,2024-06-02T13:57:34.000Z,washer,18
2CTX,2024-06-02T13:41:14.000Z,washer,8
2CTX,2024-06-02T13:10:49.000Z,washer,18
2CTX,2024-06-02T12:18:30.000Z,washer,18
2CTX,2024-06-02T11:29:49.000Z,washer,18
2CTX,2024-06-01T18:42:40.000Z,washer,18
2CTX,2024-05-31T20:30:55.000Z,washer,18
2CTX,2024-05-31T18:01:11.000Z,washer,18
2CTX,2024-05-31T17:17:14.000Z,washer,18
2CTX,2024-05-31T15:18:12.000Z,washer,18
2CTX,2024-05-31T13:33:57.000Z,washer,18
2CTX,2024-05-31T11:51:14.000Z,washer,8
2CTX,2024-05-31T11:01:47.000Z,washer,18
2CTX,2024-05-31T08:59:21.000Z,washer,8
2CTX,2024-05-31T08:37:30.000Z,washer,18
2CTX,2024-05-30T20:50:19.000Z,washer,8
2CTX,2024-05-30T20:49:16.000Z,washer,18
2CTX,2024-05-30T19:14:40.000Z,washer,18
2CTX,2024-05-30T13:15:07.000Z,washer,18
2CTX,2024-05-30T11:41:55.000Z,washer,8
2CTX,2024-05-30T09:25:24.000Z,washer,18
2CTX,2024-05-29T08:42:01.000Z,washer,18
2CTX,2024-05-28T17:11:36.000Z,washer,8
2CTX,2024-05-28T17:08:52.000Z,washer,18
2CTX,2024-05-28T15:00:44.000Z,washer,18
2CTX,2024-05-28T14:16:45.000Z,washer,18
2CTX,2024-05-27T16:35:03.000Z,washer,8
2CTX,2024-05-27T16:07:43.000Z,washer,18
2CTX,2024-05-27T15:26:15.000Z,washer,8
2CTX,2024-05-27T11:35:38.000Z,washer,8
2CTX,2024-05-27T09:21:08.000Z,washer,8
2CTX,2024-05-27T07:13:55.000Z,washer,8
2CTX,2024-05-27T05:52:33.000Z,washer,8
2CTX,2024-05-26T18:24:17.000Z,washer,8
2CTX,2024-05-26T18:21:22.000Z,washer,18
2CTX,2024-05-26T17:27:53.000Z,washer,18
2CTX,2024-05-26T16:55:13.000Z,washer,8
2CTX,2024-05-26T15:42:43.000Z,washer,18
2CTX,2024-05-26T14:54:06.000Z,washer,18
2CTX,2024-05-26T12:33:12.000Z,washer,18
2CTX,2024-05-26T11:32:39.000Z,washer,18
2CTX,2024-05-26T09:25:27.000Z,washer,18
2CTX,2024-05-26T08:21:47.000Z,washer,8
2CTX,2024-05-25T19:11:29.000Z,washer,18
2CTX,2024-05-25T17:38:25.000Z,washer,18
2CTX,2024-05-25T12:41:53.000Z,washer,18
2CTX,2024-05-25T09:56:36.000Z,washer,8
2CTX,2024-05-24T20:17:26.000Z,washer,18
2CTX,2024-05-24T18:30:05.000Z,washer,18
2CTX,2024-05-24T14:30:13.000Z,washer,18
2CTX,2024-05-24T12:59:02.000Z,washer,18
2CTX,2024-05-24T12:22:48.000Z,washer,8
2CTX,2024-05-24T09:02:08.000Z,washer,18
2CTX,2024-05-24T08:07:43.000Z,washer,8
2CTX,2024-05-24T08:06:27.000Z,washer,18
2CTX,2024-05-23T18:51:37.000Z,washer,18
2CTX,2024-05-23T13:03:02.000Z,washer,8
2CTX,2024-05-23T08:23:25.000Z,washer,18
2CTX,2024-05-22T20:47:12.000Z,washer,18
2CTX,2024-05-22T20:01:53.000Z,washer,8
2CTX,2024-05-22T19:56:34.000Z,washer,18
2CTX,2024-05-22T17:30:52.000Z,washer,8
2CTX,2024-05-22T11:38:24.000Z,washer,8
2CTX,2024-05-22T09:49:31.000Z,washer,8
2CTX,2024-05-22T09:47:17.000Z,washer,18
2CTX,2024-05-21T19:27:47.000Z,washer,8
2CTX,2024-05-21T08:12:43.000Z,washer,18
2CTX,2024-05-20T19:40:20.000Z,washer,18
2CTX,2024-05-20T18:03:10.000Z,washer,8
2CTX,2024-05-20T15:30:33.000Z,washer,18
2CTX,2024-05-20T14:58:41.000Z,washer,18
2CTX,2024-05-19T20:34:43.000Z,washer,18
2CTX,2024-05-19T20:32:12.000Z,washer,8
2CTX,2024-05-19T17:27:54.000Z,washer,18
2CTX,2024-05-19T14:35:29.000Z,washer,8
2CTX,2024-05-19T12:21:45.000Z,washer,18
2CTX,2024-05-19T09:44:33.000Z,washer,18
2CTX,2024-05-19T06:45:15.000Z,washer,18
2CTX,2024-05-18T18:42:43.000Z,washer,8
2CTX,2024-05-18T14:34:23.000Z,washer,18
2CTX,2024-05-18T13:18:24.000Z,washer,18
2CTX,2024-05-18T13:12:03.000Z,washer,8
2CTX,2024-05-18T12:28:49.000Z,washer,18
2CTX,2024-05-18T12:26:31.000Z,washer,8
2CTX,2024-05-18T05:44:23.000Z,washer,8
2CTX,2024-05-17T21:28:56.000Z,washer,8
2CTX,2024-05-17T17:45:12.000Z,washer,18
2CTX,2024-05-17T15:58:53.000Z,washer,18
2CTX,2024-05-17T12:44:24.000Z,washer,18
2CTX,2024-05-17T08:32:34.000Z,washer,18
2CTX,2024-05-17T07:37:03.000Z,washer,18
2CTX,2024-05-17T06:53:11.000Z,washer,8
2CTX,2024-05-17T06:51:41.000Z,washer,18
2CTX,2024-05-16T17:31:46.000Z,washer,8
2CTX,2024-05-16T15:04:52.000Z,washer,18
2CTX,2024-05-16T12:21:50.000Z,washer,18
2CTX,2024-05-16T10:25:59.000Z,washer,8
2CTX,2024-05-16T08:23:08.000Z,washer,18
2CTX,2024-05-15T19:04:13.000Z,washer,8
2CTX,2024-05-15T19:03:05.000Z,washer,18
2CTX,2024-05-15T17:34:44.000Z,washer,8
2CTX,2024-05-15T17:06:54.000Z,washer,18
2CTX,2024-05-15T13:35:44.000Z,washer,18
2CTX,2024-05-14T18:43:14.000Z,washer,18
2CTX,2024-05-14T13:28:33.000Z,washer,18
2CTX,2024-05-14T11:40:27.000Z,washer,18
2CTX,2024-05-14T11:35:49.000Z,washer,8
2CTX,2024-05-13T12:59:55.000Z,washer,18
2CTX,2024-05-13T08:39:01.000Z,washer,18
2CTX,2024-05-13T08:26:14.000Z,washer,8
2CTX,2024-05-13T07:50:01.000Z,washer,18
2CTX,2024-05-12T16:39:30.000Z,washer,8
2CTX,2024-05-12T15:53:58.000Z,washer,18
2CTX,2024-05-12T15:51:15.000Z,washer,8
2CTX,2024-05-12T11:16:52.000Z,washer,18
2CTX,2024-05-12T10:47:21.000Z,washer,8
2CTX,2024-05-12T09:58:24.000Z,washer,18
2CTX,2024-05-12T07:36:51.000Z,washer,18
2CTX,2024-05-11T20:32:30.000Z,washer,18
2CTX,2024-05-11T19:35:18.000Z,washer,8
2CTX,2024-05-11T17:59:23.000Z,washer,18
2CTX,2024-05-11T11:26:03.000Z,washer,18
2CTX,2024-05-10T18:58:50.000Z,washer,18
2CTX,2024-05-10T17:18:09.000Z,washer,18
2CTX,2024-05-10T17:05:05.000Z,washer,8
2CTX,2024-05-10T14:49:42.000Z,washer,18
2CTX,2024-05-10T09:40:29.000Z,washer,18
2CTX,2024-05-10T09:24:18.000Z,washer,8
2CTX,2024-05-10T05:22:23.000Z,washer,8
2CTX,2024-05-10T05:18:10.000Z,washer,18
2CTX,2024-05-09T22:06:29.000Z,washer,18
2CTX,2024-05-09T21:16:14.000Z,washer,18
2CTX,2024-05-09T16:44:21.000Z,washer,18
2CTX,2024-05-09T14:34:43.000Z,washer,18
2CTX,2024-05-09T07:32:21.000Z,washer,18
2CTX,2024-05-09T07:31:11.000Z,washer,8
2CTX,2024-05-08T17:41:24.000Z,washer,18
2CTX,2024-05-08T15:59:51.000Z,washer,18
2CTX,2024-05-08T14:06:17.000Z,washer,8
2CTX,2024-05-08T10:11:18.000Z,washer,8
2CTX,2024-05-08T10:09:39.000Z,washer,18
2CTX,2024-05-08T09:59:39.000Z,washer,18
2CTX,2024-05-07T21:24:41.000Z,washer,8
2CTX,2024-05-07T21:23:19.000Z,washer,18
2CTX,2024-05-07T19:17:21.000Z,washer,18
2CTX,2024-05-07T12:46:02.000Z,washer,18
2CTX,2024-05-07T11:58:47.000Z,washer,18
2CTX,2024-05-07T09:12:46.000Z,washer,18
2CTX,2024-05-06T17:49:27.000Z,washer,18
2CTX,2024-05-06T14:06:51.000Z,washer,18
2CTX,2024-05-06T13:20:13.000Z,washer,18
2CTX,2024-05-06T11:05:32.000Z,washer,18
2CTX,2024-05-05T17:58:14.000Z,washer,18
2CTX,2024-05-05T15:18:45.000Z,washer,18
2CTX,2024-05-05T14:27:36.000Z,washer,18
2CTX,2024-05-05T12:18:45.000Z,washer,18
2CTX,2024-05-05T10:54:38.000Z,washer,18
2CTX,2024-05-05T08:19:38.000Z,washer,18
2CTX,2024-05-04T21:06:58.000Z,washer,18
2CTX,2024-05-04T19:14:29.000Z,washer,18
2CTX,2024-05-04T14:15:47.000Z,washer,8
2CTX,2024-05-04T13:16:50.000Z,washer,18
2CTX,2024-05-04T12:04:37.000Z,washer,18
2CTX,2024-05-04T08:15:14.000Z,washer,8
2CTX,2024-05-04T08:06:34.000Z,washer,18
2CTX,2024-05-03T18:09:49.000Z,washer,8
2CTX,2024-05-03T18:08:40.000Z,washer,18
2CTX,2024-05-03T17:16:23.000Z,washer,18
2CTX,2024-05-03T16:20:19.000Z,washer,8
2CTX,2024-05-03T15:55:49.000Z,washer,18
2CTX,2024-05-03T13:00:58.000Z,washer,18
2CTX,2024-05-03T10:36:51.000Z,washer,18
2CTX,2024-05-02T17:20:00.000Z,washer,8
2CTX,2024-05-02T16:40:41.000Z,washer,8
2CTX,2024-05-02T15:56:48.000Z,washer,8
2CTX,2024-05-02T14:50:11.000Z,washer,18
2CTX,2024-05-02T12:36:54.000Z,washer,8
2CTX,2024-05-02T12:35:23.000Z,washer,18
2CTX,2024-05-01T20:08:46.000Z,washer,8
2CTX,2024-05-01T20:06:39.000Z,washer,18
2CTX,2024-05-01T14:08:30.000Z,washer,18
2CTX,2024-05-01T13:03:18.000Z,washer,8
2CTX,2024-05-01T12:14:12.000Z,washer,8
2CTX,2024-05-01T11:35:14.000Z,washer,18
2CTX,2024-05-01T11:09:40.000Z,washer,8
2CTX,2024-05-01T09:34:42.000Z,washer,18
2CTX,2024-05-01T08:44:36.000Z,washer,18
2CTX,2024-05-01T07:50:29.000Z,washer,8
2CTX,2024-05-01T07:49:02.000Z,washer,18
2CTX,2024-05-01T06:59:10.000Z,washer,8
2CTX,2024-05-01T06:58:19.000Z,washer,18
2CTX,2024-04-30T18:45:19.000Z,washer,8
2CTX,2024-04-30T16:36:27.000Z,washer,18
2CTX,2024-04-30T16:29:45.000Z,washer,8
2CTX,2024-04-30T12:03:54.000Z,washer,18
2CTX,2024-04-30T10:22:25.000Z,washer,18
2CTX,2024-04-30T07:47:24.000Z,washer,8
2CTX,2024-04-29T17:00:07.000Z,washer,18
2CTX,2024-04-29T16:09:53.000Z,washer,18
2CTX,2024-04-29T16:08:12.000Z,washer,8
2CTX,2024-04-29T13:46:24.000Z,washer,18
2CTX,2024-04-29T10:49:05.000Z,washer,18
2CTX,2024-04-29T09:46:17.000Z,washer,8
2CTX,2024-04-28T15:44:51.000Z,washer,18
2CTX,2024-04-28T12:35:00.000Z,washer,18
2CTX,2024-04-27T11:50:53.000Z,washer,8
2CTX,2024-04-27T11:48:50.000Z,washer,18
2CTX,2024-04-27T11:10:01.000Z,washer,8
2CTX,2024-04-27T10:56:54.000Z,washer,18
2CTX,2024-04-27T09:55:36.000Z,washer,18
2CTX,2024-04-27T09:23:51.000Z,washer,8
2CTX,2024-04-27T07:57:07.000Z,washer,8
2CTX,2024-04-26T21:14:32.000Z,washer,18
2CTX,2024-04-26T20:21:45.000Z,washer,18
2CTX,2024-04-26T19:19:04.000Z,washer,18
2CTX,2024-04-26T16:05:56.000Z,washer,18
2CTX,2024-04-26T15:42:13.000Z,washer,8
2CTX,2024-04-26T14:07:21.000Z,washer,18
2CTX,2024-04-26T13:00:11.000Z,washer,8
2CTX,2024-04-26T10:23:41.000Z,washer,18
2CTX,2024-04-25T12:13:33.000Z,washer,18
2CTX,2024-04-25T08:54:12.000Z,washer,18
2CTX,2024-04-25T07:49:04.000Z,washer,8
2CTX,2024-04-24T19:25:42.000Z,washer,18
2CTX,2024-04-24T19:21:42.000Z,washer,8
2CTX,2024-04-24T16:57:39.000Z,washer,18
2CTX,2024-04-24T12:49:13.000Z,washer,18
2CTX,2024-04-24T11:52:01.000Z,washer,18
2CTX,2024-04-24T10:55:56.000Z,washer,8
2CTX,2024-04-24T10:06:26.000Z,washer,18
2CTX,2024-04-24T02:09:50.000Z,washer,18
2CTX,2024-04-23T19:19:59.000Z,washer,8
2CTX,2024-04-23T18:57:07.000Z,washer,18
2CTX,2024-04-23T18:15:04.000Z,washer,18
2CTX,2024-04-23T17:23:56.000Z,washer,18
2CTX,2024-04-23T11:30:16.000Z,washer,18
2CTX,2024-04-22T17:07:18.000Z,washer,8
2CTX,2024-04-22T14:57:49.000Z,washer,8
2CTX,2024-04-19T09:57:25.000Z,washer,8
2CTX,2024-04-19T06:38:27.000Z,washer,8
2CTX,2024-04-18T07:36:12.000Z,washer,18
2CTX,2024-04-17T17:19:20.000Z,washer,18
2CTX,2024-04-17T14:47:10.000Z,washer,8
2CTX,2024-04-17T12:52:51.000Z,washer,18
2CTX,2024-04-17T10:31:19.000Z,washer,8
2CTX,2024-04-17T08:52:56.000Z,washer,18
2CTX,2024-04-17T08:21:31.000Z,washer,8
2CTX,2024-04-16T17:15:28.000Z,washer,18
2CTX,2024-04-15T18:09:20.000Z,washer,18
2CTX,2024-04-15T16:18:32.000Z,washer,8
2CTX,2024-04-15T15:20:58.000Z,washer,8
2CTX,2024-04-15T15:18:44.000Z,washer,18
2CTX,2024-04-15T10:23:48.000Z,washer,18
2CTX,2024-04-15T08:20:34.000Z,washer,18
2CTX,2024-04-15T07:55:51.000Z,washer,8
2CTX,2024-04-14T19:02:02.000Z,washer,18
2CTX,2024-04-14T14:07:01.000Z,washer,18
2CTX,2024-04-14T13:04:59.000Z,washer,18
2CTX,2024-04-14T12:30:57.000Z,washer,8
2CTX,2024-04-14T12:08:20.000Z,washer,18
2CTX,2024-04-14T10:48:27.000Z,washer,18
2CTX,2024-04-14T08:14:04.000Z,washer,18
2CTX,2024-04-13T20:33:58.000Z,washer,8
2CTX,2024-04-13T19:04:58.000Z,washer,8
2CTX,2024-04-13T18:21:08.000Z,washer,18
2CTX,2024-04-13T17:14:34.000Z,washer,18
2CTX,2024-04-13T14:41:40.000Z,washer,18
2CTX,2024-04-13T13:54:30.000Z,washer,8
2CTX,2024-04-13T11:31:45.000Z,washer,18
2CTX,2024-04-13T10:23:26.000Z,washer,18
2CTX,2024-04-13T09:38:55.000Z,washer,18
2CTX,2024-04-12T20:09:58.000Z,washer,8
2CTX,2024-04-12T20:08:36.000Z,washer,18
2CTX,2024-04-12T19:18:04.000Z,washer,8
2CTX,2024-04-12T18:59:31.000Z,washer,18
2CTX,2024-04-12T17:41:59.000Z,washer,8
2CTX,2024-04-12T17:21:37.000Z,washer,18
2CTX,2024-04-12T16:38:01.000Z,washer,8
2CTX,2024-04-12T15:41:03.000Z,washer,18
2CTX,2024-04-12T14:55:30.000Z,washer,8
2CTX,2024-04-12T11:49:58.000Z,washer,18
2CTX,2024-04-12T11:47:58.000Z,washer,8
2CTX,2024-04-12T08:46:17.000Z,washer,18
2CTX,2024-04-12T06:43:12.000Z,washer,8
2CTX,2024-04-11T19:17:09.000Z,washer,18
2CTX,2024-04-11T17:46:18.000Z,washer,18
2CTX,2024-04-11T16:12:45.000Z,washer,18
2CTX,2024-04-11T15:09:57.000Z,washer,18
2CTX,2024-04-11T12:33:52.000Z,washer,8
2CTX,2024-04-10T20:04:49.000Z,washer,8
2CTX,2024-04-10T19:13:21.000Z,washer,8
2CTX,2024-04-10T16:34:45.000Z,washer,18
2CTX,2024-04-10T15:00:38.000Z,washer,18
2CTX,2024-04-10T14:28:19.000Z,washer,8
2CTX,2024-04-10T14:16:22.000Z,washer,18
2CTX,2024-04-10T12:29:41.000Z,washer,18
2CTX,2024-04-10T11:42:24.000Z,washer,18
2CTX,2024-04-10T10:53:44.000Z,washer,18
2CTX,2024-04-10T09:54:44.000Z,washer,18
2CTX,2024-04-10T08:49:05.000Z,washer,18
2CTX,2024-04-09T19:49:24.000Z,washer,8
2CTX,2024-04-09T19:48:30.000Z,washer,18
2CTX,2024-04-09T16:54:56.000Z,washer,18
2CTX,2024-04-08T19:46:34.000Z,washer,18
2CTX,2024-04-08T18:39:43.000Z,washer,18
2CTX,2024-04-08T17:36:24.000Z,washer,18
2CTX,2024-04-08T14:57:48.000Z,washer,18
2CTX,2024-04-08T09:14:16.000Z,washer,18
2CTX,2024-04-08T08:02:30.000Z,washer,8
2CTX,2024-04-08T08:01:21.000Z,washer,18
2CTX,2024-04-07T18:23:02.000Z,washer,18
2CTX,2024-04-07T11:41:15.000Z,washer,18
2CTX,2024-04-07T10:38:31.000Z,washer,8
2CTX,2024-04-07T10:16:34.000Z,washer,18
2CTX,2024-04-07T09:41:28.000Z,washer,8
2CTX,2024-04-07T07:35:19.000Z,washer,18
2CTX,2024-04-06T20:45:28.000Z,washer,8
2CTX,2024-04-06T19:39:00.000Z,washer,8
2CTX,2024-04-06T16:58:11.000Z,washer,18
2CTX,2024-04-06T15:55:51.000Z,washer,18
2CTX,2024-04-06T12:32:30.000Z,washer,8
2CTX,2024-04-06T12:30:20.000Z,washer,18
2CTX,2024-04-06T11:09:29.000Z,washer,18
2CTX,2024-04-06T11:04:37.000Z,washer,8
2CTX,2024-04-06T10:02:34.000Z,washer,18
2CTX,2024-04-06T07:08:29.000Z,washer,18
2CTX,2024-04-06T06:21:12.000Z,washer,18
2CTX,2024-04-05T20:04:44.000Z,washer,8
2CTX,2024-04-05T19:12:30.000Z,washer,18
2CTX,2024-04-05T18:24:41.000Z,washer,8
2CTX,2024-04-05T18:23:42.000Z,washer,18
2CTX,2024-04-05T15:20:26.000Z,washer,18
2CTX,2024-04-05T14:22:21.000Z,washer,18
2CTX,2024-04-05T13:45:50.000Z,washer,8
2CTX,2024-04-05T13:34:15.000Z,washer,18
2CTX,2024-04-05T12:48:47.000Z,washer,8
2CTX,2024-04-05T11:36:49.000Z,washer,8
2CTX,2024-04-05T10:32:18.000Z,washer,8
2CTX,2024-04-05T06:45:33.000Z,washer,8
2CTX,2024-04-04T16:41:21.000Z,washer,18
2CTX,2024-04-04T14:58:52.000Z,washer,8
2CTX,2024-04-04T14:54:42.000Z,washer,18
2CTX,2024-04-04T13:08:32.000Z,washer,8
2CTX,2024-04-04T12:16:57.000Z,washer,18
2CTX,2024-04-03T19:47:06.000Z,washer,18
2CTX,2024-04-03T17:21:17.000Z,washer,18
2CTX,2024-04-03T14:27:51.000Z,washer,18
2CTX,2024-04-03T08:42:38.000Z,washer,8
2CTX,2024-04-03T07:51:55.000Z,washer,18
2CTX,2024-04-02T23:16:24.000Z,washer,18
2CTX,2024-04-02T23:15:10.000Z,washer,8
2CTX,2024-04-02T22:17:00.000Z,washer,18
2CTX,2024-04-02T22:14:42.000Z,washer,8
2CTX,2024-04-02T11:17:34.000Z,washer,8
2CTX,2024-04-02T10:13:55.000Z,washer,18
2CTX,2024-04-02T09:24:14.000Z,washer,18
2CTX,2024-04-02T09:22:34.000Z,washer,8
2CTX,2024-04-02T08:25:54.000Z,washer,18
2CTX,2024-04-02T07:56:57.000Z,washer,8
2CTX,2024-04-01T19:16:09.000Z,washer,18
2CTX,2024-04-01T18:21:09.000Z,washer,18
2CTX,2024-04-01T17:34:58.000Z,washer,18
2CTX,2024-04-01T16:33:24.000Z,washer,18
2CTX,2024-04-01T13:55:27.000Z,washer,18
2CTX,2024-04-01T12:16:10.000Z,washer,8
2CTX,2024-04-01T08:11:08.000Z,washer,18
2CTX,2024-04-01T07:24:58.000Z,washer,18
2CTX,2024-03-31T18:19:30.000Z,washer,18
2CTX,2024-03-31T18:17:17.000Z,washer,8
2CTX,2024-03-31T17:23:11.000Z,washer,18
2CTX,2024-03-31T15:35:32.000Z,washer,18
2CTX,2024-03-31T14:39:04.000Z,washer,8
2CTX,2024-03-31T13:35:40.000Z,washer,8
2CTX,2024-03-31T13:29:30.000Z,washer,18
2CTX,2024-03-31T11:48:30.000Z,washer,18
2CTX,2024-03-31T11:24:58.000Z,washer,8
2CTX,2024-03-31T08:42:35.000Z,washer,18
2CTX,2024-03-30T16:45:04.000Z,washer,8
2CTX,2024-03-30T14:11:11.000Z,washer,18
2CTX,2024-03-30T10:11:55.000Z,washer,8
2CTX,2024-03-30T09:59:36.000Z,washer,18
2CTX,2024-03-30T07:25:57.000Z,washer,8
2CTX,2024-03-29T18:45:47.000Z,washer,8
2CTX,2024-03-29T17:05:04.000Z,washer,8
2CTX,2024-03-29T15:42:28.000Z,washer,18
2CTX,2024-03-29T14:40:41.000Z,washer,18
2CTX,2024-03-29T12:12:02.000Z,washer,8
2CTX,2024-03-29T10:29:30.000Z,washer,18
2CTX,2024-03-29T08:43:47.000Z,washer,18
2CTX,2024-03-29T07:58:19.000Z,washer,8
2CTX,2024-03-29T07:55:08.000Z,washer,18
2CTX,2024-03-28T21:29:32.000Z,washer,8
2CTX,2024-03-28T20:12:13.000Z,washer,18
2CTX,2024-03-28T17:51:36.000Z,washer,8
2CTX,2024-03-28T15:45:17.000Z,washer,18
2CTX,2024-03-27T22:37:08.000Z,washer,18
2CTX,2024-03-27T21:50:50.000Z,washer,18
2CTX,2024-03-27T18:30:10.000Z,washer,18
2CTX,2024-03-27T17:39:39.000Z,washer,8
2CTX,2024-03-27T11:23:45.000Z,washer,18
2CTX,2024-03-27T10:28:14.000Z,washer,18
2CTX,2024-03-27T08:32:04.000Z,washer,18
2CTX,2024-03-26T22:37:47.000Z,washer,8
2CTX,2024-03-26T16:49:00.000Z,washer,18
2CTX,2024-03-26T13:42:59.000Z,washer,18
2CTX,2024-03-26T12:59:04.000Z,washer,18
2CTX,2024-03-26T12:06:00.000Z,washer,18
2CTX,2024-03-26T11:16:35.000Z,washer,18
2CTX,2024-03-26T08:03:34.000Z,washer,18
2CTX,2024-03-25T18:08:16.000Z,washer,8
2CTX,2024-03-25T16:15:18.000Z,washer,8
2CTX,2024-03-25T15:26:39.000Z,washer,8
2CTX,2024-03-25T15:25:19.000Z,washer,18
2CTX,2024-03-24T18:25:30.000Z,washer,18
2CTX,2024-03-24T17:33:03.000Z,washer,18
2CTX,2024-03-24T16:42:16.000Z,washer,18
2CTX,2024-03-24T15:54:38.000Z,washer,8
2CTX,2024-03-24T12:45:06.000Z,washer,18
2CTX,2024-03-24T12:44:06.000Z,washer,8
2CTX,2024-03-24T11:24:59.000Z,washer,18
2CTX,2024-03-24T11:16:54.000Z,washer,8
2CTX,2024-03-23T19:50:03.000Z,washer,18
2CTX,2024-03-23T14:38:05.000Z,washer,8
2CTX,2024-03-23T13:49:01.000Z,washer,8
2CTX,2024-03-23T11:49:27.000Z,washer,8
2CTX,2024-03-23T09:53:39.000Z,washer,18
2CTX,2024-03-22T18:31:37.000Z,washer,18
2CTX,2024-03-22T17:31:29.000Z,washer,18
2CTX,2024-03-22T16:45:43.000Z,washer,18
2CTX,2024-03-22T15:59:34.000Z,washer,18
2CTX,2024-03-22T15:56:03.000Z,washer,8
2CTX,2024-03-22T15:15:41.000Z,washer,18
2CTX,2024-03-22T13:13:49.000Z,washer,18
2CTX,2024-03-22T13:08:31.000Z,washer,8
2CTX,2024-03-22T10:42:47.000Z,washer,18
2CTX,2024-03-22T09:40:55.000Z,washer,18
2CTX,2024-03-21T19:55:32.000Z,washer,18
2CTX,2024-03-21T19:14:43.000Z,washer,8
2CTX,2024-03-21T19:02:37.000Z,washer,18
2CTX,2024-03-21T12:04:02.000Z,washer,18
2CTX,2024-03-21T11:16:05.000Z,washer,18
2CTX,2024-03-21T09:22:28.000Z,washer,18
2CTX,2024-03-20T19:49:42.000Z,washer,18
2CTX,2024-03-20T19:06:45.000Z,washer,8
2CTX,2024-03-20T16:13:36.000Z,washer,8
2CTX,2024-03-20T15:42:50.000Z,washer,18
2CTX,2024-03-20T10:16:58.000Z,washer,18
2CTX,2024-03-19T19:56:46.000Z,washer,18
2CTX,2024-03-19T19:50:21.000Z,washer,8
2CTX,2024-03-19T19:09:21.000Z,washer,8
2CTX,2024-03-19T15:14:06.000Z,washer,8
2CTX,2024-03-19T14:24:28.000Z,washer,18
2CTX,2024-03-19T13:39:38.000Z,washer,18
2CTX,2024-03-19T13:37:04.000Z,washer,8
2CTX,2024-03-19T12:32:53.000Z,washer,18
2CTX,2024-03-19T10:24:53.000Z,washer,8
2CTX,2024-03-18T20:16:53.000Z,washer,18
2CTX,2024-03-18T12:33:35.000Z,washer,18
2CTX,2024-03-18T11:46:41.000Z,washer,18
2CTX,2024-03-18T10:44:11.000Z,washer,18
2CTX,2024-03-17T17:58:21.000Z,washer,18
2CTX,2024-03-17T16:58:04.000Z,washer,8
2CTX,2024-03-17T16:51:07.000Z,washer,18
2CTX,2024-03-17T14:14:38.000Z,washer,8
2CTX,2024-03-17T13:34:15.000Z,washer,8
2CTX,2024-03-17T13:32:58.000Z,washer,18
2CTX,2024-03-17T12:54:28.000Z,washer,8
2CTX,2024-03-17T09:41:32.000Z,washer,18
2CTX,2024-03-16T18:58:08.000Z,washer,18
2CTX,2024-03-16T18:55:43.000Z,washer,8
2CTX,2024-03-16T11:29:54.000Z,washer,8
2CTX,2024-03-16T10:57:12.000Z,washer,18
2CTX,2024-03-16T10:15:57.000Z,washer,8
2CTX,2024-03-16T09:21:54.000Z,washer,8
2CTX,2024-03-16T07:54:01.000Z,washer,8
2CTX,2024-03-16T00:14:20.000Z,washer,18
2CTX,2024-03-15T21:46:53.000Z,washer,8
2CTX,2024-03-15T21:45:14.000Z,washer,18
2CTX,2024-03-15T20:32:35.000Z,washer,18
2CTX,2024-03-15T20:31:25.000Z,washer,8
2CTX,2024-03-15T18:45:33.000Z,washer,18
2CTX,2024-03-15T17:52:04.000Z,washer,8
2CTX,2024-03-15T17:48:44.000Z,washer,18
2CTX,2024-03-15T16:59:09.000Z,washer,8
2CTX,2024-03-15T16:58:06.000Z,washer,18
2CTX,2024-03-15T15:48:49.000Z,washer,8
2CTX,2024-03-15T13:40:21.000Z,washer,18
2CTX,2024-03-15T10:25:38.000Z,washer,18
2CTX,2024-03-14T21:34:40.000Z,washer,8
2CTX,2024-03-14T21:24:40.000Z,washer,18
2CTX,2024-03-14T18:32:42.000Z,washer,18
2CTX,2024-03-14T18:04:31.000Z,washer,8
2CTX,2024-03-14T14:03:55.000Z,washer,18
2CTX,2024-03-14T11:16:33.000Z,washer,8
2CTX,2024-03-14T10:30:16.000Z,washer,8
2CTX,2024-03-14T10:27:41.000Z,washer,18
2CTX,2024-03-13T18:07:13.000Z,washer,8
2CTX,2024-03-12T16:13:15.000Z,washer,8
2CTX,2024-03-12T11:58:20.000Z,washer,8
2CTX,2024-03-12T09:56:59.000Z,washer,18
2CTX,2024-03-11T20:03:41.000Z,washer,18
2CTX,2024-03-11T16:39:15.000Z,washer,8
2CTX,2024-03-11T16:35:44.000Z,washer,18
2CTX,2024-03-11T11:15:17.000Z,washer,18
2CTX,2024-03-10T18:57:17.000Z,washer,18
2CTX,2024-03-10T17:25:35.000Z,washer,18
2CTX,2024-03-10T16:41:49.000Z,washer,18
2CTX,2024-03-10T16:34:43.000Z,washer,8
2CTX,2024-03-10T15:57:42.000Z,washer,18
2CTX,2024-03-10T15:11:24.000Z,washer,18
2CTX,2024-03-10T11:52:31.000Z,washer,8
2CTX,2024-03-10T11:51:34.000Z,washer,18
2CTX,2024-03-10T08:55:16.000Z,washer,8
2CTX,2024-03-09T19:53:32.000Z,washer,18
2CTX,2024-03-09T18:49:25.000Z,washer,18
2CTX,2024-03-09T18:44:34.000Z,washer,8
2CTX,2024-03-09T18:01:45.000Z,washer,18
2CTX,2024-03-09T17:58:49.000Z,washer,8
2CTX,2024-03-09T16:42:06.000Z,washer,18
2CTX,2024-03-09T16:40:19.000Z,washer,8
2CTX,2024-03-09T15:06:52.000Z,washer,18
2CTX,2024-03-09T14:23:26.000Z,washer,18
2CTX,2024-03-09T13:06:58.000Z,washer,18
2CTX,2024-03-09T12:54:36.000Z,washer,8
2CTX,2024-03-09T12:19:31.000Z,washer,18
2CTX,2024-03-09T12:15:19.000Z,washer,8
2CTX,2024-03-09T11:16:27.000Z,washer,18
2CTX,2024-03-09T09:47:05.000Z,washer,8
2CTX,2024-03-09T09:45:25.000Z,washer,18
2CTX,2024-03-09T08:08:37.000Z,washer,18
2CTX,2024-03-08T19:48:40.000Z,washer,8
2CTX,2024-03-08T19:47:27.000Z,washer,18
2CTX,2024-03-08T18:38:53.000Z,washer,8
2CTX,2024-03-08T18:36:02.000Z,washer,18
2CTX,2024-03-08T17:24:57.000Z,washer,8
2CTX,2024-03-08T16:45:51.000Z,washer,8
2CTX,2024-03-08T16:36:00.000Z,washer,18
2CTX,2024-03-08T11:09:47.000Z,washer,18
2CTX,2024-03-08T09:27:52.000Z,washer,18
2CTX,2024-03-08T07:34:58.000Z,washer,18
2CTX,2024-03-06T17:12:57.000Z,washer,18
2CTX,2024-03-06T16:15:15.000Z,washer,8
2CTX,2024-03-06T16:08:37.000Z,washer,18
2CTX,2024-03-06T14:37:26.000Z,washer,18
2CTX,2024-03-06T09:06:28.000Z,washer,8
2CTX,2024-03-05T17:44:11.000Z,washer,18
2CTX,2024-03-05T16:18:00.000Z,washer,18
2CTX,2024-03-05T09:04:07.000Z,washer,18
2CTX,2024-03-04T14:34:00.000Z,washer,8
2CTX,2024-03-04T13:46:58.000Z,washer,18
2CTX,2024-03-03T19:42:31.000Z,washer,18
2CTX,2024-03-03T18:56:24.000Z,washer,8
2CTX,2024-03-03T18:44:06.000Z,washer,18
2CTX,2024-03-03T17:39:09.000Z,washer,18
2CTX,2024-03-03T15:38:30.000Z,washer,18
2CTX,2024-03-03T15:07:11.000Z,washer,18
2CTX,2024-03-03T11:04:44.000Z,washer,18
2CTX,2024-03-03T09:50:38.000Z,washer,8
2CTX,2024-03-02T23:14:22.000Z,washer,18
2CTX,2024-03-02T22:26:57.000Z,washer,18
2CTX,2024-03-02T22:25:04.000Z,washer,8
2CTX,2024-03-02T21:02:59.000Z,washer,8
2CTX,2024-03-02T18:54:19.000Z,washer,18
2CTX,2024-03-02T18:08:48.000Z,washer,18
2CTX,2024-03-02T13:15:44.000Z,washer,18
2CTX,2024-03-02T11:36:34.000Z,washer,18
2CTX,2024-03-02T11:22:17.000Z,washer,8
2CTX,2024-03-02T10:14:55.000Z,washer,8
2CTX,2024-03-02T08:05:01.000Z,washer,8
2CTX,2024-03-01T22:12:07.000Z,washer,8
2CTX,2024-03-01T16:08:16.000Z,washer,18
2CTX,2024-03-01T07:52:13.000Z,washer,8
2CTX,2024-03-01T07:51:02.000Z,washer,18
2CTX,2024-02-29T12:58:32.000Z,washer,18
2CTX,2024-02-29T10:42:27.000Z,washer,8
2CTX,2024-02-27T18:17:28.000Z,washer,18
2CTX,2024-02-27T14:12:02.000Z,washer,8
2CTX,2024-02-27T12:53:42.000Z,washer,18
2CTX,2024-02-27T12:38:22.000Z,washer,8
2CTX,2024-02-27T11:18:27.000Z,washer,18
2CTX,2024-02-26T20:10:21.000Z,washer,18
2CTX,2024-02-26T12:25:13.000Z,washer,18
2CTX,2024-02-26T12:23:58.000Z,washer,8
2CTX,2024-02-25T18:51:21.000Z,washer,18
2CTX,2024-02-25T18:01:55.000Z,washer,8
2CTX,2024-02-25T18:00:16.000Z,washer,18
2CTX,2024-02-25T17:12:42.000Z,washer,18
2CTX,2024-02-25T15:50:26.000Z,washer,8
2CTX,2024-02-25T15:39:14.000Z,washer,18
2CTX,2024-02-25T13:47:20.000Z,washer,18
2CTX,2024-02-25T13:45:59.000Z,washer,8
2CTX,2024-02-25T12:13:32.000Z,washer,18
2CTX,2024-02-25T12:12:14.000Z,washer,8
2CTX,2024-02-24T21:14:11.000Z,washer,18
2CTX,2024-02-24T19:59:29.000Z,washer,18
2CTX,2024-02-24T19:04:56.000Z,washer,18
2CTX,2024-02-24T14:17:08.000Z,washer,18
2CTX,2024-02-24T13:29:15.000Z,washer,18
2CTX,2024-02-24T13:27:39.000Z,washer,8
2CTX,2024-02-24T08:06:11.000Z,washer,18
2CTX,2024-02-23T22:54:05.000Z,washer,18
2CTX,2024-02-23T20:06:35.000Z,washer,8
2CTX,2024-02-23T20:03:09.000Z,washer,18
2CTX,2024-02-23T18:34:09.000Z,washer,8
2CTX,2024-02-23T15:26:08.000Z,washer,18
2CTX,2024-02-23T13:35:55.000Z,washer,18
2CTX,2024-02-23T13:33:35.000Z,washer,8
2CTX,2024-02-23T11:04:14.000Z,washer,18
2CTX,2024-02-23T10:59:27.000Z,washer,8
2CTX,2024-02-23T10:16:14.000Z,washer,18
2CTX,2024-02-22T13:53:00.000Z,washer,8
2CTX,2024-02-22T12:22:24.000Z,washer,18
2CTX,2024-02-22T12:07:21.000Z,washer,8
2CTX,2024-02-22T08:30:45.000Z,washer,8
2CTX,2024-02-21T20:03:44.000Z,washer,18
2CTX,2024-02-21T15:50:13.000Z,washer,8
2CTX,2024-02-21T15:04:32.000Z,washer,18
2CTX,2024-02-21T13:01:48.000Z,washer,8
2CTX,2024-02-21T12:58:58.000Z,washer,18
2CTX,2024-02-21T11:06:39.000Z,washer,18
2CTX,2024-02-20T19:36:49.000Z,washer,8
2CTX,2024-02-20T10:09:30.000Z,washer,18
2CTX,2024-02-19T13:56:59.000Z,washer,18
2CTX,2024-02-19T09:15:57.000Z,washer,8
2CTX,2024-02-19T08:39:57.000Z,washer,18
2CTX,2024-02-18T19:12:51.000Z,washer,18
2CTX,2024-02-18T18:35:57.000Z,washer,18
2CTX,2024-02-18T18:32:24.000Z,washer,8
2CTX,2024-02-18T17:50:09.000Z,washer,8
2CTX,2024-02-18T17:49:05.000Z,washer,18
2CTX,2024-02-18T16:54:55.000Z,washer,18
2CTX,2024-02-18T16:40:31.000Z,washer,8
2CTX,2024-02-18T16:09:21.000Z,washer,18
2CTX,2024-02-18T15:16:56.000Z,washer,8
2CTX,2024-02-18T15:09:02.000Z,washer,18
2CTX,2024-02-18T14:33:51.000Z,washer,8
2CTX,2024-02-18T14:01:03.000Z,washer,18
2CTX,2024-02-18T13:12:40.000Z,washer,18
2CTX,2024-02-18T12:02:27.000Z,washer,18
2CTX,2024-02-17T20:01:44.000Z,washer,18
2CTX,2024-02-17T19:01:15.000Z,washer,8
2CTX,2024-02-17T17:01:13.000Z,washer,18
2CTX,2024-02-17T16:31:06.000Z,washer,8
2CTX,2024-02-17T15:38:49.000Z,washer,18
2CTX,2024-02-17T14:08:24.000Z,washer,8
2CTX,2024-02-17T12:20:12.000Z,washer,8
2CTX,2024-02-17T09:44:19.000Z,washer,18
2CTX,2024-02-17T07:56:44.000Z,washer,18
2CTX,2024-02-16T17:46:51.000Z,washer,18
2CTX,2024-02-16T17:32:27.000Z,washer,8
2CTX,2024-02-16T14:55:57.000Z,washer,18
2CTX,2024-02-16T14:47:20.000Z,washer,8
2CTX,2024-02-16T14:03:21.000Z,washer,8
2CTX,2024-02-16T12:13:30.000Z,washer,18
2CTX,2024-02-16T11:19:07.000Z,washer,18
2CTX,2024-02-16T08:46:43.000Z,washer,8
2CTX,2024-02-16T08:12:06.000Z,washer,18
2CTX,2024-02-15T21:33:08.000Z,washer,8
2CTX,2024-02-15T17:30:00.000Z,washer,18
2CTX,2024-02-15T15:32:29.000Z,washer,8
2CTX,2024-02-15T15:31:11.000Z,washer,18
2CTX,2024-02-15T12:42:37.000Z,washer,18
2CTX,2024-02-14T19:38:50.000Z,washer,8
2CTX,2024-02-14T17:52:45.000Z,washer,8
2CTX,2024-02-14T14:51:42.000Z,washer,18
2CTX,2024-02-14T14:01:23.000Z,washer,18
2CTX,2024-02-14T13:05:07.000Z,washer,18
2CTX,2024-02-14T11:22:15.000Z,washer,18
2CTX,2024-02-13T17:59:17.000Z,washer,8
2CTX,2024-02-10T18:11:12.000Z,washer,18
2CTX,2024-02-10T16:05:30.000Z,washer,18
2CTX,2024-02-10T15:22:18.000Z,washer,18
2CTX,2024-02-10T15:01:11.000Z,washer,8
2CTX,2024-02-09T17:12:08.000Z,washer,8
2CTX,2024-02-09T16:42:55.000Z,washer,18
2CTX,2024-02-09T16:00:07.000Z,washer,18
2CTX,2024-02-09T15:02:54.000Z,washer,8
2CTX,2024-02-09T15:00:10.000Z,washer,18
2CTX,2024-02-09T11:45:31.000Z,washer,18
2CTX,2024-02-08T21:41:56.000Z,washer,8
2CTX,2024-02-08T21:36:33.000Z,washer,18
2CTX,2024-02-08T21:00:43.000Z,washer,8
2CTX,2024-02-08T17:28:36.000Z,washer,18
2CTX,2024-02-08T16:03:04.000Z,washer,18
2CTX,2024-02-08T16:00:55.000Z,washer,8
2CTX,2024-02-08T11:30:19.000Z,washer,8
2CTX,2024-02-08T09:16:01.000Z,washer,8
2CTX,2024-02-07T19:31:12.000Z,washer,8
2CTX,2024-02-07T18:52:16.000Z,washer,18
2CTX,2024-02-07T15:44:13.000Z,washer,18
2CTX,2024-02-07T14:14:39.000Z,washer,18
2CTX,2024-02-07T09:16:25.000Z,washer,18
2CTX,2024-02-05T11:17:50.000Z,washer,18
2CTX,2024-02-05T07:39:01.000Z,washer,18
2CTX,2024-02-04T17:33:30.000Z,washer,8
2CTX,2024-02-04T16:34:09.000Z,washer,18
2CTX,2024-02-04T13:29:22.000Z,washer,18
2CTX,2024-02-04T11:34:16.000Z,washer,8
2CTX,2024-02-04T11:20:36.000Z,washer,18
2CTX,2024-02-04T08:55:11.000Z,washer,18
2CTX,2024-02-04T08:00:43.000Z,washer,18
2CTX,2024-02-03T19:24:33.000Z,washer,8
2CTX,2024-02-03T19:16:07.000Z,washer,18
2CTX,2024-02-03T17:16:20.000Z,washer,18
2CTX,2024-02-03T15:20:31.000Z,washer,18
2CTX,2024-02-03T14:13:35.000Z,washer,18
2CTX,2024-02-03T13:24:49.000Z,washer,18
2CTX,2024-02-03T11:24:43.000Z,washer,18
2CTX,2024-02-03T09:44:27.000Z,washer,8
2CTX,2024-02-03T09:12:28.000Z,washer,18
2CTX,2024-02-02T18:22:46.000Z,washer,18
2CTX,2024-02-02T16:39:35.000Z,washer,8
2CTX,2024-02-02T16:35:36.000Z,washer,18
2CTX,2024-02-02T14:19:01.000Z,washer,8
2CTX,2024-02-02T11:41:17.000Z,washer,8
2CTX,2024-02-01T18:12:46.000Z,washer,8
2CTX,2024-02-01T13:09:42.000Z,washer,18
2CTX,2024-02-01T08:30:43.000Z,washer,18
2CTX,2024-02-01T08:29:52.000Z,washer,8
2CTX,2024-01-31T18:45:35.000Z,washer,18
2CTX,2024-01-31T13:32:00.000Z,washer,18
2CTX,2024-01-31T10:23:53.000Z,washer,8
2CTX,2024-01-31T10:22:30.000Z,washer,18
2CTX,2024-01-30T19:54:49.000Z,washer,18
2CTX,2024-01-30T16:22:11.000Z,washer,18
2CTX,2024-01-30T14:22:48.000Z,washer,18
2CTX,2024-01-30T08:49:17.000Z,washer,18
2CTX,2024-01-29T19:18:05.000Z,washer,18
2CTX,2024-01-29T17:23:14.000Z,washer,18
2CTX,2024-01-28T18:32:16.000Z,washer,18
2CTX,2024-01-28T16:43:03.000Z,washer,18
2CTX,2024-01-28T14:07:22.000Z,washer,8
2CTX,2024-01-28T13:06:14.000Z,washer,8
2CTX,2024-01-27T19:27:57.000Z,washer,18
2CTX,2024-01-27T17:03:06.000Z,washer,8
2CTX,2024-01-27T16:10:21.000Z,washer,8
2CTX,2024-01-27T14:56:18.000Z,washer,8
2CTX,2024-01-27T12:53:22.000Z,washer,18
2CTX,2024-01-27T10:33:38.000Z,washer,18
2CTX,2024-01-27T09:55:20.000Z,washer,8
2CTX,2024-01-27T09:48:34.000Z,washer,18
2CTX,2024-01-27T09:14:01.000Z,washer,18
2CTX,2024-01-26T22:42:58.000Z,washer,18
2CTX,2024-01-26T20:24:35.000Z,washer,18
2CTX,2024-01-26T20:22:43.000Z,washer,8
2CTX,2024-01-26T18:20:58.000Z,washer,8
2CTX,2024-01-26T17:16:56.000Z,washer,8
2CTX,2024-01-25T15:26:09.000Z,washer,18
2CTX,2024-01-25T14:40:14.000Z,washer,18
2CTX,2024-01-25T09:07:07.000Z,washer,18
2CTX,2024-01-24T15:37:59.000Z,washer,18
2CTX,2024-01-24T14:50:50.000Z,washer,18
2CTX,2024-01-24T13:59:29.000Z,washer,18
2CTX,2024-01-23T16:39:30.000Z,washer,18
2CTX,2024-01-22T15:35:04.000Z,washer,8
2CTX,2024-01-22T14:47:19.000Z,washer,18
2CTX,2024-01-22T07:53:43.000Z,washer,18
2CTX,2024-01-21T15:49:30.000Z,washer,8
2CTX,2024-01-21T13:12:05.000Z,washer,18
2CTX,2024-01-21T12:31:47.000Z,washer,8
2CTX,2024-01-20T23:55:02.000Z,washer,8
2CTX,2024-01-20T20:41:55.000Z,washer,18
2CTX,2024-01-20T18:33:30.000Z,washer,18
2CTX,2024-01-20T17:11:52.000Z,washer,18
2CTX,2024-01-20T16:24:16.000Z,washer,18
2CTX,2024-01-20T14:36:42.000Z,washer,8
2CTX,2024-01-20T13:00:06.000Z,washer,18
2CTX,2024-01-20T12:58:51.000Z,washer,8
2CTX,2024-01-20T12:11:06.000Z,washer,18
2CTX,2024-01-20T11:34:14.000Z,washer,8
2CTX,2024-01-20T11:17:53.000Z,washer,18
2CTX,2024-01-20T10:54:55.000Z,washer,8
2CTX,2024-01-20T10:30:24.000Z,washer,18
2CTX,2024-01-19T22:22:55.000Z,washer,18
2CTX,2024-01-19T21:35:34.000Z,washer,18
2CTX,2024-01-19T18:45:33.000Z,washer,8
2CTX,2024-01-19T16:23:08.000Z,washer,8
2CTX,2024-01-19T13:35:42.000Z,washer,18
2CTX,2024-01-18T16:14:38.000Z,washer,8
2CTX,2024-01-18T11:30:57.000Z,washer,8
2CTX,2024-01-18T11:28:43.000Z,washer,18
2CTX,2024-01-18T10:51:29.000Z,washer,18
2CTX,2024-01-17T14:25:06.000Z,washer,18
2CTX,2024-01-17T11:58:35.000Z,washer,18
2CTX,2024-01-17T10:17:07.000Z,washer,18
2CTX,2024-01-16T21:32:09.000Z,washer,18
2CTX,2024-01-16T20:29:28.000Z,washer,8
2CTX,2024-01-16T20:28:27.000Z,washer,18
2CTX,2024-01-16T12:49:03.000Z,washer,18
2CTX,2024-01-15T19:08:25.000Z,washer,8
2CTX,2024-01-15T16:35:26.000Z,washer,18
2CTX,2024-01-15T10:27:40.000Z,washer,18
2CTX,2024-01-14T20:18:53.000Z,washer,18
2CTX,2024-01-14T18:09:18.000Z,washer,18
2CTX,2024-01-14T15:43:19.000Z,washer,8
2CTX,2024-01-14T14:08:21.000Z,washer,18
2CTX,2024-01-14T13:18:22.000Z,washer,18
2CTX,2024-01-13T21:14:25.000Z,washer,18
2CTX,2024-01-13T20:21:59.000Z,washer,18
2CTX,2024-01-13T16:22:40.000Z,washer,18
2CTX,2024-01-13T14:33:30.000Z,washer,18
2CTX,2024-01-13T13:43:04.000Z,washer,18
2CTX,2024-01-13T08:22:54.000Z,washer,18
2CTX,2024-01-12T17:14:19.000Z,washer,8
2CTX,2024-01-10T17:44:46.000Z,washer,8
2CTX,2024-01-10T15:55:05.000Z,washer,8
2CTX,2024-01-08T15:42:28.000Z,washer,18
2CTX,2024-01-08T12:26:12.000Z,washer,18
2CTX,2024-01-07T19:22:17.000Z,washer,18
2CTX,2024-01-07T17:24:01.000Z,washer,18
2CTX,2024-01-07T12:11:46.000Z,washer,18
2CTX,2024-01-07T12:10:38.000Z,washer,8
2CTX,2024-01-07T09:59:53.000Z,washer,18
2CTX,2024-01-06T20:18:52.000Z,washer,18
2CTX,2024-01-06T19:34:54.000Z,washer,8
2CTX,2024-01-06T19:29:42.000Z,washer,18
2CTX,2024-01-06T18:39:24.000Z,washer,18
2CTX,2024-01-06T18:13:44.000Z,washer,8
2CTX,2024-01-06T16:50:28.000Z,washer,8
2CTX,2024-01-06T16:34:28.000Z,washer,18
2CTX,2024-01-06T14:42:24.000Z,washer,18
2CTX,2024-01-06T14:25:09.000Z,washer,8
2CTX,2024-01-06T13:45:22.000Z,washer,18
2CTX,2024-01-06T13:35:24.000Z,washer,8
2CTX,2024-01-06T10:41:36.000Z,washer,8
2CTX,2024-01-06T10:28:14.000Z,washer,18
2CTX,2024-01-06T08:56:21.000Z,washer,8
2CTX,2024-01-06T08:26:51.000Z,washer,18
2CTX,2024-01-05T17:23:34.000Z,washer,8
2CTX,2024-01-05T14:11:38.000Z,washer,18
2CTX,2024-01-05T13:22:11.000Z,washer,18
2CTX,2024-01-05T13:15:44.000Z,washer,8
2CTX,2024-01-05T12:32:40.000Z,washer,18
2CTX,2024-01-05T11:07:32.000Z,washer,18
2CTX,2024-01-04T19:48:25.000Z,washer,8
2CTX,2024-01-04T15:16:12.000Z,washer,8
2CTX,2024-01-04T14:23:23.000Z,washer,8
2CTX,2024-01-03T19:50:33.000Z,washer,8
2CTX,2024-01-03T19:07:49.000Z,washer,8
2CTX,2024-01-03T19:06:27.000Z,washer,18
2CTX,2024-01-03T09:37:46.000Z,washer,8
2CTX,2024-01-03T08:56:18.000Z,washer,8
2CTX,2024-01-03T08:44:09.000Z,washer,18
2CTX,2024-01-02T19:51:30.000Z,washer,18
2CTX,2024-01-02T17:02:10.000Z,washer,8
2CTX,2024-01-02T16:53:30.000Z,washer,18
2CTX,2024-01-02T13:06:55.000Z,washer,18
2CTX,2024-01-02T11:47:39.000Z,washer,18
2CTX,2024-01-01T17:17:37.000Z,washer,8
2CTX,2024-01-01T15:05:23.000Z,washer,18
2CTX,2024-01-01T10:48:18.000Z,washer,18
2CTX,2024-01-01T10:01:28.000Z,washer,18
2CTX,2023-12-31T18:26:20.000Z,washer,18
2CTX,2023-12-31T17:23:52.000Z,washer,8
2CTX,2023-12-31T16:39:54.000Z,washer,18
2CTX,2023-12-31T15:43:56.000Z,washer,18
2CTX,2023-12-31T10:30:46.000Z,washer,18
2CTX,2023-12-31T10:27:16.000Z,washer,8
2CTX,2023-12-30T17:28:53.000Z,washer,18
2CTX,2023-12-30T17:21:15.000Z,washer,8
2CTX,2023-12-30T16:39:25.000Z,washer,18
2CTX,2023-12-30T16:37:20.000Z,washer,8
2CTX,2023-12-30T15:19:42.000Z,washer,18
2CTX,2023-12-30T12:25:42.000Z,washer,18
2CTX,2023-12-30T11:47:25.000Z,washer,8
2CTX,2023-12-30T11:39:02.000Z,washer,18
2CTX,2023-12-30T10:54:32.000Z,washer,18
2CTX,2023-12-30T10:41:09.000Z,washer,8
2CTX,2023-12-30T00:19:54.000Z,washer,8
2CTX,2023-12-29T20:22:02.000Z,washer,18
2CTX,2023-12-29T19:23:45.000Z,washer,18
2CTX,2023-12-29T19:22:51.000Z,washer,8
2CTX,2023-12-29T18:28:09.000Z,washer,18
2CTX,2023-12-29T18:24:49.000Z,washer,8
2CTX,2023-12-29T15:05:34.000Z,washer,18
2CTX,2023-12-29T13:34:45.000Z,washer,18
2CTX,2023-12-29T12:29:52.000Z,washer,8
2CTX,2023-12-29T12:28:26.000Z,washer,18
2CTX,2023-12-29T09:16:30.000Z,washer,18
2CTX,2023-12-28T18:27:34.000Z,washer,18
2CTX,2023-12-28T16:59:49.000Z,washer,18
2CTX,2023-12-28T16:03:36.000Z,washer,8
2CTX,2023-12-28T15:53:53.000Z,washer,18
2CTX,2023-12-28T15:15:29.000Z,washer,8
2CTX,2023-12-28T15:07:12.000Z,washer,18
2CTX,2023-12-28T13:12:31.000Z,washer,8
2CTX,2023-12-28T12:00:11.000Z,washer,18
2CTX,2023-12-28T11:07:42.000Z,washer,18
2CTX,2023-12-28T10:03:20.000Z,washer,8
2CTX,2023-12-27T19:17:20.000Z,washer,8
2CTX,2023-12-27T19:16:28.000Z,washer,18
2CTX,2023-12-27T13:48:00.000Z,washer,8
2CTX,2023-12-27T11:38:19.000Z,washer,18
2CTX,2023-12-27T11:28:26.000Z,washer,8
2CTX,2023-12-27T09:03:02.000Z,washer,18
2CTX,2023-12-26T20:57:47.000Z,washer,18
2CTX,2023-12-26T19:22:34.000Z,washer,18
2CTX,2023-12-26T18:43:45.000Z,washer,8
2CTX,2023-12-26T18:33:28.000Z,washer,18
2CTX,2023-12-26T18:04:34.000Z,washer,8
2CTX,2023-12-26T16:46:23.000Z,washer,8
2CTX,2023-12-26T16:06:21.000Z,washer,8
2CTX,2023-12-26T11:21:28.000Z,washer,18
2CTX,2023-12-25T16:03:51.000Z,washer,8
2CTX,2023-12-25T11:56:10.000Z,washer,18
2CTX,2023-12-24T16:39:27.000Z,washer,18
2CTX,2023-12-24T13:02:34.000Z,washer,8
2CTX,2023-12-24T11:02:12.000Z,washer,18
2CTX,2023-12-23T22:22:49.000Z,washer,18
2CTX,2023-12-23T19:04:04.000Z,washer,18
2CTX,2023-12-23T18:15:10.000Z,washer,8
2CTX,2023-12-23T16:22:54.000Z,washer,18
2CTX,2023-12-23T13:48:34.000Z,washer,8
2CTX,2023-12-23T10:53:31.000Z,washer,18
2CTX,2023-12-23T10:35:09.000Z,washer,8
2CTX,2023-12-23T09:30:26.000Z,washer,18
2CTX,2023-12-22T20:44:40.000Z,washer,18
2CTX,2023-12-22T19:11:16.000Z,washer,18
2CTX,2023-12-22T16:58:23.000Z,washer,18
2CTX,2023-12-22T16:46:10.000Z,washer,8
2CTX,2023-12-22T12:09:55.000Z,washer,18
2CTX,2023-12-22T10:43:10.000Z,washer,8
2CTX,2023-12-21T21:12:07.000Z,washer,18
2CTX,2023-12-21T18:32:32.000Z,washer,8
2CTX,2023-12-21T15:28:45.000Z,washer,18
2CTX,2023-12-21T14:01:40.000Z,washer,18
2CTX,2023-12-21T12:51:21.000Z,washer,8
2CTX,2023-12-21T12:10:32.000Z,washer,8
2CTX,2023-12-21T12:03:38.000Z,washer,18
2CTX,2023-12-21T10:48:30.000Z,washer,18
2CTX,2023-12-20T21:33:36.000Z,washer,18
2CTX,2023-12-20T20:48:02.000Z,washer,8
2CTX,2023-12-20T20:45:49.000Z,washer,18
2CTX,2023-12-20T19:58:49.000Z,washer,18
2CTX,2023-12-20T18:24:26.000Z,washer,8
2CTX,2023-12-20T18:02:58.000Z,washer,18
2CTX,2023-12-20T15:46:53.000Z,washer,18
2CTX,2023-12-20T12:10:17.000Z,washer,8
2CTX,2023-12-20T11:41:42.000Z,washer,18
2CTX,2023-12-20T10:30:37.000Z,washer,8
2CTX,2023-12-20T09:21:55.000Z,washer,18
2CTX,2023-12-19T21:00:35.000Z,washer,8
2CTX,2023-12-19T12:40:37.000Z,washer,8
2CTX,2023-12-19T11:26:10.000Z,washer,18
2CTX,2023-12-18T19:02:03.000Z,washer,18
2CTX,2023-12-18T16:53:49.000Z,washer,18
2CTX,2023-12-18T12:20:57.000Z,washer,18
2CTX,2023-12-18T12:17:31.000Z,washer,8
2CTX,2023-12-18T10:13:53.000Z,washer,18
2CTX,2023-12-18T08:37:19.000Z,washer,8
2CTX,2023-12-17T20:00:18.000Z,washer,8
2CTX,2023-12-17T18:13:18.000Z,washer,18
2CTX,2023-12-17T16:27:59.000Z,washer,18
2CTX,2023-12-17T14:39:30.000Z,washer,18
2CTX,2023-12-17T13:08:53.000Z,washer,18
2CTX,2023-12-17T12:08:59.000Z,washer,18
2CTX,2023-12-17T11:23:20.000Z,washer,8
2CTX,2023-12-17T11:15:18.000Z,washer,18
2CTX,2023-12-17T10:27:36.000Z,washer,18
2CTX,2023-12-16T22:09:34.000Z,washer,18
2CTX,2023-12-16T20:28:47.000Z,washer,8
2CTX,2023-12-16T20:27:40.000Z,washer,18
2CTX,2023-12-16T17:13:56.000Z,washer,18
2CTX,2023-12-16T16:14:19.000Z,washer,18
2CTX,2023-12-16T14:58:04.000Z,washer,18
2CTX,2023-12-16T13:40:25.000Z,washer,8
2CTX,2023-12-16T12:49:30.000Z,washer,8
2CTX,2023-12-16T12:22:04.000Z,washer,18
2CTX,2023-12-16T11:25:34.000Z,washer,18
2CTX,2023-12-16T10:10:25.000Z,washer,18
2CTX,2023-12-16T09:22:29.000Z,washer,18
2CTX,2023-12-16T07:54:02.000Z,washer,18
2CTX,2023-12-16T07:52:53.000Z,washer,8
2CTX,2023-12-15T23:30:05.000Z,washer,18
2CTX,2023-12-15T20:53:25.000Z,washer,18
2CTX,2023-12-15T20:22:21.000Z,washer,8
2CTX,2023-12-15T20:04:45.000Z,washer,18
2CTX,2023-12-15T19:14:45.000Z,washer,18
2CTX,2023-12-15T18:11:09.000Z,washer,18
2CTX,2023-12-15T17:19:12.000Z,washer,18
2CTX,2023-12-15T17:18:04.000Z,washer,8
2CTX,2023-12-15T13:32:40.000Z,washer,8
2CTX,2023-12-15T11:55:10.000Z,washer,8
2CTX,2023-12-15T11:04:19.000Z,washer,18
2CTX,2023-12-15T09:22:09.000Z,washer,18
2CTX,2023-12-14T17:28:33.000Z,washer,8
2CTX,2023-12-14T14:34:10.000Z,washer,8
2CTX,2023-12-13T20:23:31.000Z,washer,8
2CTX,2023-12-13T18:51:34.000Z,washer,8
2CTX,2023-12-13T18:50:32.000Z,washer,18
2CTX,2023-12-13T18:03:09.000Z,washer,8
2CTX,2023-12-13T16:16:06.000Z,washer,8
2CTX,2023-12-13T16:14:10.000Z,washer,18
2CTX,2023-12-13T15:09:42.000Z,washer,8
2CTX,2023-12-13T14:42:05.000Z,washer,18
2CTX,2023-12-13T08:50:52.000Z,washer,18
2CTX,2023-12-12T11:26:14.000Z,washer,18
2CTX,2023-12-11T18:21:40.000Z,washer,18
2CTX,2023-12-11T15:18:26.000Z,washer,18
2CTX,2023-12-11T10:27:07.000Z,washer,18
2CTX,2023-12-11T08:55:18.000Z,washer,18
2CTX,2023-12-10T17:53:13.000Z,washer,18
2CTX,2023-12-10T16:47:26.000Z,washer,18
2CTX,2023-12-10T15:20:23.000Z,washer,18
2CTX,2023-12-10T14:37:16.000Z,washer,8
2CTX,2023-12-10T13:58:49.000Z,washer,8
2CTX,2023-12-10T13:53:25.000Z,washer,18
2CTX,2023-12-10T11:36:37.000Z,washer,18
2CTX,2023-12-10T10:41:54.000Z,washer,8
2CTX,2023-12-10T10:12:54.000Z,washer,18
2CTX,2023-12-09T20:47:59.000Z,washer,8
2CTX,2023-12-09T19:50:23.000Z,washer,8
2CTX,2023-12-09T17:26:43.000Z,washer,18
2CTX,2023-12-09T10:32:21.000Z,washer,18
2CTX,2023-12-08T13:48:54.000Z,washer,18
2CTX,2023-12-08T12:09:11.000Z,washer,8
2CTX,2023-12-07T17:55:07.000Z,washer,8
2CTX,2023-12-07T16:30:15.000Z,washer,8
2CTX,2023-12-07T12:57:47.000Z,washer,18
2CTX,2023-12-06T18:10:13.000Z,washer,8
2CTX,2023-12-06T17:38:00.000Z,washer,18
2CTX,2023-12-06T12:05:39.000Z,washer,18
2CTX,2023-12-06T10:52:56.000Z,washer,18
2CTX,2023-12-05T20:47:14.000Z,washer,8
2CTX,2023-12-05T20:43:56.000Z,washer,18
2CTX,2023-12-05T17:21:38.000Z,washer,8
2CTX,2023-12-03T18:49:30.000Z,washer,8
2CTX,2023-12-03T16:17:10.000Z,washer,8
2CTX,2023-12-03T15:01:49.000Z,washer,8
2CTX,2023-12-03T14:16:27.000Z,washer,8
2CTX,2023-12-03T14:12:08.000Z,washer,18
2CTX,2023-12-03T12:23:39.000Z,washer,8
2CTX,2023-12-03T11:04:14.000Z,washer,8
2CTX,2023-12-02T20:53:08.000Z,washer,8
2CTX,2023-12-02T13:30:06.000Z,washer,18
2CTX,2023-12-02T13:27:04.000Z,washer,8
2CTX,2023-12-02T12:44:00.000Z,washer,8
2CTX,2023-12-02T12:41:35.000Z,washer,18
2CTX,2023-12-01T18:59:16.000Z,washer,18
2CTX,2023-12-01T14:21:26.000Z,washer,18
2CTX,2023-11-30T21:55:05.000Z,washer,8
2CTX,2023-11-30T21:08:27.000Z,washer,18
2CTX,2023-11-30T21:07:18.000Z,washer,8
2CTX,2023-11-30T17:16:08.000Z,washer,18
2CTX,2023-11-30T16:30:18.000Z,washer,8
2CTX,2023-11-30T07:17:29.000Z,washer,8
2CTX,2023-11-29T18:08:53.000Z,washer,18
2CTX,2023-11-29T17:17:02.000Z,washer,18
2CTX,2023-11-29T16:36:15.000Z,washer,8
2CTX,2023-11-29T16:32:27.000Z,washer,18
2CTX,2023-11-29T14:25:40.000Z,washer,18
2CTX,2023-11-29T13:09:44.000Z,washer,18
2CTX,2023-11-28T20:01:53.000Z,washer,18
2CTX,2023-11-28T18:02:08.000Z,washer,18
2CTX,2023-11-28T17:15:25.000Z,washer,18
2CTX,2023-11-28T14:01:40.000Z,washer,18
2CTX,2023-11-28T11:18:01.000Z,washer,18
2CTX,2023-11-27T18:39:47.000Z,washer,8
2CTX,2023-11-27T18:37:35.000Z,washer,18
2CTX,2023-11-27T17:53:03.000Z,washer,18
2CTX,2023-11-27T14:39:48.000Z,washer,8
2CTX,2023-11-27T13:46:19.000Z,washer,8
2CTX,2023-11-27T12:47:21.000Z,washer,18
2CTX,2023-11-27T12:46:05.000Z,washer,8
2CTX,2023-11-26T16:16:04.000Z,washer,18
2CTX,2023-11-26T15:59:00.000Z,washer,8
2CTX,2023-11-26T15:05:56.000Z,washer,8
2CTX,2023-11-26T14:50:47.000Z,washer,18
2CTX,2023-11-25T19:14:40.000Z,washer,18
2CTX,2023-11-25T16:22:24.000Z,washer,8
2CTX,2023-11-25T13:13:18.000Z,washer,8
2CTX,2023-11-25T13:11:43.000Z,washer,18
2CTX,2023-11-25T10:34:13.000Z,washer,8
2CTX,2023-11-25T10:33:03.000Z,washer,18
2CTX,2023-11-24T19:29:36.000Z,washer,8
2CTX,2023-11-24T19:28:30.000Z,washer,18
2CTX,2023-11-24T18:34:07.000Z,washer,18
2CTX,2023-11-24T17:05:17.000Z,washer,18
2CTX,2023-11-24T15:22:13.000Z,washer,18
2CTX,2023-11-24T12:58:56.000Z,washer,8
2CTX,2023-11-24T01:52:17.000Z,washer,18
2CTX,2023-11-23T17:09:01.000Z,washer,18
2CTX,2023-11-23T14:36:29.000Z,washer,18
2CTX,2023-11-23T13:52:34.000Z,washer,18
2CTX,2023-11-23T12:58:44.000Z,washer,18
2CTX,2023-11-23T10:15:16.000Z,washer,18
2CTX,2023-11-23T08:55:45.000Z,washer,18
2CTX,2023-11-22T16:26:52.000Z,washer,8
2CTX,2023-11-22T16:25:59.000Z,washer,18
2CTX,2023-11-22T14:42:09.000Z,washer,18
2CTX,2023-11-22T10:45:44.000Z,washer,18
2CTX,2023-11-22T09:59:54.000Z,washer,18
2CTX,2023-11-21T17:10:21.000Z,washer,18
2CTX,2023-11-21T13:35:18.000Z,washer,18
2CTX,2023-11-21T12:48:55.000Z,washer,18
2CTX,2023-11-21T12:01:17.000Z,washer,18
2CTX,2023-11-20T13:46:04.000Z,washer,18
2CTX,2023-11-20T11:04:42.000Z,washer,18
2CTX,2023-11-19T19:35:46.000Z,washer,8
2CTX,2023-11-19T19:03:05.000Z,washer,18
2CTX,2023-11-19T17:41:06.000Z,washer,18
2CTX,2023-11-19T16:46:35.000Z,washer,18
2CTX,2023-11-19T13:49:23.000Z,washer,8
2CTX,2023-11-19T13:33:54.000Z,washer,18
2CTX,2023-11-19T08:49:43.000Z,washer,18
2CTX,2023-11-18T22:29:57.000Z,washer,18
2CTX,2023-11-18T21:27:46.000Z,washer,18
2CTX,2023-11-18T20:43:32.000Z,washer,18
2CTX,2023-11-18T20:39:39.000Z,washer,8
2CTX,2023-11-18T18:28:09.000Z,washer,18
2CTX,2023-11-18T17:37:09.000Z,washer,18
2CTX,2023-11-18T12:45:29.000Z,washer,8
2CTX,2023-11-18T12:10:33.000Z,washer,18
2CTX,2023-11-18T10:12:07.000Z,washer,18
2CTX,2023-11-18T08:39:37.000Z,washer,18
2CTX,2023-11-17T19:29:47.000Z,washer,8
2CTX,2023-11-17T18:22:23.000Z,washer,8
2CTX,2023-11-17T15:17:55.000Z,washer,18
2CTX,2023-11-17T14:55:52.000Z,washer,8
2CTX,2023-11-17T14:24:57.000Z,washer,18
2CTX,2023-11-17T13:39:30.000Z,washer,18
2CTX,2023-11-17T12:22:56.000Z,washer,8
2CTX,2023-11-17T12:03:23.000Z,washer,18
2CTX,2023-11-17T10:42:52.000Z,washer,8
2CTX,2023-11-17T10:11:03.000Z,washer,18
2CTX,2023-11-17T09:51:39.000Z,washer,8
2CTX,2023-11-16T19:18:40.000Z,washer,18
2CTX,2023-11-16T18:54:03.000Z,washer,8
2CTX,2023-11-16T18:08:55.000Z,washer,18
2CTX,2023-11-16T15:39:53.000Z,washer,8
2CTX,2023-11-16T14:55:51.000Z,washer,8
2CTX,2023-11-16T14:18:44.000Z,washer,18
2CTX,2023-11-16T13:37:28.000Z,washer,8
2CTX,2023-11-16T13:16:54.000Z,washer,18
2CTX,2023-11-16T09:54:11.000Z,washer,8
2CTX,2023-11-15T15:31:34.000Z,washer,18
2CTX,2023-11-15T11:22:14.000Z,washer,18
2CTX,2023-11-15T09:52:02.000Z,washer,18
2CTX,2023-11-14T20:44:14.000Z,washer,18
2CTX,2023-11-14T19:46:22.000Z,washer,18
2CTX,2023-11-14T19:00:31.000Z,washer,8
2CTX,2023-11-14T18:18:33.000Z,washer,8
2CTX,2023-11-14T14:49:27.000Z,washer,8
2CTX,2023-11-14T13:44:33.000Z,washer,18
2CTX,2023-11-14T12:35:32.000Z,washer,18
2CTX,2023-11-14T10:50:17.000Z,washer,8
2CTX,2023-11-14T10:49:03.000Z,washer,18
2CTX,2023-11-13T20:51:25.000Z,washer,8
2CTX,2023-11-13T20:50:25.000Z,washer,18
2CTX,2023-11-13T19:10:07.000Z,washer,18
2CTX,2023-11-13T18:30:52.000Z,washer,8
2CTX,2023-11-13T18:26:45.000Z,washer,18
2CTX,2023-11-13T15:23:10.000Z,washer,8
2CTX,2023-11-13T14:37:12.000Z,washer,18
2CTX,2023-11-13T12:22:52.000Z,washer,18
2CTX,2023-11-12T18:50:29.000Z,washer,18
2CTX,2023-11-12T16:57:59.000Z,washer,8
2CTX,2023-11-12T13:22:23.000Z,washer,18
2CTX,2023-11-12T12:07:51.000Z,washer,18
2CTX,2023-11-12T12:03:58.000Z,washer,8
2CTX,2023-11-12T11:20:14.000Z,washer,18
2CTX,2023-11-11T21:06:35.000Z,washer,18
2CTX,2023-11-11T20:25:41.000Z,washer,8
2CTX,2023-11-11T11:14:10.000Z,washer,18
2CTX,2023-11-11T10:29:10.000Z,washer,18
2CTX,2023-11-11T08:34:06.000Z,washer,18
2CTX,2023-11-11T07:15:22.000Z,washer,18
2CTX,2023-11-11T06:27:03.000Z,washer,18
2CTX,2023-11-10T18:35:03.000Z,washer,8
2CTX,2023-11-10T18:33:48.000Z,washer,18
2CTX,2023-11-10T14:16:58.000Z,washer,18
2CTX,2023-11-10T13:14:10.000Z,washer,18
2CTX,2023-11-10T09:43:01.000Z,washer,8
2CTX,2023-11-10T09:02:50.000Z,washer,8
2CTX,2023-11-09T16:13:50.000Z,washer,18
2CTX,2023-11-09T16:07:01.000Z,washer,8
2CTX,2023-11-09T15:26:36.000Z,washer,8
2CTX,2023-11-09T15:25:31.000Z,washer,18
2CTX,2023-11-09T14:33:53.000Z,washer,18
2CTX,2023-11-09T09:12:14.000Z,washer,18
2CTX,2023-11-08T18:41:32.000Z,washer,8
2CTX,2023-11-08T18:39:07.000Z,washer,18
2CTX,2023-11-08T17:54:46.000Z,washer,18
2CTX,2023-11-08T13:13:42.000Z,washer,18
2CTX,2023-11-08T11:04:38.000Z,washer,18
2CTX,2023-11-07T19:18:23.000Z,washer,8
2CTX,2023-11-07T19:15:21.000Z,washer,18
2CTX,2023-11-07T18:04:41.000Z,washer,8
2CTX,2023-11-07T16:16:13.000Z,washer,18
2CTX,2023-11-07T09:41:00.000Z,washer,8
2CTX,2023-11-07T09:00:27.000Z,washer,8
2CTX,2023-11-07T08:45:09.000Z,washer,18
2CTX,2023-11-06T20:56:54.000Z,washer,18
2CTX,2023-11-06T18:56:35.000Z,washer,8
2CTX,2023-11-06T17:51:05.000Z,washer,8
2CTX,2023-11-06T17:18:20.000Z,washer,18
2CTX,2023-11-06T17:11:30.000Z,washer,8
2CTX,2023-11-06T14:21:07.000Z,washer,8
2CTX,2023-11-06T14:20:06.000Z,washer,18
2CTX,2023-11-04T23:20:43.000Z,washer,18
2CTX,2023-11-04T18:05:14.000Z,washer,18
2CTX,2023-11-04T15:47:32.000Z,washer,18
2CTX,2023-11-04T09:08:23.000Z,washer,18
2CTX,2023-11-03T19:15:59.000Z,washer,18
2CTX,2023-11-03T14:02:26.000Z,washer,18
2CTX,2023-11-03T13:28:46.000Z,washer,8
2CTX,2023-11-03T12:01:50.000Z,washer,18
2CTX,2023-11-03T11:46:42.000Z,washer,8
2CTX,2023-11-02T14:30:25.000Z,washer,8
2CTX,2023-11-01T20:56:40.000Z,washer,18
2CTX,2023-11-01T20:55:45.000Z,washer,8
2CTX,2023-11-01T19:58:15.000Z,washer,18
2CTX,2023-11-01T14:37:38.000Z,washer,18
2CTX,2023-11-01T09:50:42.000Z,washer,8
2CTX,2023-11-01T02:22:37.000Z,washer,8
2CTX,2023-10-31T16:12:20.000Z,washer,18
2CTX,2023-10-31T10:15:52.000Z,washer,18
2CTX,2023-10-30T19:46:10.000Z,washer,18
2CTX,2023-10-30T19:25:43.000Z,washer,8
2CTX,2023-10-30T12:45:20.000Z,washer,8
2CTX,2023-10-30T12:44:10.000Z,washer,18
2CTX,2023-10-30T11:34:28.000Z,washer,18
2CTX,2023-10-29T20:41:22.000Z,washer,18
2CTX,2023-10-29T19:34:00.000Z,washer,18
2CTX,2023-10-29T18:59:19.000Z,washer,8
2CTX,2023-10-29T18:10:46.000Z,washer,18
2CTX,2023-10-29T16:40:28.000Z,washer,8
2CTX,2023-10-29T15:35:53.000Z,washer,18
2CTX,2023-10-29T14:10:25.000Z,washer,18
2CTX,2023-10-29T12:52:56.000Z,washer,8
2CTX,2023-10-29T12:25:14.000Z,washer,18
2CTX,2023-10-29T12:04:55.000Z,washer,8
2CTX,2023-10-29T11:33:54.000Z,washer,18
2CTX,2023-10-29T10:59:10.000Z,washer,8
2CTX,2023-10-29T10:39:09.000Z,washer,18
2CTX,2023-10-28T19:22:56.000Z,washer,18
2CTX,2023-10-28T14:23:58.000Z,washer,18
2CTX,2023-10-28T13:29:27.000Z,washer,18
2CTX,2023-10-28T12:32:42.000Z,washer,8
2CTX,2023-10-28T12:26:59.000Z,washer,18
2CTX,2023-10-28T11:44:29.000Z,washer,8
2CTX,2023-10-28T11:30:17.000Z,washer,18
2CTX,2023-10-28T10:33:49.000Z,washer,8
2CTX,2023-10-28T08:47:46.000Z,washer,18
2CTX,2023-10-28T07:52:14.000Z,washer,18
2CTX,2023-10-27T20:05:44.000Z,washer,18
2CTX,2023-10-27T18:25:20.000Z,washer,18
2CTX,2023-10-27T17:28:05.000Z,washer,18
2CTX,2023-10-27T16:22:44.000Z,washer,18
2CTX,2023-10-26T20:25:07.000Z,washer,8
2CTX,2023-10-26T19:40:56.000Z,washer,8
2CTX,2023-10-26T18:52:37.000Z,washer,8
2CTX,2023-10-26T18:50:16.000Z,washer,18
2CTX,2023-10-26T17:29:14.000Z,washer,8
2CTX,2023-10-26T13:17:41.000Z,washer,18
2CTX,2023-10-26T11:33:49.000Z,washer,8
2CTX,2023-10-25T18:49:27.000Z,washer,8
2CTX,2023-10-25T18:30:34.000Z,washer,18
2CTX,2023-10-25T14:52:47.000Z,washer,18
2CTX,2023-10-25T14:38:19.000Z,washer,8
2CTX,2023-10-24T12:39:03.000Z,washer,18
2CTX,2023-10-24T12:02:47.000Z,washer,8
2CTX,2023-10-24T10:52:38.000Z,washer,18
2CTX,2023-10-23T14:13:54.000Z,washer,18
2CTX,2023-10-23T11:14:47.000Z,washer,8
2CTX,2023-10-23T11:13:40.000Z,washer,18
2CTX,2023-10-22T17:13:02.000Z,washer,18
2CTX,2023-10-22T16:09:56.000Z,washer,18
2CTX,2023-10-22T15:56:58.000Z,washer,8
2CTX,2023-10-22T13:49:02.000Z,washer,18
2CTX,2023-10-22T12:07:38.000Z,washer,18
2CTX,2023-10-22T11:59:14.000Z,washer,8
2CTX,2023-10-22T10:44:55.000Z,washer,18
2CTX,2023-10-22T10:35:31.000Z,washer,8
2CTX,2023-10-22T09:48:37.000Z,washer,18
2CTX,2023-10-21T18:57:11.000Z,washer,8
2CTX,2023-10-21T18:00:28.000Z,washer,8
2CTX,2023-10-21T17:11:53.000Z,washer,18
2CTX,2023-10-21T17:01:46.000Z,washer,8
2CTX,2023-10-21T12:14:28.000Z,washer,18
2CTX,2023-10-21T11:49:56.000Z,washer,8
2CTX,2023-10-21T11:47:49.000Z,washer,8
2CTX,2023-10-21T11:04:03.000Z,washer,18
2CTX,2023-10-21T10:10:36.000Z,washer,18
2CTX,2023-10-21T07:31:37.000Z,washer,8
2CTX,2023-10-21T07:26:33.000Z,washer,18
2CTX,2023-10-20T16:27:32.000Z,washer,18
2CTX,2023-10-20T15:49:28.000Z,washer,8
2CTX,2023-10-20T09:57:00.000Z,washer,18
2CTX,2023-10-19T19:58:55.000Z,washer,18
2CTX,2023-10-19T10:41:03.000Z,washer,8
2CTX,2023-10-19T10:28:31.000Z,washer,18
2CTX,2023-10-18T18:59:26.000Z,washer,18
2CTX,2023-10-18T18:26:21.000Z,washer,8
2CTX,2023-10-18T09:28:10.000Z,washer,18
2CTX,2023-10-17T12:41:58.000Z,washer,18
2CTX,2023-10-17T08:58:57.000Z,washer,8
2CTX,2023-10-16T19:32:52.000Z,washer,8
2CTX,2023-10-16T17:30:22.000Z,washer,18
2CTX,2023-10-16T17:18:13.000Z,washer,8
2CTX,2023-10-16T16:25:04.000Z,washer,18
2CTX,2023-10-16T07:26:05.000Z,washer,8
2CTX,2023-10-16T07:24:02.000Z,washer,18
2CTX,2023-10-15T20:29:40.000Z,washer,18
2CTX,2023-10-15T19:27:40.000Z,washer,18
2CTX,2023-10-15T19:26:39.000Z,washer,8
2CTX,2023-10-15T17:44:34.000Z,washer,18
2CTX,2023-10-15T16:33:48.000Z,washer,18
2CTX,2023-10-15T15:35:58.000Z,washer,18
2CTX,2023-10-15T15:17:59.000Z,washer,8
2CTX,2023-10-15T14:32:27.000Z,washer,18
2CTX,2023-10-15T14:31:07.000Z,washer,8
2CTX,2023-10-15T13:24:06.000Z,washer,8
2CTX,2023-10-15T12:13:26.000Z,washer,18
2CTX,2023-10-15T11:13:18.000Z,washer,8
2CTX,2023-10-15T11:11:57.000Z,washer,18
2CTX,2023-10-15T06:45:10.000Z,washer,8
2CTX,2023-10-14T19:57:43.000Z,washer,8
2CTX,2023-10-14T19:13:21.000Z,washer,8
2CTX,2023-10-14T18:14:03.000Z,washer,8
2CTX,2023-10-14T16:06:28.000Z,washer,8
2CTX,2023-10-14T15:22:36.000Z,washer,8
2CTX,2023-10-14T14:37:35.000Z,washer,8
2CTX,2023-10-14T13:52:27.000Z,washer,8
2CTX,2023-10-14T11:59:25.000Z,washer,18
2CTX,2023-10-14T10:55:46.000Z,washer,18
2CTX,2023-10-14T10:54:25.000Z,washer,8
2CTX,2023-10-14T10:11:46.000Z,washer,8
2CTX,2023-10-14T09:49:01.000Z,washer,18
2CTX,2023-10-13T18:59:47.000Z,washer,18
2CTX,2023-10-13T17:39:03.000Z,washer,18
2CTX,2023-10-13T16:15:35.000Z,washer,18
2CTX,2023-10-13T15:22:56.000Z,washer,18
2CTX,2023-10-13T13:55:49.000Z,washer,18
2CTX,2023-10-13T12:58:25.000Z,washer,18
2CTX,2023-10-13T12:54:32.000Z,washer,8
2CTX,2023-10-13T11:04:30.000Z,washer,18
2CTX,2023-10-12T18:41:04.000Z,washer,18
2CTX,2023-10-12T16:55:30.000Z,washer,8
2CTX,2023-10-12T16:54:21.000Z,washer,18
2CTX,2023-10-12T10:51:23.000Z,washer,18
2CTX,2023-10-11T16:52:22.000Z,washer,18
2CTX,2023-10-11T15:55:12.000Z,washer,18
2CTX,2023-10-11T14:38:15.000Z,washer,18
2CTX,2023-10-11T10:57:55.000Z,washer,18
2CTX,2023-10-11T09:58:52.000Z,washer,18
2CTX,2023-10-11T09:54:49.000Z,washer,8
2CTX,2023-10-11T00:55:21.000Z,washer,8
2CTX,2023-10-10T20:15:38.000Z,washer,8
2CTX,2023-10-10T18:35:43.000Z,washer,18
2CTX,2023-10-10T17:26:34.000Z,washer,18
2CTX,2023-10-10T16:26:09.000Z,washer,18
2CTX,2023-10-10T13:40:54.000Z,washer,18
2CTX,2023-10-10T09:50:04.000Z,washer,18
2CTX,2023-10-09T18:29:14.000Z,washer,18
2CTX,2023-10-09T17:13:59.000Z,washer,18
2CTX,2023-10-09T12:06:42.000Z,washer,18
2CTX,2023-10-09T10:08:31.000Z,washer,18
2CTX,2023-10-08T20:25:59.000Z,washer,8
2CTX,2023-10-08T17:11:55.000Z,washer,18
2CTX,2023-10-08T15:57:24.000Z,washer,18
2CTX,2023-10-08T15:03:31.000Z,washer,18
2CTX,2023-10-08T14:23:40.000Z,washer,8
2CTX,2023-10-08T13:23:22.000Z,washer,18
2CTX,2023-10-08T13:17:03.000Z,washer,8
2CTX,2023-10-08T12:26:18.000Z,washer,18
2CTX,2023-10-08T12:06:25.000Z,washer,8
2CTX,2023-10-08T11:27:39.000Z,washer,18
2CTX,2023-10-08T10:46:08.000Z,washer,18
2CTX,2023-10-08T10:43:46.000Z,washer,8
2CTX,2023-10-08T09:41:53.000Z,washer,18
2CTX,2023-10-08T09:41:04.000Z,washer,8
2CTX,2023-10-07T18:06:47.000Z,washer,18
2CTX,2023-10-07T18:05:13.000Z,washer,8
2CTX,2023-10-07T16:33:06.000Z,washer,8
2CTX,2023-10-07T15:28:52.000Z,washer,8
2CTX,2023-10-07T15:19:39.000Z,washer,18
2CTX,2023-10-07T14:44:03.000Z,washer,8
2CTX,2023-10-07T12:23:53.000Z,washer,18
2CTX,2023-10-07T11:30:13.000Z,washer,18
2CTX,2023-10-06T19:13:19.000Z,washer,8
2CTX,2023-10-06T19:00:24.000Z,washer,18
2CTX,2023-10-06T17:49:51.000Z,washer,18
2CTX,2023-10-06T16:55:38.000Z,washer,18
2CTX,2023-10-06T11:17:32.000Z,washer,18
2CTX,2023-10-05T18:51:14.000Z,washer,18
2CTX,2023-10-05T17:31:40.000Z,washer,8
2CTX,2023-10-05T17:27:50.000Z,washer,18
2CTX,2023-10-05T13:14:52.000Z,washer,18
2CTX,2023-10-05T12:22:11.000Z,washer,18
2CTX,2023-10-04T20:34:29.000Z,washer,18
2CTX,2023-10-04T19:33:03.000Z,washer,18
2CTX,2023-10-04T19:30:17.000Z,washer,8
2CTX,2023-10-04T11:01:35.000Z,washer,8
2CTX,2023-10-04T10:31:30.000Z,washer,18
2CTX,2023-10-04T06:14:03.000Z,washer,18
2CTX,2023-10-03T17:58:37.000Z,washer,8
2CTX,2023-10-03T17:22:43.000Z,washer,18
2CTX,2023-10-02T16:08:43.000Z,washer,18
2CTX,2023-10-02T09:42:45.000Z,washer,8
2CTX,2023-10-01T21:00:54.000Z,washer,18
2CTX,2023-10-01T18:09:10.000Z,washer,18
2CTX,2023-10-01T16:19:30.000Z,washer,18
2CTX,2023-10-01T14:38:40.000Z,washer,18
2CTX,2023-10-01T13:50:44.000Z,washer,8
2CTX,2023-10-01T13:34:36.000Z,washer,18
2CTX,2023-10-01T12:43:16.000Z,washer,18
2CTX,2023-10-01T12:39:37.000Z,washer,8
2CTX,2023-10-01T11:41:27.000Z,washer,18
2CTX,2023-10-01T11:34:34.000Z,washer,8
2CTX,2023-10-01T10:39:20.000Z,washer,18
2CTX,2023-10-01T09:42:50.000Z,washer,18
2CTX,2023-09-30T19:32:56.000Z,washer,18
2CTX,2023-09-30T11:49:11.000Z,washer,18
2CTX,2023-09-30T10:52:46.000Z,washer,18
2CTX,2023-09-30T09:56:39.000Z,washer,18
2CTX,2023-09-30T09:05:54.000Z,washer,8
2CTX,2023-09-30T08:51:23.000Z,washer,18
2CTX,2023-09-29T19:34:04.000Z,washer,18
2CTX,2023-09-29T16:00:26.000Z,washer,8
2CTX,2023-09-29T13:36:54.000Z,washer,18
2CTX,2023-09-29T12:42:15.000Z,washer,18
2CTX,2023-09-29T11:22:13.000Z,washer,8
2CTX,2023-09-29T11:18:58.000Z,washer,18
2CTX,2023-09-29T10:24:05.000Z,washer,18
2CTX,2023-09-28T22:20:59.000Z,washer,8
2CTX,2023-09-28T21:32:52.000Z,washer,8
2CTX,2023-09-28T21:07:35.000Z,washer,18
2CTX,2023-09-28T20:44:10.000Z,washer,8
2CTX,2023-09-28T19:25:07.000Z,washer,8
2CTX,2023-09-28T15:45:38.000Z,washer,18
2CTX,2023-09-28T14:08:06.000Z,washer,18
2CTX,2023-09-28T10:13:46.000Z,washer,18
2CTX,2023-09-28T09:09:34.000Z,washer,8
2CTX,2023-09-28T09:07:17.000Z,washer,18
2CTX,2023-09-27T22:42:30.000Z,washer,8
2CTX,2023-09-27T21:51:18.000Z,washer,8
2CTX,2023-09-27T21:47:09.000Z,washer,18
2CTX,2023-09-27T18:31:37.000Z,washer,8
2CTX,2023-09-27T17:01:29.000Z,washer,8
2CTX,2023-09-27T15:15:31.000Z,washer,8
2CTX,2023-09-27T08:47:17.000Z,washer,18
2CTX,2023-09-27T07:22:26.000Z,washer,18
2CTX,2023-09-26T19:59:22.000Z,washer,8
2CTX,2023-09-26T19:36:36.000Z,washer,18
2CTX,2023-09-26T15:47:12.000Z,washer,18
2CTX,2023-09-26T14:25:03.000Z,washer,18
2CTX,2023-09-24T16:57:48.000Z,washer,8
2CTX,2023-09-24T15:57:54.000Z,washer,8
2CTX,2023-09-24T13:27:40.000Z,washer,18
2CTX,2023-09-24T13:05:32.000Z,washer,8
2CTX,2023-09-24T12:30:44.000Z,washer,18
2CTX,2023-09-24T12:14:44.000Z,washer,8
2CTX,2023-09-24T09:43:01.000Z,washer,18
2CTX,2023-09-23T18:42:06.000Z,washer,18
2CTX,2023-09-23T17:27:06.000Z,washer,18
2CTX,2023-09-23T16:20:14.000Z,washer,8
2CTX,2023-09-23T14:25:11.000Z,washer,18
2CTX,2023-09-23T12:40:30.000Z,washer,18
2CTX,2023-09-23T11:30:45.000Z,washer,8
2CTX,2023-09-23T11:29:21.000Z,washer,18
2CTX,2023-09-23T09:47:33.000Z,washer,18
2CTX,2023-09-23T08:00:47.000Z,washer,18
2CTX,2023-09-23T05:21:15.000Z,washer,8
2CTX,2023-09-23T05:19:18.000Z,washer,18
2CTX,2023-09-22T17:56:01.000Z,washer,18
2CTX,2023-09-22T16:51:35.000Z,washer,8
2CTX,2023-09-22T13:52:25.000Z,washer,18
2CTX,2023-09-22T12:51:15.000Z,washer,18
2CTX,2023-09-22T12:40:13.000Z,washer,8
2CTX,2023-09-22T11:50:03.000Z,washer,18
2CTX,2023-09-22T10:52:41.000Z,washer,8
2CTX,2023-09-22T10:21:29.000Z,washer,18
2CTX,2023-09-22T10:03:58.000Z,washer,8
2CTX,2023-09-22T09:14:36.000Z,washer,18
2CTX,2023-09-22T09:07:22.000Z,washer,8
2CTX,2023-09-21T18:47:13.000Z,washer,18
2CTX,2023-09-21T17:18:42.000Z,washer,18
2CTX,2023-09-21T13:36:38.000Z,washer,18
2CTX,2023-09-21T13:06:39.000Z,washer,8
2CTX,2023-09-21T12:40:57.000Z,washer,18
2CTX,2023-09-21T07:47:18.000Z,washer,18
2CTX,2023-09-20T16:01:18.000Z,washer,18
2CTX,2023-09-20T10:39:42.000Z,washer,18
2CTX,2023-09-20T09:03:10.000Z,washer,18
2CTX,2023-09-19T19:00:15.000Z,washer,18
2CTX,2023-09-19T17:15:33.000Z,washer,18
2CTX,2023-09-19T17:11:55.000Z,washer,8
2CTX,2023-09-19T17:08:34.000Z,washer,8
2CTX,2023-09-19T14:01:16.000Z,washer,8
2CTX,2023-09-19T13:50:01.000Z,washer,18
2CTX,2023-09-19T12:23:18.000Z,washer,18
2CTX,2023-09-19T11:00:27.000Z,washer,18
2CTX,2023-09-19T10:05:48.000Z,washer,18
2CTX,2023-09-19T09:03:39.000Z,washer,18
2CTX,2023-09-18T19:31:42.000Z,washer,8
2CTX,2023-09-18T18:40:47.000Z,washer,18
2CTX,2023-09-18T14:06:28.000Z,washer,8
2CTX,2023-09-18T13:01:06.000Z,washer,18
2CTX,2023-09-18T12:04:05.000Z,washer,18
2CTX,2023-09-18T11:49:31.000Z,washer,8
2CTX,2023-09-18T11:02:57.000Z,washer,18
2CTX,2023-09-18T10:59:51.000Z,washer,8
2CTX,2023-09-18T10:14:49.000Z,washer,18
2CTX,2023-09-18T09:20:04.000Z,washer,8
2CTX,2023-09-18T08:32:05.000Z,washer,8
2CTX,2023-09-18T08:30:09.000Z,washer,18
2CTX,2023-09-17T16:08:11.000Z,washer,18
2CTX,2023-09-17T14:04:03.000Z,washer,8
2CTX,2023-09-17T13:53:55.000Z,washer,18
2CTX,2023-09-17T13:01:22.000Z,washer,18
2CTX,2023-09-17T11:00:29.000Z,washer,18
2CTX,2023-09-17T09:32:09.000Z,washer,8
2CTX,2023-09-16T20:44:25.000Z,washer,8
2CTX,2023-09-16T19:48:57.000Z,washer,18
2CTX,2023-09-16T19:23:43.000Z,washer,8
2CTX,2023-09-16T18:34:18.000Z,washer,8
2CTX,2023-09-16T17:45:45.000Z,washer,18
2CTX,2023-09-16T17:38:28.000Z,washer,8
2CTX,2023-09-16T16:02:52.000Z,washer,18
2CTX,2023-09-16T13:54:33.000Z,washer,18
2CTX,2023-09-16T12:23:53.000Z,washer,18
2CTX,2023-09-16T12:14:29.000Z,washer,8
2CTX,2023-09-16T11:30:21.000Z,washer,18
2CTX,2023-09-16T10:33:04.000Z,washer,8
2CTX,2023-09-16T10:32:06.000Z,washer,18
2CTX,2023-09-15T20:43:24.000Z,washer,18
2CTX,2023-09-15T18:38:10.000Z,washer,8
2CTX,2023-09-15T18:17:02.000Z,washer,18
2CTX,2023-09-15T16:22:30.000Z,washer,8
2CTX,2023-09-15T16:20:00.000Z,washer,18
2CTX,2023-09-15T14:54:30.000Z,washer,8
2CTX,2023-09-15T12:36:44.000Z,washer,18
2CTX,2023-09-15T10:57:32.000Z,washer,8
2CTX,2023-09-15T10:55:37.000Z,washer,18
2CTX,2023-09-15T09:20:21.000Z,washer,18
2CTX,2023-09-15T06:18:24.000Z,washer,18
2CTX,2023-09-14T19:05:08.000Z,washer,18
2CTX,2023-09-14T18:04:17.000Z,washer,8
2CTX,2023-09-14T17:07:35.000Z,washer,18
2CTX,2023-09-14T14:52:39.000Z,washer,18
2CTX,2023-09-14T10:08:27.000Z,washer,18
2CTX,2023-09-13T17:58:13.000Z,washer,18
2CTX,2023-09-13T15:41:21.000Z,washer,8
2CTX,2023-09-13T15:39:35.000Z,washer,18
2CTX,2023-09-13T14:23:55.000Z,washer,18
2CTX,2023-09-13T13:31:32.000Z,washer,18
2CTX,2023-09-13T11:03:03.000Z,washer,8
2CTX,2023-09-13T10:58:57.000Z,washer,18
2CTX,2023-09-13T09:47:01.000Z,washer,18
2CTX,2023-09-13T09:45:35.000Z,washer,8
2CTX,2023-09-13T08:28:32.000Z,washer,18
2CTX,2023-09-12T20:28:04.000Z,washer,18
2CTX,2023-09-12T19:45:53.000Z,washer,8
2CTX,2023-09-12T19:36:35.000Z,washer,18
2CTX,2023-09-12T15:31:50.000Z,washer,18
2CTX,2023-09-12T09:18:50.000Z,washer,18
2CTX,2023-09-11T21:43:22.000Z,washer,18
2CTX,2023-09-11T20:59:56.000Z,washer,18
2CTX,2023-09-11T20:02:44.000Z,washer,18
2CTX,2023-09-11T17:01:05.000Z,washer,18
2CTX,2023-09-11T15:45:04.000Z,washer,18
2CTX,2023-09-11T13:06:03.000Z,washer,8
2CTX,2023-09-11T11:15:28.000Z,washer,18
2CTX,2023-09-11T09:13:51.000Z,washer,8
2CTX,2023-09-11T09:09:10.000Z,washer,18
2CTX,2023-09-11T08:27:09.000Z,washer,18
2CTX,2023-09-10T19:45:41.000Z,washer,18
2CTX,2023-09-10T18:51:03.000Z,washer,8
2CTX,2023-09-10T18:43:29.000Z,washer,18
2CTX,2023-09-09T19:59:01.000Z,washer,8
2CTX,2023-09-09T16:59:16.000Z,washer,8
2CTX,2023-09-09T15:36:31.000Z,washer,18
2CTX,2023-09-09T14:31:24.000Z,washer,8
2CTX,2023-09-09T14:29:29.000Z,washer,18
2CTX,2023-09-09T13:21:27.000Z,washer,18
2CTX,2023-09-09T12:09:07.000Z,washer,18
2CTX,2023-09-09T10:54:29.000Z,washer,18
2CTX,2023-09-09T09:02:50.000Z,washer,8
2CTX,2023-09-09T08:43:05.000Z,washer,18
2CTX,2023-09-09T07:02:23.000Z,washer,8
2CTX,2023-09-09T06:48:39.000Z,washer,18
2CTX,2023-09-09T05:52:32.000Z,washer,18
2CTX,2023-09-09T05:51:20.000Z,washer,8
2CTX,2023-09-08T17:16:44.000Z,washer,18
2CTX,2023-09-08T11:39:04.000Z,washer,8
2CTX,2023-09-08T11:37:46.000Z,washer,18
2CTX,2023-09-08T08:41:46.000Z,washer,8
2CTX,2023-09-08T08:36:03.000Z,washer,18
2CTX,2023-09-07T20:08:44.000Z,washer,8
2CTX,2023-09-07T20:07:26.000Z,washer,18
2CTX,2023-09-07T19:04:15.000Z,washer,18
2CTX,2023-09-07T10:17:03.000Z,washer,8
2CTX,2023-09-07T07:12:58.000Z,washer,18
2CTX,2023-09-06T22:47:16.000Z,washer,8
2CTX,2023-09-06T16:51:14.000Z,washer,8
2CTX,2023-09-06T14:32:40.000Z,washer,8
2CTX,2023-09-06T13:41:02.000Z,washer,8
2CTX,2023-09-06T13:06:34.000Z,washer,8
2CTX,2023-09-06T10:34:45.000Z,washer,18
2CTX,2023-09-06T09:10:28.000Z,washer,8
2CTX,2023-09-06T07:40:22.000Z,washer,8
2CTX,2023-09-06T07:39:18.000Z,washer,18
2CTX,2023-09-05T21:08:09.000Z,washer,18
2CTX,2023-09-05T21:07:05.000Z,washer,8
2CTX,2023-09-05T16:43:47.000Z,washer,18
2CTX,2023-09-05T14:39:41.000Z,washer,18
2CTX,2023-09-05T09:59:38.000Z,washer,18
2CTX,2023-09-05T08:48:33.000Z,washer,8
2CTX,2023-09-04T20:21:45.000Z,washer,8
2CTX,2023-09-04T18:26:08.000Z,washer,18
2CTX,2023-09-04T15:35:18.000Z,washer,18
2CTX,2023-09-04T15:00:29.000Z,washer,8
2CTX,2023-09-04T14:32:31.000Z,washer,18
2CTX,2023-09-04T14:16:04.000Z,washer,8
2CTX,2023-09-04T13:41:44.000Z,washer,18
2CTX,2023-09-04T08:18:50.000Z,washer,18
2CTX,2023-09-03T18:20:04.000Z,washer,8
2CTX,2023-09-03T18:11:03.000Z,washer,18
2CTX,2023-09-03T17:15:55.000Z,washer,18
2CTX,2023-09-03T16:22:59.000Z,washer,8
2CTX,2023-09-03T15:05:34.000Z,washer,18
2CTX,2023-09-03T15:02:04.000Z,washer,8
2CTX,2023-09-03T13:21:49.000Z,washer,8
2CTX,2023-09-03T12:15:10.000Z,washer,18
2CTX,2023-09-03T11:33:22.000Z,washer,8
2CTX,2023-09-03T10:42:46.000Z,washer,8
2CTX,2023-09-03T10:39:36.000Z,washer,18
2CTX,2023-09-03T09:19:41.000Z,washer,18
2CTX,2023-09-02T20:20:31.000Z,washer,18
2CTX,2023-09-02T19:14:13.000Z,washer,18
2CTX,2023-09-02T18:17:11.000Z,washer,18
2CTX,2023-09-02T16:41:08.000Z,washer,18
2CTX,2023-09-02T15:40:12.000Z,washer,8
2CTX,2023-09-02T15:36:51.000Z,washer,18
2CTX,2023-09-02T14:29:21.000Z,washer,8
2CTX,2023-09-02T14:27:24.000Z,washer,18
2CTX,2023-09-02T12:13:18.000Z,washer,18
2CTX,2023-09-02T11:23:20.000Z,washer,18
2CTX,2023-09-02T10:31:36.000Z,washer,18
2CTX,2023-09-02T08:37:26.000Z,washer,18
2CTX,2023-09-02T07:25:24.000Z,washer,18
2CTX,2023-09-02T01:55:15.000Z,washer,8
2CTX,2023-09-01T20:44:23.000Z,washer,18
2CTX,2023-09-01T18:35:25.000Z,washer,18
2CTX,2023-09-01T17:54:26.000Z,washer,8
2CTX,2023-09-01T17:25:41.000Z,washer,18
2CTX,2023-09-01T16:18:19.000Z,washer,8
2CTX,2023-09-01T16:17:01.000Z,washer,18
2CTX,2023-09-01T15:19:41.000Z,washer,18
2CTX,2023-09-01T14:24:22.000Z,washer,8
2CTX,2023-09-01T12:23:57.000Z,washer,8
2CTX,2023-09-01T12:22:08.000Z,washer,18
2CTX,2023-08-31T18:22:08.000Z,washer,18
2CTX,2023-08-31T17:07:05.000Z,washer,8
2CTX,2023-08-31T13:41:36.000Z,washer,18
2CTX,2023-08-31T12:16:37.000Z,washer,8
2CTX,2023-08-31T10:17:51.000Z,washer,18
2CTX,2023-08-31T10:16:21.000Z,washer,8
2CTX,2023-08-30T22:46:51.000Z,washer,18
2CTX,2023-08-30T21:10:43.000Z,washer,8
2CTX,2023-08-30T20:29:27.000Z,washer,18
2CTX,2023-08-30T19:20:41.000Z,washer,18
2CTX,2023-08-30T18:38:41.000Z,washer,8
2CTX,2023-08-30T18:34:00.000Z,washer,18
2CTX,2023-08-30T16:56:55.000Z,washer,18
2CTX,2023-08-30T15:55:41.000Z,washer,18
2CTX,2023-08-30T14:48:51.000Z,washer,8
2CTX,2023-08-29T13:39:47.000Z,washer,8
2CTX,2023-08-29T10:42:42.000Z,washer,18
2CTX,2023-08-29T02:52:34.000Z,washer,8
2CTX,2023-08-28T19:15:29.000Z,washer,18
2CTX,2023-08-28T17:01:31.000Z,washer,18
2CTX,2023-08-28T13:55:27.000Z,washer,18
2CTX,2023-08-28T12:15:47.000Z,washer,18
2CTX,2023-08-28T00:37:02.000Z,washer,8
2CTX,2023-08-27T18:55:37.000Z,washer,18
2CTX,2023-08-26T20:48:38.000Z,washer,8
2CTX,2023-08-26T18:27:42.000Z,washer,8
2CTX,2023-08-26T17:53:08.000Z,washer,18
2CTX,2023-08-26T15:28:56.000Z,washer,8
2CTX,2023-08-26T14:27:46.000Z,washer,8
2CTX,2023-08-26T13:44:41.000Z,washer,18
2CTX,2023-08-26T10:59:52.000Z,washer,18
2CTX,2023-08-26T09:44:41.000Z,washer,18
2CTX,2023-08-25T22:29:02.000Z,washer,8
2CTX,2023-08-25T12:50:38.000Z,washer,18
2CTX,2023-08-25T12:19:42.000Z,washer,8
2CTX,2023-08-25T11:19:56.000Z,washer,8
2CTX,2023-08-25T11:18:59.000Z,washer,18
2CTX,2023-08-25T09:08:03.000Z,washer,18
2CTX,2023-08-24T20:16:00.000Z,washer,18
2CTX,2023-08-24T18:56:03.000Z,washer,8
2CTX,2023-08-24T18:21:04.000Z,washer,18
2CTX,2023-08-24T16:26:08.000Z,washer,18
2CTX,2023-08-24T16:17:15.000Z,washer,8
2CTX,2023-08-24T13:39:20.000Z,washer,8
2CTX,2023-08-24T13:21:57.000Z,washer,18
2CTX,2023-08-24T11:36:54.000Z,washer,18
2CTX,2023-08-24T10:55:56.000Z,washer,8
2CTX,2023-08-24T10:20:52.000Z,washer,18
2CTX,2023-08-24T08:27:58.000Z,washer,8
2CTX,2023-08-24T08:26:26.000Z,washer,18
2CTX,2023-08-23T21:00:31.000Z,washer,18
2CTX,2023-08-23T17:33:37.000Z,washer,18
2CTX,2023-08-23T15:55:39.000Z,washer,18
2CTX,2023-08-23T14:22:41.000Z,washer,18
2CTX,2023-08-23T13:26:57.000Z,washer,18
2CTX,2023-08-23T11:50:32.000Z,washer,8
2CTX,2023-08-23T06:10:47.000Z,washer,8
2CTX,2023-08-22T14:49:22.000Z,washer,18
2CTX,2023-08-22T12:04:22.000Z,washer,18
2CTX,2023-08-22T08:30:41.000Z,washer,18
2CTX,2023-08-22T08:23:19.000Z,washer,8
2CTX,2023-08-21T17:55:21.000Z,washer,8
2CTX,2023-08-21T17:22:39.000Z,washer,18
2CTX,2023-08-21T16:35:30.000Z,washer,18
2CTX,2023-08-21T13:27:39.000Z,washer,18
2CTX,2023-08-21T07:06:39.000Z,washer,18
2CTX,2023-08-20T20:03:58.000Z,washer,18
2CTX,2023-08-20T14:36:45.000Z,washer,18
2CTX,2023-08-20T13:08:22.000Z,washer,8
2CTX,2023-08-20T11:27:01.000Z,washer,18
2CTX,2023-08-19T21:13:24.000Z,washer,18
2CTX,2023-08-19T18:44:46.000Z,washer,8
2CTX,2023-08-19T17:59:03.000Z,washer,18
2CTX,2023-08-19T14:55:23.000Z,washer,18
2CTX,2023-08-19T13:54:17.000Z,washer,18
2CTX,2023-08-19T11:29:06.000Z,washer,8
2CTX,2023-08-19T10:39:02.000Z,washer,8
2CTX,2023-08-19T10:26:56.000Z,washer,18
2CTX,2023-08-19T07:28:25.000Z,washer,8
2CTX,2023-08-18T21:07:33.000Z,washer,18
2CTX,2023-08-18T18:37:12.000Z,washer,18
2CTX,2023-08-18T18:13:46.000Z,washer,8
2CTX,2023-08-18T16:12:14.000Z,washer,18
2CTX,2023-08-18T14:57:17.000Z,washer,8
2CTX,2023-08-18T14:56:07.000Z,washer,18
2CTX,2023-08-18T13:54:19.000Z,washer,8
2CTX,2023-08-18T13:52:27.000Z,washer,18
2CTX,2023-08-18T12:25:32.000Z,washer,8
2CTX,2023-08-18T09:22:16.000Z,washer,18
2CTX,2023-08-18T08:20:24.000Z,washer,18
2CTX,2023-08-17T16:32:52.000Z,washer,18
2CTX,2023-08-17T11:09:48.000Z,washer,18
2CTX,2023-08-17T10:05:47.000Z,washer,18
2CTX,2023-08-16T11:12:14.000Z,washer,18
2CTX,2023-08-16T10:22:17.000Z,washer,8
2CTX,2023-08-16T09:37:34.000Z,washer,18
2CTX,2023-08-16T09:28:48.000Z,washer,8
2CTX,2023-08-16T08:33:00.000Z,washer,18
2CTX,2023-08-15T20:44:50.000Z,washer,18
2CTX,2023-08-15T20:43:42.000Z,washer,8
2CTX,2023-08-15T15:18:29.000Z,washer,18
2CTX,2023-08-15T14:25:47.000Z,washer,18
2CTX,2023-08-15T12:36:48.000Z,washer,18
2CTX,2023-08-15T11:25:14.000Z,washer,18
2CTX,2023-08-15T10:36:26.000Z,washer,8
2CTX,2023-08-15T10:05:40.000Z,washer,18
2CTX,2023-08-15T08:01:19.000Z,washer,8
2CTX,2023-08-14T20:43:15.000Z,washer,18
2CTX,2023-08-14T18:57:06.000Z,washer,18
2CTX,2023-08-14T18:05:55.000Z,washer,8
2CTX,2023-08-14T18:00:54.000Z,washer,18
2CTX,2023-08-14T17:00:13.000Z,washer,8
2CTX,2023-08-14T15:56:34.000Z,washer,18
2CTX,2023-08-14T15:02:08.000Z,washer,18
2CTX,2023-08-14T14:10:14.000Z,washer,8
2CTX,2023-08-14T13:52:34.000Z,washer,18
2CTX,2023-08-14T12:22:21.000Z,washer,18
2CTX,2023-08-14T12:16:23.000Z,washer,8
2CTX,2023-08-14T10:35:42.000Z,washer,18
2CTX,2023-08-14T10:18:34.000Z,washer,8
2CTX,2023-08-14T09:13:37.000Z,washer,18
2CTX,2023-08-14T07:56:49.000Z,washer,8
2CTX,2023-08-14T07:55:28.000Z,washer,18
2CTX,2023-08-13T20:40:37.000Z,washer,8
2CTX,2023-08-13T18:16:36.000Z,washer,8
2CTX,2023-08-13T15:43:23.000Z,washer,18
2CTX,2023-08-13T14:00:16.000Z,washer,8
2CTX,2023-08-13T11:57:54.000Z,washer,18
2CTX,2023-08-13T10:59:42.000Z,washer,18
2CTX,2023-08-13T10:04:01.000Z,washer,18
2CTX,2023-08-13T07:37:47.000Z,washer,18
2CTX,2023-08-12T20:52:17.000Z,washer,18
2CTX,2023-08-12T17:25:46.000Z,washer,18
2CTX,2023-08-12T16:27:37.000Z,washer,18
2CTX,2023-08-12T13:47:16.000Z,washer,18
2CTX,2023-08-12T12:57:17.000Z,washer,18
2CTX,2023-08-12T11:49:08.000Z,washer,18
2CTX,2023-08-12T10:49:06.000Z,washer,18
2CTX,2023-08-12T09:49:46.000Z,washer,18
2CTX,2023-08-12T09:37:05.000Z,washer,8
2CTX,2023-08-12T08:53:54.000Z,washer,18
2CTX,2023-08-12T07:12:13.000Z,washer,8
2CTX,2023-08-11T21:10:24.000Z,washer,18
2CTX,2023-08-11T18:04:45.000Z,washer,18
2CTX,2023-08-11T13:44:53.000Z,washer,18
2CTX,2023-08-11T12:47:13.000Z,washer,18
2CTX,2023-08-11T10:04:42.000Z,washer,18
2CTX,2023-08-10T16:11:34.000Z,washer,18
2CTX,2023-08-10T12:29:55.000Z,washer,8
2CTX,2023-08-10T10:38:35.000Z,washer,8
2CTX,2023-08-09T22:00:33.000Z,washer,18
2CTX,2023-08-09T20:04:25.000Z,washer,8
2CTX,2023-08-09T16:05:38.000Z,washer,18
2CTX,2023-08-09T13:12:46.000Z,washer,8
2CTX,2023-08-09T12:11:41.000Z,washer,8
2CTX,2023-08-09T08:32:41.000Z,washer,18
2CTX,2023-08-08T17:04:11.000Z,washer,8
2CTX,2023-08-08T17:02:50.000Z,washer,18
2CTX,2023-08-08T16:09:03.000Z,washer,8
2CTX,2023-08-08T13:11:12.000Z,washer,18
2CTX,2023-08-07T20:46:09.000Z,washer,18
2CTX,2023-08-07T14:58:22.000Z,washer,18
2CTX,2023-08-06T21:59:28.000Z,washer,8
2CTX,2023-08-06T21:56:44.000Z,washer,18
2CTX,2023-08-06T20:14:08.000Z,washer,8
2CTX,2023-08-06T19:34:22.000Z,washer,18
2CTX,2023-08-06T18:13:48.000Z,washer,8
2CTX,2023-08-06T17:38:23.000Z,washer,18
2CTX,2023-08-06T16:29:54.000Z,washer,18
2CTX,2023-08-06T15:49:20.000Z,washer,8
2CTX,2023-08-06T15:32:58.000Z,washer,18
2CTX,2023-08-05T00:37:39.000Z,washer,8
2CTX,2023-08-04T21:08:50.000Z,washer,18
2CTX,2023-08-04T20:03:26.000Z,washer,8
2CTX,2023-08-04T19:11:12.000Z,washer,18
2CTX,2023-08-04T18:18:47.000Z,washer,18
2CTX,2023-08-04T15:12:42.000Z,washer,18
2CTX,2023-08-04T14:58:59.000Z,washer,8
2CTX,2023-08-04T14:03:09.000Z,washer,18
2CTX,2023-08-04T13:56:29.000Z,washer,8
2CTX,2023-08-04T13:03:14.000Z,washer,18
2CTX,2023-08-04T12:20:06.000Z,washer,8
2CTX,2023-08-04T12:06:33.000Z,washer,18
2CTX,2023-08-04T11:09:16.000Z,washer,8
2CTX,2023-08-04T11:07:22.000Z,washer,18
2CTX,2023-08-04T09:53:59.000Z,washer,18
2CTX,2023-08-04T08:57:59.000Z,washer,18
2CTX,2023-08-04T08:05:54.000Z,washer,8
2CTX,2023-08-04T07:24:55.000Z,washer,18
2CTX,2023-08-03T18:51:40.000Z,washer,18
2CTX,2023-08-03T18:22:18.000Z,washer,8
2CTX,2023-08-03T16:45:26.000Z,washer,8
2CTX,2023-08-03T14:55:42.000Z,washer,18
2CTX,2023-08-03T13:15:47.000Z,washer,8
2CTX,2023-08-03T12:21:10.000Z,washer,8
2CTX,2023-08-03T12:19:07.000Z,washer,18
2CTX,2023-08-03T08:49:59.000Z,washer,18
2CTX,2023-08-02T15:15:01.000Z,washer,18
2CTX,2023-08-02T14:19:43.000Z,washer,18
2CTX,2023-08-02T13:21:17.000Z,washer,18
2CTX,2023-08-02T11:11:36.000Z,washer,18
2CTX,2023-08-02T09:48:11.000Z,washer,18
2CTX,2023-08-02T09:08:11.000Z,washer,8
2CTX,2023-08-01T21:34:16.000Z,washer,18
2CTX,2023-08-01T20:35:14.000Z,washer,8
2CTX,2023-08-01T20:32:44.000Z,washer,18
2CTX,2023-08-01T17:45:23.000Z,washer,18
2CTX,2023-08-01T17:40:08.000Z,washer,8
2CTX,2023-08-01T16:15:18.000Z,washer,18
2CTX,2023-08-01T15:11:53.000Z,washer,18
2CTX,2023-08-01T13:58:52.000Z,washer,8
2CTX,2023-08-01T12:46:53.000Z,washer,18
2CTX,2023-07-31T22:42:50.000Z,washer,18
2CTX,2023-07-31T22:33:28.000Z,washer,8
2CTX,2023-07-31T21:18:21.000Z,washer,18
2CTX,2023-07-31T20:24:34.000Z,washer,18
2CTX,2023-07-31T18:32:58.000Z,washer,18
2CTX,2023-07-31T15:37:44.000Z,washer,18
2CTX,2023-07-31T14:37:28.000Z,washer,18
2CTX,2023-07-31T12:02:12.000Z,washer,18
2CTX,2023-07-31T09:59:31.000Z,washer,8
2CTX,2023-07-31T04:58:51.000Z,washer,18
2CTX,2023-07-30T17:39:21.000Z,washer,18
2CTX,2023-07-30T17:27:47.000Z,washer,8
2CTX,2023-07-30T15:01:44.000Z,washer,8
2CTX,2023-07-30T14:12:13.000Z,washer,8
2CTX,2023-07-30T13:57:41.000Z,washer,18
2CTX,2023-07-30T10:23:27.000Z,washer,8
2CTX,2023-07-30T09:28:55.000Z,washer,8
2CTX,2023-07-30T08:32:45.000Z,washer,18
2CTX,2023-07-29T21:06:25.000Z,washer,8
2CTX,2023-07-29T21:04:27.000Z,washer,18
2CTX,2023-07-29T18:12:16.000Z,washer,18
2CTX,2023-07-29T18:08:18.000Z,washer,8
2CTX,2023-07-29T17:24:15.000Z,washer,8
2CTX,2023-07-29T17:15:25.000Z,washer,18
2CTX,2023-07-29T16:21:31.000Z,washer,18
2CTX,2023-07-29T15:04:35.000Z,washer,18
2CTX,2023-07-29T14:04:13.000Z,washer,8
2CTX,2023-07-29T12:36:36.000Z,washer,8
2CTX,2023-07-29T12:32:41.000Z,washer,18
2CTX,2023-07-29T11:10:29.000Z,washer,18
2CTX,2023-07-28T16:24:37.000Z,washer,18
2CTX,2023-07-28T15:25:40.000Z,washer,18
2CTX,2023-07-28T14:05:15.000Z,washer,18
2CTX,2023-07-28T13:41:26.000Z,washer,8
2CTX,2023-07-28T13:00:34.000Z,washer,18
2CTX,2023-07-28T11:48:27.000Z,washer,18
2CTX,2023-07-28T10:53:39.000Z,washer,18
2CTX,2023-07-27T20:16:06.000Z,washer,18
2CTX,2023-07-27T15:52:23.000Z,washer,18
2CTX,2023-07-27T11:04:52.000Z,washer,8
2CTX,2023-07-27T10:50:53.000Z,washer,18
2CTX,2023-07-27T09:13:11.000Z,washer,8
2CTX,2023-07-27T08:52:47.000Z,washer,18
2CTX,2023-07-26T20:25:49.000Z,washer,18
2CTX,2023-07-26T19:24:47.000Z,washer,8
2CTX,2023-07-26T19:20:44.000Z,washer,18
2CTX,2023-07-26T17:45:34.000Z,washer,18
2CTX,2023-07-26T17:07:06.000Z,washer,8
2CTX,2023-07-26T16:19:47.000Z,washer,18
2CTX,2023-07-26T11:20:06.000Z,washer,18
2CTX,2023-07-26T09:58:22.000Z,washer,8
2CTX,2023-07-25T15:24:34.000Z,washer,8
2CTX,2023-07-25T15:23:25.000Z,washer,18
2CTX,2023-07-25T12:20:26.000Z,washer,18
2CTX,2023-07-25T11:07:54.000Z,washer,8
2CTX,2023-07-25T11:02:52.000Z,washer,18
2CTX,2023-07-25T09:24:34.000Z,washer,18
2CTX,2023-07-24T21:29:52.000Z,washer,8
2CTX,2023-07-24T18:35:57.000Z,washer,18
2CTX,2023-07-24T15:06:16.000Z,washer,18
2CTX,2023-07-24T12:31:25.000Z,washer,18
2CTX,2023-07-23T13:29:52.000Z,washer,18
2CTX,2023-07-23T12:29:13.000Z,washer,8
2CTX,2023-07-23T12:15:48.000Z,washer,18
2CTX,2023-07-23T11:27:21.000Z,washer,8
2CTX,2023-07-23T11:09:01.000Z,washer,18
2CTX,2023-07-23T10:10:00.000Z,washer,8
2CTX,2023-07-23T08:01:20.000Z,washer,8
2CTX,2023-07-23T07:28:05.000Z,washer,18
2CTX,2023-07-22T18:30:44.000Z,washer,8
2CTX,2023-07-22T18:25:59.000Z,washer,18
2CTX,2023-07-22T16:45:22.000Z,washer,8
2CTX,2023-07-22T16:43:55.000Z,washer,18
2CTX,2023-07-22T15:11:37.000Z,washer,8
2CTX,2023-07-22T12:08:25.000Z,washer,18
2CTX,2023-07-22T11:12:46.000Z,washer,18
2CTX,2023-07-22T09:39:40.000Z,washer,18
2CTX,2023-07-22T07:15:56.000Z,washer,8
2CTX,2023-07-22T05:33:54.000Z,washer,18
2CTX,2023-07-21T19:30:39.000Z,washer,8
2CTX,2023-07-21T17:43:05.000Z,washer,18
2CTX,2023-07-21T15:13:12.000Z,washer,18
2CTX,2023-07-21T15:08:13.000Z,washer,8
2CTX,2023-07-21T09:50:11.000Z,washer,18
2CTX,2023-07-21T08:49:03.000Z,washer,18
2CTX,2023-07-21T07:58:45.000Z,washer,8
2CTX,2023-07-20T15:05:44.000Z,washer,18
2CTX,2023-07-20T13:21:22.000Z,washer,8
2CTX,2023-07-20T12:21:14.000Z,washer,18
2CTX,2023-07-20T12:10:09.000Z,washer,8
2CTX,2023-07-20T11:18:03.000Z,washer,18
2CTX,2023-07-20T10:09:47.000Z,washer,18
2CTX,2023-07-20T09:53:39.000Z,washer,8
2CTX,2023-07-19T20:25:31.000Z,washer,18
2CTX,2023-07-19T19:30:01.000Z,washer,18
2CTX,2023-07-19T14:12:49.000Z,washer,8
2CTX,2023-07-19T13:23:38.000Z,washer,8
2CTX,2023-07-19T13:22:08.000Z,washer,18
2CTX,2023-07-19T10:58:27.000Z,washer,18
2CTX,2023-07-18T20:34:16.000Z,washer,8
2CTX,2023-07-18T20:33:18.000Z,washer,18
2CTX,2023-07-18T17:01:43.000Z,washer,18
2CTX,2023-07-18T11:57:53.000Z,washer,18
2CTX,2023-07-18T10:50:30.000Z,washer,18
2CTX,2023-07-17T20:53:55.000Z,washer,18
2CTX,2023-07-17T13:49:58.000Z,washer,18
2CTX,2023-07-17T08:51:09.000Z,washer,8
2CTX,2023-07-16T17:52:55.000Z,washer,8
2CTX,2023-07-16T17:50:39.000Z,washer,18
2CTX,2023-07-16T11:41:05.000Z,washer,18
2CTX,2023-07-16T10:35:36.000Z,washer,18
2CTX,2023-07-16T09:21:52.000Z,washer,18
2CTX,2023-07-16T07:37:46.000Z,washer,18
2CTX,2023-07-15T20:48:10.000Z,washer,8
2CTX,2023-07-15T16:09:46.000Z,washer,8
2CTX,2023-07-15T16:07:20.000Z,washer,18
2CTX,2023-07-15T14:34:48.000Z,washer,18
2CTX,2023-07-15T14:30:35.000Z,washer,8
2CTX,2023-07-15T13:41:35.000Z,washer,18
2CTX,2023-07-15T07:17:19.000Z,washer,18
2CTX,2023-07-14T16:51:54.000Z,washer,18
2CTX,2023-07-14T16:38:07.000Z,washer,8
2CTX,2023-07-14T15:08:54.000Z,washer,18
2CTX,2023-07-14T12:50:05.000Z,washer,8
2CTX,2023-07-14T12:49:00.000Z,washer,18
2CTX,2023-07-14T11:39:39.000Z,washer,18
2CTX,2023-07-14T11:24:52.000Z,washer,8
2CTX,2023-07-14T09:26:02.000Z,washer,18
2CTX,2023-07-13T23:09:43.000Z,washer,8
2CTX,2023-07-13T20:26:41.000Z,washer,8
2CTX,2023-07-13T11:39:51.000Z,washer,18
2CTX,2023-07-13T11:23:28.000Z,washer,8
2CTX,2023-07-13T08:53:29.000Z,washer,8
2CTX,2023-07-13T08:49:53.000Z,washer,18
2CTX,2023-07-12T17:41:56.000Z,washer,8
2CTX,2023-07-12T17:40:24.000Z,washer,18
2CTX,2023-07-12T15:56:48.000Z,washer,8
2CTX,2023-07-12T15:07:12.000Z,washer,8
2CTX,2023-07-12T13:40:42.000Z,washer,18
2CTX,2023-07-12T13:04:54.000Z,washer,8
2CTX,2023-07-12T10:27:59.000Z,washer,18
2CTX,2023-07-12T07:56:58.000Z,washer,18
2CTX,2023-07-11T19:01:51.000Z,washer,8
2CTX,2023-07-11T15:48:00.000Z,washer,8
2CTX,2023-07-11T15:30:15.000Z,washer,18
2CTX,2023-07-11T14:16:50.000Z,washer,8
2CTX,2023-07-11T11:29:44.000Z,washer,18
2CTX,2023-07-11T10:36:43.000Z,washer,18
2CTX,2023-07-11T09:41:44.000Z,washer,18
2CTX,2023-07-11T08:48:54.000Z,washer,18
2CTX,2023-07-10T16:58:59.000Z,washer,18
2CTX,2023-07-10T15:12:14.000Z,washer,18
2CTX,2023-07-10T14:10:33.000Z,washer,18
2CTX,2023-07-10T13:08:38.000Z,washer,18
2CTX,2023-07-10T11:49:14.000Z,washer,18
2CTX,2023-07-10T11:47:02.000Z,washer,8
2CTX,2023-07-10T09:39:29.000Z,washer,8
2CTX,2023-07-10T09:38:20.000Z,washer,18
2CTX,2023-07-09T20:29:12.000Z,washer,18
2CTX,2023-07-09T15:53:49.000Z,washer,18
2CTX,2023-07-09T15:22:00.000Z,washer,8
2CTX,2023-07-09T14:44:16.000Z,washer,18
2CTX,2023-07-09T13:49:19.000Z,washer,18
2CTX,2023-07-09T11:53:39.000Z,washer,18
2CTX,2023-07-09T11:40:36.000Z,washer,8
2CTX,2023-07-09T10:30:37.000Z,washer,18
2CTX,2023-07-09T10:17:30.000Z,washer,8
2CTX,2023-07-08T21:11:15.000Z,washer,8
2CTX,2023-07-08T18:48:32.000Z,washer,18
2CTX,2023-07-08T18:40:04.000Z,washer,8
2CTX,2023-07-08T17:42:42.000Z,washer,18
2CTX,2023-07-08T16:50:03.000Z,washer,18
2CTX,2023-07-08T12:32:00.000Z,washer,18
2CTX,2023-07-08T11:20:05.000Z,washer,8
2CTX,2023-07-08T10:56:33.000Z,washer,18
2CTX,2023-07-08T10:02:05.000Z,washer,18
2CTX,2023-07-08T09:29:59.000Z,washer,8
2CTX,2023-07-08T08:43:24.000Z,washer,18
2CTX,2023-07-07T19:11:19.000Z,washer,8
2CTX,2023-07-07T17:38:33.000Z,washer,18
2CTX,2023-07-07T14:07:31.000Z,washer,18
2CTX,2023-07-07T11:52:13.000Z,washer,18
2CTX,2023-07-07T10:58:40.000Z,washer,8
2CTX,2023-07-07T10:54:24.000Z,washer,18
2CTX,2023-07-07T10:18:41.000Z,washer,8
2CTX,2023-07-07T09:42:20.000Z,washer,18
2CTX,2023-07-06T19:16:03.000Z,washer,18
2CTX,2023-07-06T16:22:55.000Z,washer,18
2CTX,2023-07-06T12:44:41.000Z,washer,18
2CTX,2023-07-06T11:19:05.000Z,washer,8
2CTX,2023-07-06T09:18:01.000Z,washer,18
2CTX,2023-07-05T20:22:55.000Z,washer,18
2CTX,2023-07-05T19:26:40.000Z,washer,18
2CTX,2023-07-05T12:26:59.000Z,washer,18
2CTX,2023-07-05T10:06:56.000Z,washer,8
2CTX,2023-07-04T21:54:36.000Z,washer,18
2CTX,2023-07-04T20:59:25.000Z,washer,18
2CTX,2023-07-04T17:19:34.000Z,washer,8
2CTX,2023-07-04T16:34:37.000Z,washer,18
2CTX,2023-07-04T13:37:07.000Z,washer,18
2CTX,2023-07-04T08:13:52.000Z,washer,18
2CTX,2023-07-03T16:24:07.000Z,washer,18
2CTX,2023-07-03T15:00:46.000Z,washer,18
2CTX,2023-07-03T12:41:30.000Z,washer,8
2CTX,2023-07-03T08:22:43.000Z,washer,18
2CTX,2023-07-03T04:38:19.000Z,washer,8
2CTX,2023-07-03T03:25:03.000Z,washer,18
2CTX,2023-07-03T03:23:48.000Z,washer,8
2CTX,2023-07-03T02:03:54.000Z,washer,18
2CTX,2023-07-02T21:27:31.000Z,washer,18
2CTX,2023-07-02T20:48:50.000Z,washer,8
2CTX,2023-07-02T19:59:53.000Z,washer,18
2CTX,2023-07-02T19:19:38.000Z,washer,8
2CTX,2023-07-02T18:51:10.000Z,washer,18
2CTX,2023-07-02T17:34:45.000Z,washer,18
2CTX,2023-07-02T15:31:12.000Z,washer,18
2CTX,2023-07-02T13:30:53.000Z,washer,18
2CTX,2023-07-02T11:49:21.000Z,washer,18
2CTX,2023-07-02T10:50:22.000Z,washer,8
2CTX,2023-07-02T10:47:15.000Z,washer,18
2CTX,2023-07-02T10:02:20.000Z,washer,8
2CTX,2023-07-02T09:42:11.000Z,washer,18
2CTX,2023-07-02T09:04:55.000Z,washer,8
2CTX,2023-07-01T20:37:52.000Z,washer,8
2CTX,2023-07-01T19:07:09.000Z,washer,18
2CTX,2023-07-01T17:52:32.000Z,washer,18
2CTX,2023-07-01T17:47:50.000Z,washer,8
2CTX,2023-07-01T15:51:15.000Z,washer,18
2CTX,2023-07-01T13:03:12.000Z,washer,18
2CTX,2023-07-01T11:48:48.000Z,washer,8
2CTX,2023-07-01T11:16:50.000Z,washer,18
2CTX,2023-07-01T11:09:48.000Z,washer,8
2CTX,2023-07-01T07:22:47.000Z,washer,18
2CTX,2023-06-30T14:57:07.000Z,washer,18
2CTX,2023-06-30T12:57:55.000Z,washer,8
2CTX,2023-06-30T09:41:27.000Z,washer,18
2CTX,2023-06-30T01:48:14.000Z,washer,8
2CTX,2023-06-29T17:19:39.000Z,washer,18
2CTX,2023-06-28T18:14:37.000Z,washer,18
2CTX,2023-06-28T10:24:05.000Z,washer,18
2CTX,2023-06-28T09:22:10.000Z,washer,8
2CTX,2023-06-28T09:10:48.000Z,washer,18
2CTX,2023-06-28T08:14:00.000Z,washer,8
2CTX,2023-06-28T08:12:29.000Z,washer,18
2CTX,2023-06-27T20:28:18.000Z,washer,8
2CTX,2023-06-27T17:37:05.000Z,washer,18
2CTX,2023-06-27T13:14:41.000Z,washer,18
2CTX,2023-06-27T12:07:32.000Z,washer,18
2CTX,2023-06-27T08:35:37.000Z,washer,8
2CTX,2023-06-26T16:48:47.000Z,washer,18
2CTX,2023-06-26T15:04:45.000Z,washer,18
2CTX,2023-06-26T14:09:23.000Z,washer,8
2CTX,2023-06-26T14:05:21.000Z,washer,18
2CTX,2023-06-26T11:58:03.000Z,washer,18
2CTX,2023-06-26T09:17:24.000Z,washer,8
2CTX,2023-06-26T09:15:49.000Z,washer,18
2CTX,2023-06-26T01:19:36.000Z,washer,8
2CTX,2023-06-25T17:12:08.000Z,washer,18
2CTX,2023-06-25T17:03:44.000Z,washer,8
2CTX,2023-06-25T07:19:56.000Z,washer,18
2CTX,2023-06-24T17:25:31.000Z,washer,18
2CTX,2023-06-24T14:17:58.000Z,washer,8
2CTX,2023-06-24T13:38:35.000Z,washer,18
2CTX,2023-06-24T12:53:38.000Z,washer,8
2CTX,2023-06-24T12:03:31.000Z,washer,8
2CTX,2023-06-24T12:02:09.000Z,washer,18
2CTX,2023-06-24T09:30:22.000Z,washer,8
2CTX,2023-06-24T09:26:10.000Z,washer,18
2CTX,2023-06-23T19:28:14.000Z,washer,8
2CTX,2023-06-23T17:31:44.000Z,washer,18
2CTX,2023-06-23T16:09:27.000Z,washer,8
2CTX,2023-06-23T13:08:28.000Z,washer,8
2CTX,2023-06-23T08:32:30.000Z,washer,18
2CTX,2023-06-23T05:30:32.000Z,washer,18
2CTX,2023-06-22T23:46:43.000Z,washer,8
2CTX,2023-06-22T21:07:06.000Z,washer,18
2CTX,2023-06-22T18:50:30.000Z,washer,18
2CTX,2023-06-22T17:54:01.000Z,washer,8
2CTX,2023-06-22T17:52:59.000Z,washer,18
2CTX,2023-06-22T16:41:58.000Z,washer,8
2CTX,2023-06-22T16:40:56.000Z,washer,18
2CTX,2023-06-22T13:53:33.000Z,washer,8
2CTX,2023-06-22T13:38:00.000Z,washer,18
2CTX,2023-06-22T12:44:02.000Z,washer,18
2CTX,2023-06-22T12:39:54.000Z,washer,8
2CTX,2023-06-22T11:49:43.000Z,washer,18
2CTX,2023-06-22T10:49:17.000Z,washer,18
2CTX,2023-06-22T10:33:13.000Z,washer,8
2CTX,2023-06-22T09:03:49.000Z,washer,18
2CTX,2023-06-21T20:27:19.000Z,washer,8
2CTX,2023-06-21T20:26:20.000Z,washer,18
2CTX,2023-06-21T08:25:38.000Z,washer,18
2CTX,2023-06-21T07:31:58.000Z,washer,8
2CTX,2023-06-20T14:38:55.000Z,washer,18
2CTX,2023-06-20T14:09:18.000Z,washer,8
2CTX,2023-06-20T10:52:04.000Z,washer,18
2CTX,2023-06-20T09:28:15.000Z,washer,18
2CTX,2023-06-19T21:39:31.000Z,washer,18
2CTX,2023-06-19T20:43:41.000Z,washer,18
2CTX,2023-06-19T16:35:46.000Z,washer,18
2CTX,2023-06-19T15:05:01.000Z,washer,18
2CTX,2023-06-19T13:57:57.000Z,washer,18
2CTX,2023-06-19T13:09:17.000Z,washer,8
2CTX,2023-06-19T12:21:51.000Z,washer,18
2CTX,2023-06-18T23:22:36.000Z,washer,8
2CTX,2023-06-18T20:42:08.000Z,washer,8
2CTX,2023-06-18T20:40:36.000Z,washer,18
2CTX,2023-06-18T18:00:46.000Z,washer,18
2CTX,2023-06-18T17:45:38.000Z,washer,8
2CTX,2023-06-18T17:02:58.000Z,washer,18
2CTX,2023-06-18T14:50:19.000Z,washer,8
2CTX,2023-06-18T13:56:28.000Z,washer,8
2CTX,2023-06-18T12:48:29.000Z,washer,8
2CTX,2023-06-18T12:22:53.000Z,washer,18
2CTX,2023-06-18T11:39:43.000Z,washer,8
2CTX,2023-06-18T11:19:15.000Z,washer,18
2CTX,2023-06-18T09:55:15.000Z,washer,18
2CTX,2023-06-18T07:34:08.000Z,washer,18
2CTX,2023-06-17T21:57:03.000Z,washer,8
2CTX,2023-06-17T19:40:02.000Z,washer,8
2CTX,2023-06-17T16:40:39.000Z,washer,18
2CTX,2023-06-17T15:46:44.000Z,washer,18
2CTX,2023-06-17T08:40:17.000Z,washer,18
2CTX,2023-06-17T07:05:17.000Z,washer,8
2CTX,2023-06-17T07:04:09.000Z,washer,18
2CTX,2023-06-17T00:23:09.000Z,washer,8
2CTX,2023-06-16T20:40:26.000Z,washer,18
2CTX,2023-06-16T17:12:48.000Z,washer,18
2CTX,2023-06-16T14:08:52.000Z,washer,18
2CTX,2023-06-16T13:56:37.000Z,washer,8
2CTX,2023-06-16T13:07:43.000Z,washer,8
2CTX,2023-06-16T13:06:43.000Z,washer,18
2CTX,2023-06-16T12:06:35.000Z,washer,8
2CTX,2023-06-15T17:17:53.000Z,washer,8
2CTX,2023-06-15T08:14:37.000Z,washer,18
2CTX,2023-06-14T20:57:02.000Z,washer,18
2CTX,2023-06-14T17:40:14.000Z,washer,18
2CTX,2023-06-14T17:19:22.000Z,washer,8
2CTX,2023-06-14T13:59:05.000Z,washer,18
2CTX,2023-06-14T10:55:54.000Z,washer,8
2CTX,2023-06-14T07:43:57.000Z,washer,18
2CTX,2023-06-14T01:22:57.000Z,washer,8
2CTX,2023-06-13T21:03:16.000Z,washer,18
2CTX,2023-06-13T18:51:48.000Z,washer,18
2CTX,2023-06-13T16:25:48.000Z,washer,18
2CTX,2023-06-13T16:07:18.000Z,washer,8
2CTX,2023-06-13T14:06:05.000Z,washer,18
2CTX,2023-06-13T14:02:21.000Z,washer,8
2CTX,2023-06-13T12:41:31.000Z,washer,18
2CTX,2023-06-13T11:47:00.000Z,washer,18
2CTX,2023-06-13T09:26:34.000Z,washer,8
2CTX,2023-06-13T09:25:11.000Z,washer,18
2CTX,2023-06-13T06:08:01.000Z,washer,8
2CTX,2023-06-12T18:41:08.000Z,washer,8
2CTX,2023-06-12T18:38:16.000Z,washer,18
2CTX,2023-06-12T17:45:18.000Z,washer,18
2CTX,2023-06-12T17:14:01.000Z,washer,8
2CTX,2023-06-12T16:29:06.000Z,washer,8
2CTX,2023-06-12T14:29:06.000Z,washer,8
2CTX,2023-06-12T13:26:18.000Z,washer,18
2CTX,2023-06-12T12:28:47.000Z,washer,8
2CTX,2023-06-12T12:20:10.000Z,washer,18
2CTX,2023-06-12T10:53:59.000Z,washer,8
2CTX,2023-06-12T10:52:29.000Z,washer,18
2CTX,2023-06-11T18:16:21.000Z,washer,18
2CTX,2023-06-11T16:30:13.000Z,washer,18
2CTX,2023-06-11T14:49:48.000Z,washer,8
2CTX,2023-06-11T13:31:13.000Z,washer,18
2CTX,2023-06-11T12:33:29.000Z,washer,18
2CTX,2023-06-11T11:02:33.000Z,washer,18
2CTX,2023-06-11T10:35:32.000Z,washer,8
2CTX,2023-06-11T09:56:32.000Z,washer,18
2CTX,2023-06-11T08:44:24.000Z,washer,8
2CTX,2023-06-11T03:13:08.000Z,washer,18
2CTX,2023-06-10T20:29:28.000Z,washer,18
2CTX,2023-06-10T20:26:49.000Z,washer,8
2CTX,2023-06-10T18:40:07.000Z,washer,18
2CTX,2023-06-10T17:44:14.000Z,washer,18
2CTX,2023-06-10T17:17:41.000Z,washer,8
2CTX,2023-06-10T16:42:17.000Z,washer,18
2CTX,2023-06-10T15:43:37.000Z,washer,18
2CTX,2023-06-10T15:38:53.000Z,washer,8
2CTX,2023-06-10T12:21:18.000Z,washer,8
2CTX,2023-06-10T12:17:53.000Z,washer,18
2CTX,2023-06-10T10:56:54.000Z,washer,18
2CTX,2023-06-10T09:07:30.000Z,washer,18
2CTX,2023-06-10T08:17:54.000Z,washer,8
2CTX,2023-06-10T08:08:58.000Z,washer,18
2CTX,2023-06-10T07:12:10.000Z,washer,18
2CTX,2023-06-10T07:09:20.000Z,washer,8
2CTX,2023-06-10T06:17:08.000Z,washer,18
2CTX,2023-06-09T20:14:45.000Z,washer,18
2CTX,2023-06-09T18:20:46.000Z,washer,18
2CTX,2023-06-09T16:32:45.000Z,washer,18
2CTX,2023-06-09T14:59:57.000Z,washer,8
2CTX,2023-06-09T14:59:03.000Z,washer,18
2CTX,2023-06-08T20:27:45.000Z,washer,18
2CTX,2023-06-08T20:25:48.000Z,washer,8
2CTX,2023-06-08T18:56:05.000Z,washer,8
2CTX,2023-06-08T18:17:43.000Z,washer,18
2CTX,2023-06-08T17:39:24.000Z,washer,8
2CTX,2023-06-08T14:45:29.000Z,washer,18
2CTX,2023-06-07T15:13:05.000Z,washer,18
2CTX,2023-06-07T09:16:14.000Z,washer,18
2CTX,2023-06-07T07:33:39.000Z,washer,18
2CTX,2023-06-07T02:08:15.000Z,washer,18
2CTX,2023-06-06T16:50:25.000Z,washer,8
2CTX,2023-06-06T15:47:28.000Z,washer,8
2CTX,2023-06-06T15:46:07.000Z,washer,18
2CTX,2023-06-06T12:49:37.000Z,washer,18
2CTX,2023-06-06T11:32:21.000Z,washer,18
2CTX,2023-06-06T07:05:46.000Z,washer,8
2CTX,2023-06-05T21:29:36.000Z,washer,18
2CTX,2023-06-05T20:32:10.000Z,washer,8
2CTX,2023-06-05T20:29:12.000Z,washer,18
2CTX,2023-06-05T12:16:46.000Z,washer,8
2CTX,2023-06-05T11:37:17.000Z,washer,18
2CTX,2023-06-05T09:44:35.000Z,washer,18
2CTX,2023-06-04T21:35:57.000Z,washer,18
2CTX,2023-06-04T20:54:17.000Z,washer,8
2CTX,2023-06-04T17:37:32.000Z,washer,18
2CTX,2023-06-04T16:40:11.000Z,washer,8
2CTX,2023-06-04T16:37:08.000Z,washer,18
2CTX,2023-06-04T14:46:47.000Z,washer,18
2CTX,2023-06-04T12:33:06.000Z,washer,8
2CTX,2023-06-04T11:05:22.000Z,washer,8
2CTX,2023-06-04T11:04:27.000Z,washer,18
2CTX,2023-06-04T08:01:22.000Z,washer,18
2CTX,2023-06-04T07:05:59.000Z,washer,18
2CTX,2023-06-03T22:06:54.000Z,washer,8
2CTX,2023-06-03T19:07:42.000Z,washer,18
2CTX,2023-06-03T18:18:04.000Z,washer,8
2CTX,2023-06-03T17:54:04.000Z,washer,18
2CTX,2023-06-03T14:03:39.000Z,washer,18
2CTX,2023-06-03T13:56:09.000Z,washer,8
2CTX,2023-06-03T07:19:16.000Z,washer,18
2CTX,2023-06-02T20:00:53.000Z,washer,8
2CTX,2023-06-02T19:15:55.000Z,washer,18
2CTX,2023-06-02T18:30:28.000Z,washer,8
2CTX,2023-06-02T17:55:15.000Z,washer,18
2CTX,2023-06-02T13:01:08.000Z,washer,18
2CTX,2023-06-02T11:49:46.000Z,washer,18
2CTX,2023-06-02T08:30:16.000Z,washer,18
2CTX,2023-06-01T17:39:44.000Z,washer,8
2CTX,2023-06-01T16:08:44.000Z,washer,8
2CTX,2023-06-01T15:50:42.000Z,washer,18
2CTX,2023-06-01T11:11:54.000Z,washer,18
2CTX,2023-06-01T07:39:04.000Z,washer,8
2CTX,2023-05-31T18:55:40.000Z,washer,18
2CTX,2023-05-31T18:25:31.000Z,washer,8
2CTX,2023-05-31T17:08:25.000Z,washer,18
2CTX,2023-05-31T14:50:31.000Z,washer,8
2CTX,2023-05-31T14:49:15.000Z,washer,18
2CTX,2023-05-31T12:43:07.000Z,washer,8
2CTX,2023-05-31T12:42:00.000Z,washer,18
2CTX,2023-05-31T10:48:38.000Z,washer,8
2CTX,2023-05-31T10:47:42.000Z,washer,18
2CTX,2023-05-31T09:09:09.000Z,washer,8
2CTX,2023-05-31T09:08:14.000Z,washer,18
2CTX,2023-05-31T07:34:06.000Z,washer,8
2CTX,2023-05-31T07:31:11.000Z,washer,18
2CTX,2023-05-31T01:34:31.000Z,washer,8
2CTX,2023-05-30T20:04:17.000Z,washer,18
2CTX,2023-05-30T19:15:13.000Z,washer,8
2CTX,2023-05-30T12:47:06.000Z,washer,18
2CTX,2023-05-30T11:54:19.000Z,washer,8
2CTX,2023-05-30T09:44:06.000Z,washer,18
2CTX,2023-05-29T17:39:34.000Z,washer,8
2CTX,2023-05-29T14:11:58.000Z,washer,18
2CTX,2023-05-29T11:20:17.000Z,washer,8
2CTX,2023-05-29T08:16:48.000Z,washer,18
2CTX,2023-05-29T08:14:51.000Z,washer,8
2CTX,2023-05-28T20:54:39.000Z,washer,18
2CTX,2023-05-28T16:18:53.000Z,washer,18
2CTX,2023-05-28T12:48:37.000Z,washer,8
2CTX,2023-05-28T10:56:46.000Z,washer,8
2CTX,2023-05-28T10:54:42.000Z,washer,18
2CTX,2023-05-28T08:13:08.000Z,washer,18
2CTX,2023-05-27T13:18:17.000Z,washer,18
2CTX,2023-05-27T12:48:53.000Z,washer,8
2CTX,2023-05-27T12:02:14.000Z,washer,8
2CTX,2023-05-27T10:55:10.000Z,washer,8
2CTX,2023-05-27T10:26:33.000Z,washer,18
2CTX,2023-05-27T07:12:26.000Z,washer,8
2CTX,2023-05-26T21:30:35.000Z,washer,18
2CTX,2023-05-26T21:28:21.000Z,washer,8
2CTX,2023-05-26T19:31:21.000Z,washer,8
2CTX,2023-05-26T19:06:43.000Z,washer,18
2CTX,2023-05-26T17:19:34.000Z,washer,8
2CTX,2023-05-26T13:35:13.000Z,washer,8
2CTX,2023-05-26T09:54:25.000Z,washer,18
2CTX,2023-05-26T07:05:00.000Z,washer,8
2CTX,2023-05-25T14:50:28.000Z,washer,8
2CTX,2023-05-25T14:47:20.000Z,washer,18
2CTX,2023-05-25T13:23:17.000Z,washer,18
2CTX,2023-05-25T10:10:58.000Z,washer,8
2CTX,2023-05-25T10:09:45.000Z,washer,18
2CTX,2023-05-25T08:19:19.000Z,washer,18
2CTX,2023-05-24T13:41:42.000Z,washer,18
2CTX,2023-05-24T13:12:20.000Z,washer,8
2CTX,2023-05-24T10:00:43.000Z,washer,8
2CTX,2023-05-24T08:54:47.000Z,washer,8
2CTX,2023-05-24T08:53:27.000Z,washer,18
2CTX,2023-05-23T21:02:55.000Z,washer,18
2CTX,2023-05-23T18:41:40.000Z,washer,18
2CTX,2023-05-23T17:25:05.000Z,washer,18
2CTX,2023-05-23T15:45:40.000Z,washer,18
2CTX,2023-05-23T14:41:17.000Z,washer,8
2CTX,2023-05-23T14:40:18.000Z,washer,18
2CTX,2023-05-23T10:34:44.000Z,washer,8
2CTX,2023-05-21T21:04:57.000Z,washer,18
2CTX,2023-05-21T20:28:46.000Z,washer,8
2CTX,2023-05-21T17:03:55.000Z,washer,8
2CTX,2023-05-21T17:02:36.000Z,washer,18
2CTX,2023-05-21T15:16:11.000Z,washer,18
2CTX,2023-05-21T10:46:14.000Z,washer,18
2CTX,2023-05-21T06:21:31.000Z,washer,18
2CTX,2023-05-20T20:08:53.000Z,washer,18
2CTX,2023-05-20T17:38:42.000Z,washer,8
2CTX,2023-05-20T15:06:44.000Z,washer,18
2CTX,2023-05-20T13:37:25.000Z,washer,18
2CTX,2023-05-20T10:08:25.000Z,washer,18
2CTX,2023-05-19T21:56:59.000Z,washer,18
2CTX,2023-05-19T19:49:56.000Z,washer,18
2CTX,2023-05-19T19:45:34.000Z,washer,8
2CTX,2023-05-19T18:57:12.000Z,washer,8
2CTX,2023-05-19T18:40:58.000Z,washer,18
2CTX,2023-05-19T17:20:15.000Z,washer,8
2CTX,2023-05-19T16:19:27.000Z,washer,8
2CTX,2023-05-19T16:16:35.000Z,washer,18
2CTX,2023-05-19T14:21:18.000Z,washer,18
2CTX,2023-05-19T11:36:25.000Z,washer,18
2CTX,2023-05-19T10:41:18.000Z,washer,18
2CTX,2023-05-19T10:34:58.000Z,washer,8
2CTX,2023-05-18T20:27:02.000Z,washer,8
2CTX,2023-05-18T18:18:51.000Z,washer,18
2CTX,2023-05-18T14:53:56.000Z,washer,18
2CTX,2023-05-18T10:38:36.000Z,washer,18
2CTX,2023-05-17T18:44:32.000Z,washer,18
2CTX,2023-05-17T11:51:50.000Z,washer,18
2CTX,2023-05-17T10:58:12.000Z,washer,18
2CTX,2023-05-17T09:50:09.000Z,washer,18
2CTX,2023-05-17T09:46:14.000Z,washer,8
2CTX,2023-05-16T17:56:03.000Z,washer,18
2CTX,2023-05-16T13:25:57.000Z,washer,8
2CTX,2023-05-16T10:49:56.000Z,washer,18
2CTX,2023-05-16T09:36:27.000Z,washer,18
2CTX,2023-05-16T07:34:53.000Z,washer,18
2CTX,2023-05-15T16:54:08.000Z,washer,18
2CTX,2023-05-15T15:58:14.000Z,washer,18
2CTX,2023-05-15T13:19:42.000Z,washer,8
2CTX,2023-05-15T13:18:03.000Z,washer,18
2CTX,2023-05-15T11:23:41.000Z,washer,18
2CTX,2023-05-15T10:13:58.000Z,washer,18
2CTX,2023-05-14T10:55:38.000Z,washer,8
2CTX,2023-05-14T08:19:55.000Z,washer,18
2CTX,2023-05-14T02:49:20.000Z,washer,8
2CTX,2023-05-13T20:51:10.000Z,washer,18
2CTX,2023-05-13T19:07:55.000Z,washer,18
2CTX,2023-05-13T16:04:44.000Z,washer,8
2CTX,2023-05-13T14:07:27.000Z,washer,18
2CTX,2023-05-13T13:49:05.000Z,washer,8
2CTX,2023-05-13T13:15:00.000Z,washer,18
2CTX,2023-05-13T13:07:57.000Z,washer,8
2CTX,2023-05-13T12:25:48.000Z,washer,18
2CTX,2023-05-13T12:20:50.000Z,washer,8
2CTX,2023-05-13T11:33:16.000Z,washer,8
2CTX,2023-05-13T10:51:36.000Z,washer,18
2CTX,2023-05-13T10:46:28.000Z,washer,8
2CTX,2023-05-13T09:59:17.000Z,washer,8
2CTX,2023-05-13T09:49:17.000Z,washer,18
2CTX,2023-05-13T08:51:14.000Z,washer,18
2CTX,2023-05-12T19:47:10.000Z,washer,18
2CTX,2023-05-12T18:52:09.000Z,washer,18
2CTX,2023-05-12T15:35:00.000Z,washer,18
2CTX,2023-05-12T15:30:27.000Z,washer,8
2CTX,2023-05-12T13:36:56.000Z,washer,18
2CTX,2023-05-12T12:24:39.000Z,washer,8
2CTX,2023-05-12T09:20:06.000Z,washer,8
2CTX,2023-05-12T09:19:06.000Z,washer,18
2CTX,2023-05-11T20:13:52.000Z,washer,18
2CTX,2023-05-11T17:08:53.000Z,washer,18
2CTX,2023-05-11T16:15:26.000Z,washer,18
2CTX,2023-05-11T12:31:33.000Z,washer,18
2CTX,2023-05-11T11:28:56.000Z,washer,18
2CTX,2023-05-10T18:57:08.000Z,washer,18
2CTX,2023-05-10T18:03:39.000Z,washer,18
2CTX,2023-05-10T16:07:02.000Z,washer,8
2CTX,2023-05-10T13:39:52.000Z,washer,18
2CTX,2023-05-10T12:18:48.000Z,washer,18
2CTX,2023-05-10T06:59:52.000Z,washer,18
2CTX,2023-05-09T19:02:51.000Z,washer,18
2CTX,2023-05-09T17:59:25.000Z,washer,18
2CTX,2023-05-09T12:04:42.000Z,washer,18
2CTX,2023-05-08T19:13:13.000Z,washer,8
2CTX,2023-05-08T19:12:12.000Z,washer,18
2CTX,2023-05-08T11:25:25.000Z,washer,8
2CTX,2023-05-08T09:22:05.000Z,washer,18
2CTX,2023-05-08T09:07:47.000Z,washer,8
2CTX,2023-05-08T08:09:18.000Z,washer,18
2CTX,2023-05-07T21:35:30.000Z,washer,8
2CTX,2023-05-07T21:34:04.000Z,washer,18
2CTX,2023-05-07T17:54:37.000Z,washer,18
2CTX,2023-05-07T16:35:17.000Z,washer,18
2CTX,2023-05-07T14:49:04.000Z,washer,18
2CTX,2023-05-07T14:05:24.000Z,washer,8
2CTX,2023-05-07T13:14:59.000Z,washer,18
2CTX,2023-05-07T11:13:18.000Z,washer,18
2CTX,2023-05-07T10:50:58.000Z,washer,8
2CTX,2023-05-07T10:19:25.000Z,washer,18
2CTX,2023-05-07T09:57:03.000Z,washer,8
2CTX,2023-05-07T08:02:59.000Z,washer,18
2CTX,2023-05-07T07:55:31.000Z,washer,8
2CTX,2023-05-07T07:05:44.000Z,washer,8
2CTX,2023-05-07T07:04:45.000Z,washer,18
2CTX,2023-05-07T01:04:40.000Z,washer,8
2CTX,2023-05-06T21:52:50.000Z,washer,18
2CTX,2023-05-06T19:01:38.000Z,washer,8
2CTX,2023-05-06T17:47:42.000Z,washer,18
2CTX,2023-05-06T16:47:43.000Z,washer,18
2CTX,2023-05-06T16:31:00.000Z,washer,8
2CTX,2023-05-06T15:47:04.000Z,washer,18
2CTX,2023-05-06T14:50:02.000Z,washer,8
2CTX,2023-05-06T14:48:08.000Z,washer,18
2CTX,2023-05-06T14:15:32.000Z,washer,8
2CTX,2023-05-06T10:31:47.000Z,washer,18
2CTX,2023-05-06T07:40:36.000Z,washer,8
2CTX,2023-05-06T07:20:10.000Z,washer,18
2CTX,2023-05-06T02:58:30.000Z,washer,18
2CTX,2023-05-05T18:19:04.000Z,washer,18
2CTX,2023-05-05T17:13:52.000Z,washer,18
2CTX,2023-05-05T16:12:11.000Z,washer,18
2CTX,2023-05-05T16:10:31.000Z,washer,8
2CTX,2023-05-05T12:55:10.000Z,washer,8
2CTX,2023-05-04T14:52:54.000Z,washer,8
2CTX,2023-05-04T14:39:24.000Z,washer,18
2CTX,2023-05-04T13:21:42.000Z,washer,18
2CTX,2023-05-04T09:01:13.000Z,washer,18
2CTX,2023-05-04T08:47:37.000Z,washer,8
2CTX,2023-05-04T08:05:02.000Z,washer,18
2CTX,2023-05-03T20:08:58.000Z,washer,18
2CTX,2023-05-03T19:08:07.000Z,washer,18
2CTX,2023-05-03T19:03:45.000Z,washer,8
2CTX,2023-05-03T17:00:48.000Z,washer,18
2CTX,2023-05-03T16:29:45.000Z,washer,8
2CTX,2023-05-03T11:32:18.000Z,washer,18
2CTX,2023-05-03T10:30:48.000Z,washer,18
2CTX,2023-05-03T09:01:27.000Z,washer,18
2CTX,2023-05-03T04:33:04.000Z,washer,8
2CTX,2023-05-02T15:14:15.000Z,washer,8
2CTX,2023-05-02T11:46:49.000Z,washer,18
2CTX,2023-05-01T23:37:48.000Z,washer,8
2CTX,2023-05-01T15:02:22.000Z,washer,18
2CTX,2023-05-01T14:03:41.000Z,washer,18
2CTX,2023-05-01T11:05:39.000Z,washer,18
2CTX,2023-05-01T09:35:35.000Z,washer,18
2CTX,2023-05-01T08:13:36.000Z,washer,18
2CTX,2023-04-30T20:24:39.000Z,washer,18
2CTX,2023-04-30T16:05:41.000Z,washer,18
2CTX,2023-04-30T14:04:43.000Z,washer,8
2CTX,2023-04-30T13:31:50.000Z,washer,18
2CTX,2023-04-30T13:10:30.000Z,washer,8
2CTX,2023-04-30T11:47:31.000Z,washer,8
2CTX,2023-04-30T10:57:28.000Z,washer,8
2CTX,2023-04-30T10:55:09.000Z,washer,18
2CTX,2023-04-30T08:43:06.000Z,washer,18
2CTX,2023-04-29T16:46:38.000Z,washer,18
2CTX,2023-04-29T15:38:04.000Z,washer,8
2CTX,2023-04-29T15:36:37.000Z,washer,18
2CTX,2023-04-29T12:02:02.000Z,washer,18
2CTX,2023-04-29T10:48:22.000Z,washer,8
2CTX,2023-04-29T07:03:42.000Z,washer,8
2CTX,2023-04-29T06:51:08.000Z,washer,18
2CTX,2023-04-29T01:33:42.000Z,washer,8
2CTX,2023-04-28T19:01:46.000Z,washer,18
2CTX,2023-04-28T18:42:37.000Z,washer,8
2CTX,2023-04-28T16:30:06.000Z,washer,18
2CTX,2023-04-28T16:18:56.000Z,washer,8
2CTX,2023-04-28T14:49:07.000Z,washer,8
2CTX,2023-04-28T14:47:46.000Z,washer,18
2CTX,2023-04-28T12:39:29.000Z,washer,18
2CTX,2023-04-27T17:50:18.000Z,washer,8
2CTX,2023-04-27T17:09:13.000Z,washer,18
2CTX,2023-04-27T12:59:19.000Z,washer,18
2CTX,2023-04-26T19:40:26.000Z,washer,18
2CTX,2023-04-26T14:27:27.000Z,washer,18
2CTX,2023-04-26T13:55:58.000Z,washer,8
2CTX,2023-04-26T13:25:16.000Z,washer,18
2CTX,2023-04-26T12:32:27.000Z,washer,18
2CTX,2023-04-26T09:15:06.000Z,washer,8
2CTX,2023-04-26T07:39:01.000Z,washer,18
2CTX,2023-04-25T19:20:51.000Z,washer,18
2CTX,2023-04-25T18:42:30.000Z,washer,8
2CTX,2023-04-25T17:32:45.000Z,washer,8
2CTX,2023-04-25T06:21:05.000Z,washer,18
2CTX,2023-04-24T19:59:08.000Z,washer,18
2CTX,2023-04-24T17:55:37.000Z,washer,18
2CTX,2023-04-24T16:08:58.000Z,washer,8
2CTX,2023-04-24T16:07:29.000Z,washer,18
2CTX,2023-04-24T12:49:53.000Z,washer,18
2CTX,2023-04-24T10:26:16.000Z,washer,18
2CTX,2023-04-23T14:50:52.000Z,washer,18
2CTX,2023-04-23T13:14:22.000Z,washer,8
2CTX,2023-04-23T12:03:31.000Z,washer,8
2CTX,2023-04-23T12:01:40.000Z,washer,18
2CTX,2023-04-23T09:13:15.000Z,washer,18
2CTX,2023-04-23T06:12:20.000Z,washer,18
2CTX,2023-04-23T06:10:14.000Z,washer,8
2CTX,2023-04-22T20:56:25.000Z,washer,8
2CTX,2023-04-22T19:20:42.000Z,washer,18
2CTX,2023-04-22T19:14:06.000Z,washer,8
2CTX,2023-04-22T17:21:32.000Z,washer,8
2CTX,2023-04-22T16:08:37.000Z,washer,8
2CTX,2023-04-22T13:24:18.000Z,washer,18
2CTX,2023-04-22T12:17:04.000Z,washer,18
2CTX,2023-04-22T10:40:51.000Z,washer,18
2CTX,2023-04-22T06:30:03.000Z,washer,18
2CTX,2023-04-21T22:24:28.000Z,washer,8
2CTX,2023-04-21T21:05:40.000Z,washer,18
2CTX,2023-04-21T21:01:30.000Z,washer,8
2CTX,2023-04-21T19:59:58.000Z,washer,8
2CTX,2023-04-21T19:36:41.000Z,washer,18
2CTX,2023-04-21T16:53:31.000Z,washer,8
2CTX,2023-04-21T16:52:19.000Z,washer,18
2CTX,2023-04-21T14:31:08.000Z,washer,8
2CTX,2023-04-20T17:11:41.000Z,washer,18
2CTX,2023-04-20T13:26:08.000Z,washer,8
2CTX,2023-04-20T12:48:43.000Z,washer,18
2CTX,2023-04-19T15:11:58.000Z,washer,8
2CTX,2023-04-18T17:08:01.000Z,washer,8
2CTX,2023-04-18T13:18:21.000Z,washer,8
2CTX,2023-04-17T18:31:31.000Z,washer,8
2CTX,2023-04-17T16:38:00.000Z,washer,18
2CTX,2023-04-17T16:21:08.000Z,washer,8
2CTX,2023-04-17T15:45:50.000Z,washer,18
2CTX,2023-04-17T14:52:30.000Z,washer,18
2CTX,2023-04-17T13:31:37.000Z,washer,18
2CTX,2023-04-17T08:49:43.000Z,washer,8
2CTX,2023-04-17T07:42:41.000Z,washer,8
2CTX,2023-04-17T07:16:35.000Z,washer,18
2CTX,2023-04-16T18:59:21.000Z,washer,8
2CTX,2023-04-16T18:53:34.000Z,washer,18
2CTX,2023-04-16T17:43:33.000Z,washer,8
2CTX,2023-04-16T17:40:57.000Z,washer,18
2CTX,2023-04-16T16:36:47.000Z,washer,8
2CTX,2023-04-16T14:51:17.000Z,washer,18
2CTX,2023-04-16T14:13:13.000Z,washer,8
2CTX,2023-04-16T12:30:11.000Z,washer,8
2CTX,2023-04-16T11:37:23.000Z,washer,8
2CTX,2023-04-16T11:25:02.000Z,washer,18
2CTX,2023-04-16T10:30:30.000Z,washer,8
2CTX,2023-04-15T18:05:13.000Z,washer,8
2CTX,2023-04-15T18:02:35.000Z,washer,18
2CTX,2023-04-15T17:04:50.000Z,washer,8
2CTX,2023-04-15T17:03:37.000Z,washer,18
2CTX,2023-04-15T15:57:40.000Z,washer,8
2CTX,2023-04-15T15:56:21.000Z,washer,18
2CTX,2023-04-15T13:35:18.000Z,washer,18
2CTX,2023-04-15T10:24:49.000Z,washer,18
2CTX,2023-04-15T07:50:59.000Z,washer,8
2CTX,2023-04-15T07:49:58.000Z,washer,18
2CTX,2023-04-14T16:32:42.000Z,washer,18
2CTX,2023-04-14T13:25:14.000Z,washer,18
2CTX,2023-04-14T10:23:45.000Z,washer,8
2CTX,2023-04-14T10:22:33.000Z,washer,18
2CTX,2023-04-14T02:20:35.000Z,washer,8
2CTX,2023-04-13T18:45:27.000Z,washer,18
2CTX,2023-04-13T16:55:24.000Z,washer,18
2CTX,2023-04-13T11:13:19.000Z,washer,18
2CTX,2023-04-13T08:43:52.000Z,washer,18
2CTX,2023-04-13T07:50:41.000Z,washer,18
2CTX,2023-04-13T06:56:39.000Z,washer,18
2CTX,2023-04-12T18:28:29.000Z,washer,18
2CTX,2023-04-12T17:37:52.000Z,washer,8
2CTX,2023-04-12T17:09:57.000Z,washer,18
2CTX,2023-04-12T16:53:01.000Z,washer,8
2CTX,2023-04-12T16:12:01.000Z,washer,18
2CTX,2023-04-12T15:16:58.000Z,washer,18
2CTX,2023-04-12T14:24:43.000Z,washer,8
2CTX,2023-04-12T14:08:57.000Z,washer,18
2CTX,2023-04-12T13:30:05.000Z,washer,8
2CTX,2023-04-12T13:04:28.000Z,washer,18
2CTX,2023-04-12T11:58:24.000Z,washer,18
2CTX,2023-04-12T10:56:38.000Z,washer,18
2CTX,2023-04-11T11:53:05.000Z,washer,18
2CTX,2023-04-11T11:18:04.000Z,washer,8
2CTX,2023-04-11T10:33:47.000Z,washer,8
2CTX,2023-04-10T20:13:16.000Z,washer,8
2CTX,2023-04-10T19:24:38.000Z,washer,8
2CTX,2023-04-10T17:09:46.000Z,washer,8
2CTX,2023-04-10T16:51:31.000Z,washer,18
2CTX,2023-04-10T16:23:28.000Z,washer,8
2CTX,2023-04-10T15:46:51.000Z,washer,18
2CTX,2023-04-10T15:03:14.000Z,washer,8
2CTX,2023-04-10T13:57:20.000Z,washer,18
2CTX,2023-04-10T12:38:12.000Z,washer,18
2CTX,2023-04-09T22:04:45.000Z,washer,8
2CTX,2023-04-09T20:28:11.000Z,washer,18
2CTX,2023-04-09T18:44:02.000Z,washer,8
2CTX,2023-04-09T18:42:54.000Z,washer,18
2CTX,2023-04-09T17:17:03.000Z,washer,8
2CTX,2023-04-09T17:15:00.000Z,washer,18
2CTX,2023-04-09T16:03:09.000Z,washer,18
2CTX,2023-04-09T13:56:33.000Z,washer,18
2CTX,2023-04-09T13:28:30.000Z,washer,8
2CTX,2023-04-08T18:54:35.000Z,washer,8
2CTX,2023-04-08T18:34:51.000Z,washer,18
2CTX,2023-04-08T09:30:05.000Z,washer,8
2CTX,2023-04-08T09:28:51.000Z,washer,18
2CTX,2023-04-08T07:53:52.000Z,washer,18
2CTX,2023-04-07T18:55:15.000Z,washer,8
2CTX,2023-04-07T18:49:22.000Z,washer,18
2CTX,2023-04-07T17:52:26.000Z,washer,18
2CTX,2023-04-07T14:21:01.000Z,washer,18
2CTX,2023-04-07T13:15:39.000Z,washer,8
2CTX,2023-04-07T13:14:39.000Z,washer,18
2CTX,2023-04-07T11:06:06.000Z,washer,8
2CTX,2023-04-07T11:04:38.000Z,washer,18
2CTX,2023-04-06T16:04:58.000Z,washer,8
2CTX,2023-04-06T13:45:57.000Z,washer,18
2CTX,2023-04-06T10:37:59.000Z,washer,18
2CTX,2023-04-05T16:33:21.000Z,washer,18
2CTX,2023-04-05T16:32:18.000Z,washer,8
2CTX,2023-04-05T14:59:15.000Z,washer,8
2CTX,2023-04-05T13:29:10.000Z,washer,18
2CTX,2023-04-05T12:14:08.000Z,washer,18
2CTX,2023-04-05T09:36:43.000Z,washer,8
2CTX,2023-04-04T13:18:15.000Z,washer,8
2CTX,2023-04-04T13:16:24.000Z,washer,18
2CTX,2023-04-04T12:23:11.000Z,washer,8
2CTX,2023-04-04T12:20:44.000Z,washer,18
2CTX,2023-04-03T21:50:34.000Z,washer,18
2CTX,2023-04-03T19:44:55.000Z,washer,8
2CTX,2023-04-03T17:47:06.000Z,washer,18
2CTX,2023-04-02T22:25:45.000Z,washer,18
2CTX,2023-04-02T18:03:43.000Z,washer,8
2CTX,2023-04-02T15:17:14.000Z,washer,8
2CTX,2023-04-02T14:37:39.000Z,washer,8
2CTX,2023-04-02T11:10:03.000Z,washer,18
2CTX,2023-04-02T08:31:11.000Z,washer,18
2CTX,2023-04-02T06:46:34.000Z,washer,18
2CTX,2023-04-01T13:58:46.000Z,washer,18
2CTX,2023-04-01T12:12:58.000Z,washer,18
2CTX,2023-04-01T11:23:24.000Z,washer,8
2CTX,2023-04-01T11:21:25.000Z,washer,18
2CTX,2023-04-01T10:26:58.000Z,washer,8
2CTX,2023-04-01T08:23:48.000Z,washer,18
2CTX,2023-04-01T07:05:26.000Z,washer,8
2CTX,2023-03-31T21:44:48.000Z,washer,18
2CTX,2023-03-31T19:30:27.000Z,washer,18
2CTX,2023-03-31T18:43:42.000Z,washer,18
2CTX,2023-03-31T17:56:02.000Z,washer,18
2CTX,2023-03-31T16:41:49.000Z,washer,18
2CTX,2023-03-31T15:07:37.000Z,washer,18
2CTX,2023-03-31T14:06:33.000Z,washer,18
2CTX,2023-03-30T19:01:56.000Z,washer,8
2CTX,2023-03-30T11:37:49.000Z,washer,8
2CTX,2023-03-30T08:22:08.000Z,washer,8
2CTX,2023-03-29T23:42:06.000Z,washer,8
2CTX,2023-03-29T23:03:26.000Z,washer,8
2CTX,2023-03-29T23:02:27.000Z,washer,18
2CTX,2023-03-29T15:15:24.000Z,washer,18
2CTX,2023-03-29T10:39:57.000Z,washer,8
2CTX,2023-03-29T10:38:26.000Z,washer,18
2CTX,2023-03-28T20:36:08.000Z,washer,18
2CTX,2023-03-27T19:48:47.000Z,washer,18
2CTX,2023-03-27T18:12:22.000Z,washer,8
2CTX,2023-03-27T18:08:44.000Z,washer,18
2CTX,2023-03-27T16:07:59.000Z,washer,18
2CTX,2023-03-27T11:25:50.000Z,washer,18
2CTX,2023-03-27T10:42:10.000Z,washer,8
2CTX,2023-03-27T10:40:15.000Z,washer,18
2CTX,2023-03-27T09:41:20.000Z,washer,18
2CTX,2023-03-26T19:57:48.000Z,washer,8
2CTX,2023-03-26T16:19:54.000Z,washer,18
2CTX,2023-03-26T15:07:10.000Z,washer,18
2CTX,2023-03-26T14:18:21.000Z,washer,18
2CTX,2023-03-26T13:24:38.000Z,washer,18
2CTX,2023-03-26T12:31:16.000Z,washer,18
2CTX,2023-03-26T09:59:31.000Z,washer,18
2CTX,2023-03-26T09:18:55.000Z,washer,8
2CTX,2023-03-26T07:21:46.000Z,washer,18
2CTX,2023-03-25T19:40:37.000Z,washer,18
2CTX,2023-03-25T18:41:54.000Z,washer,18
2CTX,2023-03-25T17:48:00.000Z,washer,18
2CTX,2023-03-25T15:58:12.000Z,washer,18
2CTX,2023-03-25T15:47:15.000Z,washer,8
2CTX,2023-03-25T14:25:50.000Z,washer,18
2CTX,2023-03-25T13:45:23.000Z,washer,8
2CTX,2023-03-25T12:33:51.000Z,washer,18
2CTX,2023-03-25T11:50:30.000Z,washer,18
2CTX,2023-03-25T10:08:24.000Z,washer,18
2CTX,2023-03-25T07:39:22.000Z,washer,18
2CTX,2023-03-24T19:29:17.000Z,washer,18
2CTX,2023-03-24T15:58:22.000Z,washer,18
2CTX,2023-03-24T15:13:29.000Z,washer,18
2CTX,2023-03-24T12:04:14.000Z,washer,18
2CTX,2023-03-24T12:02:30.000Z,washer,8
2CTX,2023-03-24T08:47:40.000Z,washer,18
2CTX,2023-03-23T18:49:51.000Z,washer,18
2CTX,2023-03-23T16:37:40.000Z,washer,18
2CTX,2023-03-23T07:46:59.000Z,washer,8
2CTX,2023-03-23T07:45:57.000Z,washer,18
2CTX,2023-03-22T21:33:46.000Z,washer,8
2CTX,2023-03-22T21:32:27.000Z,washer,18
2CTX,2023-03-22T15:31:34.000Z,washer,18
2CTX,2023-03-22T13:43:44.000Z,washer,18
2CTX,2023-03-22T11:16:32.000Z,washer,18
2CTX,2023-03-21T21:49:15.000Z,washer,18
2CTX,2023-03-21T21:42:18.000Z,washer,8
2CTX,2023-03-21T20:50:29.000Z,washer,18
2CTX,2023-03-21T09:55:16.000Z,washer,18
2CTX,2023-03-21T07:18:06.000Z,washer,8
2CTX,2023-03-21T07:16:37.000Z,washer,18
2CTX,2023-03-20T21:31:25.000Z,washer,18
2CTX,2023-03-20T18:33:04.000Z,washer,18
2CTX,2023-03-20T17:51:50.000Z,washer,8
2CTX,2023-03-20T14:32:47.000Z,washer,8
2CTX,2023-03-20T14:31:37.000Z,washer,18
2CTX,2023-03-20T13:01:37.000Z,washer,8
2CTX,2023-03-20T10:27:09.000Z,washer,18
2CTX,2023-03-19T22:34:58.000Z,washer,18
2CTX,2023-03-19T21:29:56.000Z,washer,8
2CTX,2023-03-19T21:23:11.000Z,washer,18
2CTX,2023-03-19T20:30:40.000Z,washer,18
2CTX,2023-03-19T17:45:05.000Z,washer,8
2CTX,2023-03-19T16:51:39.000Z,washer,18
2CTX,2023-03-19T15:03:14.000Z,washer,8
2CTX,2023-03-19T13:14:41.000Z,washer,18
2CTX,2023-03-19T12:27:49.000Z,washer,18
2CTX,2023-03-19T08:08:30.000Z,washer,18
2CTX,2023-03-19T07:23:09.000Z,washer,18
2CTX,2023-03-19T07:19:07.000Z,washer,8
2CTX,2023-03-18T19:04:29.000Z,washer,8
2CTX,2023-03-18T19:03:31.000Z,washer,18
2CTX,2023-03-18T17:32:44.000Z,washer,8
2CTX,2023-03-18T15:06:01.000Z,washer,8
2CTX,2023-03-18T14:23:30.000Z,washer,18
2CTX,2023-03-18T14:20:47.000Z,washer,8
2CTX,2023-03-18T13:22:40.000Z,washer,18
2CTX,2023-03-18T12:22:40.000Z,washer,18
2CTX,2023-03-18T11:46:51.000Z,washer,8
2CTX,2023-03-18T11:32:39.000Z,washer,18
2CTX,2023-03-18T10:51:09.000Z,washer,8
2CTX,2023-03-18T10:18:19.000Z,washer,18
2CTX,2023-03-18T09:00:37.000Z,washer,8
2CTX,2023-03-18T08:59:38.000Z,washer,18
2CTX,2023-03-18T07:27:51.000Z,washer,8
2CTX,2023-03-18T07:26:14.000Z,washer,18
2CTX,2023-03-17T19:04:16.000Z,washer,18
2CTX,2023-03-17T17:58:53.000Z,washer,8
2CTX,2023-03-17T17:04:43.000Z,washer,18
2CTX,2023-03-17T15:19:47.000Z,washer,8
2CTX,2023-03-17T13:36:14.000Z,washer,18
2CTX,2023-03-16T22:07:43.000Z,washer,18
2CTX,2023-03-16T19:31:57.000Z,washer,18
2CTX,2023-03-16T19:22:49.000Z,washer,8
2CTX,2023-03-16T17:07:38.000Z,washer,18
2CTX,2023-03-16T14:05:19.000Z,washer,18
2CTX,2023-03-16T10:16:00.000Z,washer,18
2CTX,2023-03-15T17:39:10.000Z,washer,8
2CTX,2023-03-15T14:49:57.000Z,washer,18
2CTX,2023-03-15T10:15:53.000Z,washer,18
2CTX,2023-03-14T18:33:18.000Z,washer,8
2CTX,2023-03-14T16:04:42.000Z,washer,18
2CTX,2023-03-14T13:35:44.000Z,washer,8
2CTX,2023-03-14T12:56:51.000Z,washer,18
2CTX,2023-03-13T18:05:32.000Z,washer,18
2CTX,2023-03-13T14:19:15.000Z,washer,18
2CTX,2023-03-13T14:02:23.000Z,washer,8
2CTX,2023-03-13T13:24:35.000Z,washer,8
2CTX,2023-03-13T12:44:48.000Z,washer,8
2CTX,2023-03-13T12:07:40.000Z,washer,18
2CTX,2023-03-13T11:24:36.000Z,washer,18
2CTX,2023-03-13T10:38:18.000Z,washer,18
2CTX,2023-03-13T10:14:56.000Z,washer,8
2CTX,2023-03-12T20:38:50.000Z,washer,18
2CTX,2023-03-12T17:23:23.000Z,washer,18
2CTX,2023-03-12T14:59:59.000Z,washer,8
2CTX,2023-03-12T14:14:33.000Z,washer,18
2CTX,2023-03-12T11:31:29.000Z,washer,8
2CTX,2023-03-12T09:59:11.000Z,washer,18
2CTX,2023-03-11T21:57:15.000Z,washer,18
2CTX,2023-03-11T18:55:58.000Z,washer,18
2CTX,2023-03-11T18:11:53.000Z,washer,18
2CTX,2023-03-11T17:42:23.000Z,washer,8
2CTX,2023-03-11T17:03:03.000Z,washer,8
2CTX,2023-03-11T16:03:33.000Z,washer,18
2CTX,2023-03-11T15:53:19.000Z,washer,8
2CTX,2023-03-11T13:32:47.000Z,washer,18
2CTX,2023-03-11T12:34:50.000Z,washer,8
2CTX,2023-03-11T12:33:40.000Z,washer,18
2CTX,2023-03-11T11:28:10.000Z,washer,18
2CTX,2023-03-11T10:40:35.000Z,washer,8
2CTX,2023-03-11T10:39:18.000Z,washer,18
2CTX,2023-03-10T20:03:33.000Z,washer,18
2CTX,2023-03-10T19:16:29.000Z,washer,18
2CTX,2023-03-10T18:14:46.000Z,washer,18
2CTX,2023-03-10T15:52:00.000Z,washer,8
2CTX,2023-03-10T12:03:18.000Z,washer,18
2CTX,2023-03-10T11:59:17.000Z,washer,8
2CTX,2023-03-10T01:10:32.000Z,washer,8
2CTX,2023-03-09T18:31:09.000Z,washer,8
2CTX,2023-03-09T16:32:14.000Z,washer,8
2CTX,2023-03-09T10:21:51.000Z,washer,18
2CTX,2023-03-08T19:57:47.000Z,washer,18
2CTX,2023-03-08T16:15:59.000Z,washer,18
2CTX,2023-03-08T12:53:59.000Z,washer,18
2CTX,2023-03-08T12:34:36.000Z,washer,8
2CTX,2023-03-07T19:05:48.000Z,washer,8
2CTX,2023-03-07T15:40:21.000Z,washer,8
2CTX,2023-03-07T14:06:32.000Z,washer,8
2CTX,2023-03-07T11:46:27.000Z,washer,18
2CTX,2023-03-06T11:33:56.000Z,washer,18
2CTX,2023-03-06T09:14:15.000Z,washer,8
2CTX,2023-03-05T17:30:54.000Z,washer,8
2CTX,2023-03-05T14:57:45.000Z,washer,8
2CTX,2023-03-05T14:24:30.000Z,washer,18
2CTX,2023-03-05T12:57:36.000Z,washer,18
2CTX,2023-03-05T07:54:22.000Z,washer,18
2CTX,2023-03-05T07:50:41.000Z,washer,8
2CTX,2023-03-04T17:35:19.000Z,washer,18
2CTX,2023-03-04T17:34:11.000Z,washer,8
2CTX,2023-03-04T16:43:01.000Z,washer,18
2CTX,2023-03-04T16:41:09.000Z,washer,8
2CTX,2023-03-04T15:17:20.000Z,washer,8
2CTX,2023-03-04T14:40:29.000Z,washer,8
2CTX,2023-03-04T10:29:18.000Z,washer,8
2CTX,2023-03-03T19:44:23.000Z,washer,18
2CTX,2023-03-03T15:19:34.000Z,washer,18
2CTX,2023-03-03T12:54:58.000Z,washer,8
2CTX,2023-03-03T09:40:07.000Z,washer,18
2CTX,2023-03-02T18:54:02.000Z,washer,18
2CTX,2023-03-02T18:51:36.000Z,washer,8
2CTX,2023-03-02T16:58:08.000Z,washer,18
2CTX,2023-03-02T15:18:40.000Z,washer,18
2CTX,2023-03-02T14:34:00.000Z,washer,8
2CTX,2023-03-02T14:32:16.000Z,washer,18
2CTX,2023-03-02T13:07:02.000Z,washer,18
2CTX,2023-03-02T10:44:14.000Z,washer,18
2CTX,2023-03-01T20:26:22.000Z,washer,18
2CTX,2023-03-01T16:36:44.000Z,washer,8
2CTX,2023-03-01T01:49:29.000Z,washer,8
2CTX,2023-02-28T08:15:37.000Z,washer,18
2CTX,2023-02-27T15:01:31.000Z,washer,18
2CTX,2023-02-27T11:59:18.000Z,washer,18
2CTX,2023-02-26T21:15:53.000Z,washer,8
2CTX,2023-02-26T21:13:12.000Z,washer,18
2CTX,2023-02-26T17:04:31.000Z,washer,18
2CTX,2023-02-26T16:05:23.000Z,washer,18
2CTX,2023-02-26T15:48:59.000Z,washer,8
2CTX,2023-02-26T14:33:25.000Z,washer,8
2CTX,2023-02-26T13:56:00.000Z,washer,8
2CTX,2023-02-26T13:16:40.000Z,washer,18
2CTX,2023-02-26T13:15:35.000Z,washer,8
2CTX,2023-02-26T11:34:59.000Z,washer,8
2CTX,2023-02-26T11:33:23.000Z,washer,18
2CTX,2023-02-26T10:23:56.000Z,washer,18
2CTX,2023-02-25T18:43:51.000Z,washer,8
2CTX,2023-02-25T18:21:08.000Z,washer,18
2CTX,2023-02-25T16:56:10.000Z,washer,18
2CTX,2023-02-25T14:31:25.000Z,washer,18
2CTX,2023-02-25T13:13:34.000Z,washer,8
2CTX,2023-02-24T19:51:40.000Z,washer,18
2CTX,2023-02-24T19:22:31.000Z,washer,8
2CTX,2023-02-24T18:48:27.000Z,washer,18
2CTX,2023-02-24T18:06:24.000Z,washer,8
2CTX,2023-02-24T17:56:50.000Z,washer,18
2CTX,2023-02-24T17:14:33.000Z,washer,8
2CTX,2023-02-24T17:11:09.000Z,washer,18
2CTX,2023-02-24T15:29:03.000Z,washer,18
2CTX,2023-02-24T11:55:53.000Z,washer,18
2CTX,2023-02-24T10:44:46.000Z,washer,8
2CTX,2023-02-24T08:13:31.000Z,washer,8
2CTX,2023-02-23T19:51:21.000Z,washer,18
2CTX,2023-02-23T19:01:38.000Z,washer,18
2CTX,2023-02-23T17:39:40.000Z,washer,18
2CTX,2023-02-23T17:37:31.000Z,washer,8
2CTX,2023-02-23T16:50:05.000Z,washer,18
2CTX,2023-02-23T10:40:37.000Z,washer,18
2CTX,2023-02-23T09:58:45.000Z,washer,8
2CTX,2023-02-23T08:05:02.000Z,washer,8
2CTX,2023-02-22T14:58:06.000Z,washer,8
2CTX,2023-02-22T01:12:27.000Z,washer,18
2CTX,2023-02-21T19:49:45.000Z,washer,8
2CTX,2023-02-21T17:13:43.000Z,washer,18
2CTX,2023-02-21T12:49:20.000Z,washer,18
2CTX,2023-02-21T10:58:21.000Z,washer,8
2CTX,2023-02-21T10:55:58.000Z,washer,18
2CTX,2023-02-20T20:01:01.000Z,washer,18
2CTX,2023-02-20T19:58:55.000Z,washer,8
2CTX,2023-02-20T16:56:12.000Z,washer,18
2CTX,2023-02-20T14:49:31.000Z,washer,8
2CTX,2023-02-20T14:18:33.000Z,washer,18
2CTX,2023-02-20T11:49:49.000Z,washer,18
2CTX,2023-02-20T11:01:45.000Z,washer,8
2CTX,2023-02-20T09:27:43.000Z,washer,18
2CTX,2023-02-20T06:43:20.000Z,washer,18
2CTX,2023-02-19T20:06:02.000Z,washer,18
2CTX,2023-02-19T17:48:10.000Z,washer,8
2CTX,2023-02-19T17:38:14.000Z,washer,18
2CTX,2023-02-19T16:54:02.000Z,washer,8
2CTX,2023-02-19T14:51:33.000Z,washer,8
2CTX,2023-02-19T14:26:58.000Z,washer,18
2CTX,2023-02-19T13:41:48.000Z,washer,8
2CTX,2023-02-19T13:40:39.000Z,washer,18
2CTX,2023-02-19T10:28:00.000Z,washer,18
2CTX,2023-02-18T20:48:09.000Z,washer,8
2CTX,2023-02-18T18:43:04.000Z,washer,18
2CTX,2023-02-18T16:28:24.000Z,washer,18
2CTX,2023-02-18T12:49:19.000Z,washer,8
2CTX,2023-02-18T12:12:47.000Z,washer,8
2CTX,2023-02-18T10:46:41.000Z,washer,18
2CTX,2023-02-18T10:17:37.000Z,washer,8
2CTX,2023-02-18T09:38:37.000Z,washer,18
2CTX,2023-02-17T18:23:39.000Z,washer,18
2CTX,2023-02-17T15:27:36.000Z,washer,18
2CTX,2023-02-17T15:26:38.000Z,washer,8
2CTX,2023-02-17T13:07:54.000Z,washer,8
2CTX,2023-02-17T12:09:02.000Z,washer,18
2CTX,2023-02-17T10:53:43.000Z,washer,8
2CTX,2023-02-17T08:42:58.000Z,washer,18
2CTX,2023-02-17T03:36:46.000Z,washer,8
2CTX,2023-02-16T19:52:58.000Z,washer,8
2CTX,2023-02-16T19:38:36.000Z,washer,18
2CTX,2023-02-16T16:58:23.000Z,washer,8
2CTX,2023-02-16T15:07:11.000Z,washer,18
2CTX,2023-02-16T13:52:56.000Z,washer,8
2CTX,2023-02-16T13:04:13.000Z,washer,18
2CTX,2023-02-16T10:27:48.000Z,washer,18
2CTX,2023-02-15T17:58:08.000Z,washer,8
2CTX,2023-02-15T17:40:27.000Z,washer,18
2CTX,2023-02-15T16:07:05.000Z,washer,18
2CTX,2023-02-15T14:57:57.000Z,washer,18
2CTX,2023-02-15T09:04:17.000Z,washer,8
2CTX,2023-02-14T17:53:23.000Z,washer,8
2CTX,2023-02-14T09:44:24.000Z,washer,8
2CTX,2023-02-13T18:52:29.000Z,washer,8
2CTX,2023-02-13T18:25:36.000Z,washer,18
2CTX,2023-02-13T18:11:51.000Z,washer,8
2CTX,2023-02-13T16:26:00.000Z,washer,8
2CTX,2023-02-13T14:49:22.000Z,washer,8
2CTX,2023-02-13T09:38:21.000Z,washer,18
2CTX,2023-02-12T20:15:37.000Z,washer,18
2CTX,2023-02-12T17:51:32.000Z,washer,8
2CTX,2023-02-12T17:50:02.000Z,washer,18
2CTX,2023-02-12T17:02:04.000Z,washer,18
2CTX,2023-02-12T16:14:41.000Z,washer,18
2CTX,2023-02-12T15:21:30.000Z,washer,8
2CTX,2023-02-12T13:59:20.000Z,washer,18
2CTX,2023-02-12T13:05:35.000Z,washer,8
2CTX,2023-02-12T12:18:26.000Z,washer,8
2CTX,2023-02-12T12:17:02.000Z,washer,18
2CTX,2023-02-12T11:27:46.000Z,washer,18
2CTX,2023-02-12T11:26:47.000Z,washer,8
2CTX,2023-02-11T21:56:23.000Z,washer,18
2CTX,2023-02-11T21:30:30.000Z,washer,8
2CTX,2023-02-11T21:08:19.000Z,washer,18
2CTX,2023-02-11T18:24:15.000Z,washer,8
2CTX,2023-02-11T16:41:21.000Z,washer,18
2CTX,2023-02-11T14:16:39.000Z,washer,18
2CTX,2023-02-11T13:15:27.000Z,washer,8
2CTX,2023-02-11T11:40:55.000Z,washer,8
2CTX,2023-02-11T11:03:03.000Z,washer,8
2CTX,2023-02-11T08:30:36.000Z,washer,18
2CTX,2023-02-11T08:28:40.000Z,washer,8
2CTX,2023-02-10T21:01:44.000Z,washer,18
2CTX,2023-02-10T16:12:38.000Z,washer,8
2CTX,2023-02-10T11:21:09.000Z,washer,8
2CTX,2023-02-09T20:21:56.000Z,washer,18
2CTX,2023-02-09T20:02:17.000Z,washer,8
2CTX,2023-02-09T19:29:44.000Z,washer,18
2CTX,2023-02-09T19:23:34.000Z,washer,8
2CTX,2023-02-09T17:07:46.000Z,washer,18
2CTX,2023-02-09T12:24:42.000Z,washer,18
2CTX,2023-02-09T11:16:56.000Z,washer,18
2CTX,2023-02-08T19:22:58.000Z,washer,8
2CTX,2023-02-08T11:52:29.000Z,washer,18
2CTX,2023-02-07T23:09:59.000Z,washer,8
2CTX,2023-02-07T17:21:31.000Z,washer,18
2CTX,2023-02-06T16:28:22.000Z,washer,8
2CTX,2023-02-06T16:26:53.000Z,washer,18
2CTX,2023-02-06T15:26:49.000Z,washer,18
2CTX,2023-02-06T12:48:11.000Z,washer,18
2CTX,2023-02-06T09:00:11.000Z,washer,8
2CTX,2023-02-06T08:50:16.000Z,washer,18
2CTX,2023-02-05T22:21:02.000Z,washer,18
2CTX,2023-02-05T16:55:35.000Z,washer,8
2CTX,2023-02-05T12:46:57.000Z,washer,8
2CTX,2023-02-04T19:39:23.000Z,washer,18
2CTX,2023-02-04T15:30:54.000Z,washer,8
2CTX,2023-02-04T13:32:06.000Z,washer,18
2CTX,2023-02-04T12:23:09.000Z,washer,18
2CTX,2023-02-04T11:37:25.000Z,washer,18
2CTX,2023-02-04T10:45:51.000Z,washer,18
2CTX,2023-02-04T09:55:47.000Z,washer,18
2CTX,2023-02-04T07:58:41.000Z,washer,18
2CTX,2023-02-04T00:22:07.000Z,washer,8
2CTX,2023-02-03T19:22:46.000Z,washer,18
2CTX,2023-02-03T17:33:06.000Z,washer,8
2CTX,2023-02-03T14:25:39.000Z,washer,18
2CTX,2023-02-02T21:11:45.000Z,washer,8
2CTX,2023-02-02T18:36:54.000Z,washer,18
2CTX,2023-02-02T09:42:43.000Z,washer,18
2CTX,2023-02-02T08:54:45.000Z,washer,8
2CTX,2023-02-02T08:50:07.000Z,washer,18
2CTX,2023-02-01T22:21:33.000Z,washer,18
2CTX,2023-02-01T21:32:51.000Z,washer,18
2CTX,2023-02-01T21:30:45.000Z,washer,8
2CTX,2023-02-01T18:09:35.000Z,washer,8
2CTX,2023-02-01T16:30:57.000Z,washer,8
2CTX,2023-02-01T16:15:52.000Z,washer,18
2CTX,2023-02-01T15:28:36.000Z,washer,18
2CTX,2023-02-01T08:29:42.000Z,washer,8
2CTX,2023-01-31T22:07:06.000Z,washer,18
2CTX,2023-01-31T21:47:07.000Z,washer,8
2CTX,2023-01-31T15:32:59.000Z,washer,18
2CTX,2023-01-31T14:16:16.000Z,washer,18
2CTX,2023-01-31T14:15:00.000Z,washer,8
2CTX,2023-01-31T13:11:12.000Z,washer,8
2CTX,2023-01-31T13:09:49.000Z,washer,18
2CTX,2023-01-30T23:23:53.000Z,washer,18
2CTX,2023-01-30T23:22:50.000Z,washer,8
2CTX,2023-01-30T21:27:41.000Z,washer,18
2CTX,2023-01-30T21:26:10.000Z,washer,8
2CTX,2023-01-30T12:57:19.000Z,washer,8
2CTX,2023-01-30T12:54:28.000Z,washer,18
2CTX,2023-01-30T00:14:08.000Z,washer,18
2CTX,2023-01-29T23:20:19.000Z,washer,18
2CTX,2023-01-29T22:07:46.000Z,washer,18
2CTX,2023-01-29T21:01:55.000Z,washer,8
2CTX,2023-01-29T15:48:37.000Z,washer,18
2CTX,2023-01-29T15:08:59.000Z,washer,8
2CTX,2023-01-29T15:02:11.000Z,washer,18
2CTX,2023-01-29T14:27:30.000Z,washer,8
2CTX,2023-01-29T13:38:33.000Z,washer,18
2CTX,2023-01-29T12:48:48.000Z,washer,18
2CTX,2023-01-29T11:16:00.000Z,washer,18
2CTX,2023-01-28T22:31:05.000Z,washer,18
2CTX,2023-01-28T19:45:53.000Z,washer,8
2CTX,2023-01-28T19:44:14.000Z,washer,18
2CTX,2023-01-28T18:55:10.000Z,washer,18
2CTX,2023-01-28T17:15:29.000Z,washer,18
2CTX,2023-01-28T16:28:40.000Z,washer,18
2CTX,2023-01-28T15:55:14.000Z,washer,8
2CTX,2023-01-28T15:38:22.000Z,washer,18
2CTX,2023-01-28T13:17:32.000Z,washer,8
2CTX,2023-01-28T13:10:44.000Z,washer,18
2CTX,2023-01-28T12:23:38.000Z,washer,18
2CTX,2023-01-27T21:23:54.000Z,washer,18
2CTX,2023-01-27T14:10:32.000Z,washer,8
2CTX,2023-01-26T01:21:40.000Z,washer,18
2CTX,2023-01-26T01:20:44.000Z,washer,8
2CTX,2023-01-25T19:49:17.000Z,washer,18
2CTX,2023-01-25T18:23:13.000Z,washer,8
2CTX,2023-01-25T17:52:39.000Z,washer,18
2CTX,2023-01-25T16:23:09.000Z,washer,8
2CTX,2023-01-25T11:45:17.000Z,washer,18
2CTX,2023-01-24T19:45:57.000Z,washer,8
2CTX,2023-01-24T18:59:22.000Z,washer,18
2CTX,2023-01-24T08:36:45.000Z,washer,8
2CTX,2023-01-23T10:34:01.000Z,washer,18
2CTX,2023-01-22T18:32:45.000Z,washer,8
2CTX,2023-01-22T18:31:36.000Z,washer,18
2CTX,2023-01-22T17:42:58.000Z,washer,8
2CTX,2023-01-22T17:41:20.000Z,washer,18
2CTX,2023-01-22T16:43:34.000Z,washer,18
2CTX,2023-01-22T16:29:25.000Z,washer,8
2CTX,2023-01-22T15:17:40.000Z,washer,18
2CTX,2023-01-22T14:46:35.000Z,washer,8
2CTX,2023-01-22T14:22:38.000Z,washer,18
2CTX,2023-01-22T13:16:21.000Z,washer,18
2CTX,2023-01-22T10:46:03.000Z,washer,8
2CTX,2023-01-22T10:45:04.000Z,washer,18
2CTX,2023-01-21T20:10:02.000Z,washer,8
2CTX,2023-01-21T19:13:32.000Z,washer,18
2CTX,2023-01-21T17:06:42.000Z,washer,18
2CTX,2023-01-21T17:03:30.000Z,washer,8
2CTX,2023-01-21T16:15:48.000Z,washer,18
2CTX,2023-01-21T15:15:15.000Z,washer,18
2CTX,2023-01-21T12:42:34.000Z,washer,8
2CTX,2023-01-21T12:39:21.000Z,washer,18
2CTX,2023-01-21T11:12:08.000Z,washer,8
2CTX,2023-01-21T10:55:45.000Z,washer,18
2CTX,2023-01-20T19:44:52.000Z,washer,18
2CTX,2023-01-20T18:58:15.000Z,washer,18
2CTX,2023-01-20T15:57:35.000Z,washer,18
2CTX,2023-01-20T14:56:32.000Z,washer,8
2CTX,2023-01-20T14:15:26.000Z,washer,8
2CTX,2023-01-20T13:58:16.000Z,washer,18
2CTX,2023-01-20T11:32:22.000Z,washer,18
2CTX,2023-01-20T00:47:55.000Z,washer,18
2CTX,2023-01-20T00:46:09.000Z,washer,8
2CTX,2023-01-19T18:21:13.000Z,washer,8
2CTX,2023-01-19T18:20:04.000Z,washer,18
2CTX,2023-01-19T16:23:03.000Z,washer,18
2CTX,2023-01-19T13:48:14.000Z,washer,8
2CTX,2023-01-19T13:45:26.000Z,washer,18
2CTX,2023-01-19T11:52:41.000Z,washer,18
2CTX,2023-01-19T09:39:13.000Z,washer,18
2CTX,2023-01-18T21:28:54.000Z,washer,8
2CTX,2023-01-18T18:08:46.000Z,washer,8
2CTX,2023-01-18T18:07:41.000Z,washer,18
2CTX,2023-01-18T16:23:41.000Z,washer,8
2CTX,2023-01-18T16:15:51.000Z,washer,18
2CTX,2023-01-17T14:23:48.000Z,washer,18
2CTX,2023-01-17T09:57:56.000Z,washer,18
2CTX,2023-01-17T03:32:03.000Z,washer,8
2CTX,2023-01-17T03:30:16.000Z,washer,18
2CTX,2023-01-16T23:40:58.000Z,washer,8
2CTX,2023-01-16T20:32:24.000Z,washer,18
2CTX,2023-01-16T20:31:22.000Z,washer,8
2CTX,2023-01-16T19:26:01.000Z,washer,18
2CTX,2023-01-16T17:47:24.000Z,washer,8
2CTX,2023-01-16T16:07:31.000Z,washer,18
2CTX,2023-01-16T12:05:17.000Z,washer,18
2CTX,2023-01-16T09:40:19.000Z,washer,8
2CTX,2023-01-16T09:38:47.000Z,washer,18
2CTX,2023-01-15T14:15:31.000Z,washer,8
2CTX,2023-01-15T13:35:15.000Z,washer,8
2CTX,2023-01-15T13:12:17.000Z,washer,18
2CTX,2023-01-15T12:50:16.000Z,washer,8
2CTX,2023-01-15T12:16:35.000Z,washer,18
2CTX,2023-01-14T20:18:39.000Z,washer,8
2CTX,2023-01-14T17:42:26.000Z,washer,18
2CTX,2023-01-14T16:49:17.000Z,washer,18
2CTX,2023-01-14T16:04:57.000Z,washer,18
2CTX,2023-01-14T15:47:59.000Z,washer,8
2CTX,2023-01-14T14:58:26.000Z,washer,8
2CTX,2023-01-14T13:52:18.000Z,washer,8
2CTX,2023-01-14T13:48:22.000Z,washer,18
2CTX,2023-01-14T12:44:50.000Z,washer,18
2CTX,2023-01-14T11:49:46.000Z,washer,18
2CTX,2023-01-14T11:06:02.000Z,washer,18
2CTX,2023-01-14T02:41:48.000Z,washer,8
2CTX,2023-01-14T02:40:36.000Z,washer,18
2CTX,2023-01-14T01:45:07.000Z,washer,18
2CTX,2023-01-14T01:38:54.000Z,washer,8
2CTX,2023-01-14T00:58:52.000Z,washer,8
2CTX,2023-01-14T00:53:33.000Z,washer,18
2CTX,2023-01-13T21:45:20.000Z,washer,18
2CTX,2023-01-13T20:18:55.000Z,washer,8
2CTX,2023-01-13T19:38:13.000Z,washer,8
2CTX,2023-01-13T12:11:57.000Z,washer,8
2CTX,2023-01-11T19:01:04.000Z,washer,18
2CTX,2023-01-11T16:05:55.000Z,washer,18
2CTX,2023-01-10T19:27:36.000Z,washer,8
2CTX,2023-01-10T17:31:46.000Z,washer,18
2CTX,2023-01-10T11:35:25.000Z,washer,18
2CTX,2023-01-10T10:43:43.000Z,washer,18
2CTX,2023-01-09T12:40:27.000Z,washer,18
2CTX,2023-01-09T11:27:29.000Z,washer,18
2CTX,2023-01-08T19:27:10.000Z,washer,8
2CTX,2023-01-08T17:11:52.000Z,washer,8
2CTX,2023-01-08T16:30:18.000Z,washer,8
2CTX,2023-01-08T15:20:45.000Z,washer,18
2CTX,2023-01-08T15:10:18.000Z,washer,8
2CTX,2023-01-08T14:19:04.000Z,washer,18
2CTX,2023-01-08T13:38:35.000Z,washer,8
2CTX,2023-01-08T11:28:56.000Z,washer,18
2CTX,2023-01-08T07:55:54.000Z,washer,18
2CTX,2023-01-07T19:23:55.000Z,washer,18
2CTX,2023-01-07T17:08:02.000Z,washer,18
2CTX,2023-01-07T15:48:04.000Z,washer,8
2CTX,2023-01-07T14:58:22.000Z,washer,8
2CTX,2023-01-07T14:20:06.000Z,washer,8
2CTX,2023-01-07T13:40:55.000Z,washer,18
2CTX,2023-01-07T13:34:56.000Z,washer,8
2CTX,2023-01-07T11:44:18.000Z,washer,18
2CTX,2023-01-07T08:56:12.000Z,washer,8
2CTX,2023-01-07T08:47:05.000Z,washer,18
2CTX,2023-01-06T21:03:06.000Z,washer,18
2CTX,2023-01-06T19:14:30.000Z,washer,18
2CTX,2023-01-06T18:32:56.000Z,washer,8
2CTX,2023-01-06T17:54:09.000Z,washer,8
2CTX,2023-01-06T17:47:45.000Z,washer,18
2CTX,2023-01-06T17:00:25.000Z,washer,18
2CTX,2023-01-06T16:12:33.000Z,washer,18
2CTX,2023-01-05T21:17:42.000Z,washer,18
2CTX,2023-01-05T19:21:05.000Z,washer,18
2CTX,2023-01-05T18:54:01.000Z,washer,8
2CTX,2023-01-05T16:23:45.000Z,washer,8
2CTX,2023-01-05T16:17:37.000Z,washer,8
2CTX,2023-01-05T15:26:59.000Z,washer,18
2CTX,2023-01-05T14:42:24.000Z,washer,18
2CTX,2023-01-05T13:55:55.000Z,washer,8
2CTX,2023-01-05T11:20:27.000Z,washer,18
2CTX,2023-01-05T09:07:23.000Z,washer,18
2CTX,2023-01-04T20:38:10.000Z,washer,8
2CTX,2023-01-04T20:33:10.000Z,washer,18
2CTX,2023-01-03T15:37:22.000Z,washer,18
2CTX,2023-01-03T11:12:54.000Z,washer,18
2CTX,2023-01-03T11:09:16.000Z,washer,8
2CTX,2023-01-02T15:27:59.000Z,washer,18
2CTX,2023-01-01T23:25:52.000Z,washer,8
2CTX,2023-01-01T23:22:35.000Z,washer,18
2CTX,2023-01-01T19:21:44.000Z,washer,18
2CTX,2023-01-01T17:14:11.000Z,washer,18
2CTX,2023-01-01T14:09:19.000Z,washer,8
2CTX,2023-01-01T13:04:55.000Z,washer,18
2CTX,2023-01-01T10:30:24.000Z,washer,8
2CTX,2023-01-01T10:27:16.000Z,washer,18
2CTX,2022-12-31T16:36:44.000Z,washer,18
2CTX,2022-12-31T09:11:07.000Z,washer,18
2CTX,2022-12-31T08:24:06.000Z,washer,18
2CTX,2022-12-31T07:37:04.000Z,washer,18
2CTX,2022-12-31T07:35:44.000Z,washer,8
2CTX,2022-12-30T17:30:22.000Z,washer,8
2CTX,2022-12-30T17:25:48.000Z,washer,18
2CTX,2022-12-30T15:53:28.000Z,washer,18
2CTX,2022-12-30T15:10:26.000Z,washer,18
2CTX,2022-12-30T14:32:29.000Z,washer,8
2CTX,2022-12-30T14:24:07.000Z,washer,18
2CTX,2022-12-30T13:03:15.000Z,washer,18
2CTX,2022-12-30T12:58:18.000Z,washer,8
2CTX,2022-12-30T11:45:29.000Z,washer,18
2CTX,2022-12-29T22:20:04.000Z,washer,18
2CTX,2022-12-29T22:18:48.000Z,washer,8
2CTX,2022-12-29T17:27:08.000Z,washer,18
2CTX,2022-12-29T16:33:15.000Z,washer,18
2CTX,2022-12-29T14:32:08.000Z,washer,18
2CTX,2022-12-29T14:30:37.000Z,washer,8
2CTX,2022-12-28T21:35:13.000Z,washer,18
2CTX,2022-12-28T20:50:36.000Z,washer,8
2CTX,2022-12-28T20:49:10.000Z,washer,18
2CTX,2022-12-28T17:05:11.000Z,washer,18
2CTX,2022-12-28T16:20:21.000Z,washer,8
2CTX,2022-12-28T15:38:19.000Z,washer,8
2CTX,2022-12-28T15:28:48.000Z,washer,18
2CTX,2022-12-28T14:38:47.000Z,washer,8
2CTX,2022-12-28T14:37:15.000Z,washer,18
2CTX,2022-12-27T22:41:09.000Z,washer,18
2CTX,2022-12-27T21:34:15.000Z,washer,8
2CTX,2022-12-27T21:32:47.000Z,washer,18
2CTX,2022-12-27T19:31:57.000Z,washer,18
2CTX,2022-12-27T18:24:45.000Z,washer,18
2CTX,2022-12-27T16:56:02.000Z,washer,18
2CTX,2022-12-27T16:11:42.000Z,washer,18
2CTX,2022-12-27T15:19:55.000Z,washer,18
2CTX,2022-12-27T15:18:27.000Z,washer,8
2CTX,2022-12-27T08:27:09.000Z,washer,18
2CTX,2022-12-27T07:35:19.000Z,washer,18
2CTX,2022-12-27T07:34:11.000Z,washer,8
2CTX,2022-12-26T16:24:47.000Z,washer,8
2CTX,2022-12-26T15:45:31.000Z,washer,8
2CTX,2022-12-26T15:23:42.000Z,washer,18
2CTX,2022-12-26T12:58:33.000Z,washer,18
2CTX,2022-12-26T12:12:07.000Z,washer,18
2CTX,2022-12-25T12:34:25.000Z,washer,18
2CTX,2022-12-25T11:26:24.000Z,washer,18
2CTX,2022-12-24T20:16:55.000Z,washer,18
2CTX,2022-12-24T11:36:52.000Z,washer,18
2CTX,2022-12-24T08:50:37.000Z,washer,18
2CTX,2022-12-24T07:50:24.000Z,washer,18
2CTX,2022-12-23T14:39:43.000Z,washer,8
2CTX,2022-12-23T14:38:46.000Z,washer,18
2CTX,2022-12-21T20:41:24.000Z,washer,18
2CTX,2022-12-21T20:06:39.000Z,washer,8
2CTX,2022-12-21T19:47:51.000Z,washer,18
2CTX,2022-12-21T19:22:29.000Z,washer,8
2CTX,2022-12-21T19:01:04.000Z,washer,18
2CTX,2022-12-21T18:14:29.000Z,washer,8
2CTX,2022-12-21T18:07:31.000Z,washer,18
2CTX,2022-12-21T16:43:07.000Z,washer,8
2CTX,2022-12-21T16:42:08.000Z,washer,18
2CTX,2022-12-21T12:09:05.000Z,washer,8
2CTX,2022-12-21T01:16:28.000Z,washer,8
2CTX,2022-12-20T13:36:04.000Z,washer,8
2CTX,2022-12-20T11:06:40.000Z,washer,8
2CTX,2022-12-19T21:18:39.000Z,washer,18
2CTX,2022-12-19T15:56:09.000Z,washer,8
2CTX,2022-12-19T15:40:24.000Z,washer,18
2CTX,2022-12-19T14:12:34.000Z,washer,8
2CTX,2022-12-19T12:12:02.000Z,washer,18
2CTX,2022-12-18T19:04:54.000Z,washer,18
2CTX,2022-12-18T17:59:01.000Z,washer,18
2CTX,2022-12-18T17:13:30.000Z,washer,18
2CTX,2022-12-18T16:44:04.000Z,washer,8
2CTX,2022-12-18T16:23:05.000Z,washer,18
2CTX,2022-12-18T15:20:10.000Z,washer,8
2CTX,2022-12-18T14:55:22.000Z,washer,18
2CTX,2022-12-18T13:59:17.000Z,washer,18
2CTX,2022-12-18T12:42:28.000Z,washer,18
2CTX,2022-12-18T11:00:14.000Z,washer,8
2CTX,2022-12-18T10:13:55.000Z,washer,18
2CTX,2022-12-18T09:07:11.000Z,washer,18
2CTX,2022-12-18T09:04:25.000Z,washer,8
2CTX,2022-12-18T08:23:29.000Z,washer,8
2CTX,2022-12-18T08:22:28.000Z,washer,18
2CTX,2022-12-17T13:52:08.000Z,washer,8
2CTX,2022-12-16T14:47:16.000Z,washer,18
2CTX,2022-12-16T09:30:51.000Z,washer,8
2CTX,2022-12-16T08:54:24.000Z,washer,18
2CTX,2022-12-15T22:08:15.000Z,washer,18
2CTX,2022-12-14T21:00:40.000Z,washer,18
2CTX,2022-12-14T13:21:17.000Z,washer,18
2CTX,2022-12-14T11:33:22.000Z,washer,18
2CTX,2022-12-14T08:17:31.000Z,washer,18
2CTX,2022-12-13T11:17:58.000Z,washer,18
2CTX,2022-12-13T09:16:35.000Z,washer,18
2CTX,2022-12-12T17:24:29.000Z,washer,8
2CTX,2022-12-12T11:46:13.000Z,washer,18
2CTX,2022-12-11T19:38:25.000Z,washer,18
2CTX,2022-12-11T18:44:48.000Z,washer,18
2CTX,2022-12-11T15:33:16.000Z,washer,8
2CTX,2022-12-11T14:43:47.000Z,washer,18
2CTX,2022-12-11T13:49:32.000Z,washer,8
2CTX,2022-12-11T13:46:53.000Z,washer,18
2CTX,2022-12-11T08:41:11.000Z,washer,18
2CTX,2022-12-10T18:02:34.000Z,washer,18
2CTX,2022-12-10T17:16:36.000Z,washer,18
2CTX,2022-12-10T15:35:06.000Z,washer,8
2CTX,2022-12-10T14:54:19.000Z,washer,18
2CTX,2022-12-10T11:32:00.000Z,washer,8
2CTX,2022-12-10T10:07:26.000Z,washer,18
2CTX,2022-12-10T07:38:18.000Z,washer,18
2CTX,2022-12-09T18:21:20.000Z,washer,18
2CTX,2022-12-09T17:37:58.000Z,washer,18
2CTX,2022-12-09T15:55:45.000Z,washer,18
2CTX,2022-12-09T14:28:35.000Z,washer,8
2CTX,2022-12-08T21:11:51.000Z,washer,18
2CTX,2022-12-08T11:51:26.000Z,washer,8
2CTX,2022-12-08T09:21:14.000Z,washer,18
2CTX,2022-12-08T07:39:04.000Z,washer,8
2CTX,2022-12-07T16:23:49.000Z,washer,8
2CTX,2022-12-07T15:22:17.000Z,washer,18
2CTX,2022-12-07T14:29:11.000Z,washer,18
2CTX,2022-12-07T13:40:24.000Z,washer,18
2CTX,2022-12-07T09:50:34.000Z,washer,18
2CTX,2022-12-06T17:02:32.000Z,washer,18
2CTX,2022-12-06T15:02:23.000Z,washer,8
2CTX,2022-12-06T14:50:04.000Z,washer,18
2CTX,2022-12-06T14:13:10.000Z,washer,8
2CTX,2022-12-06T11:27:24.000Z,washer,18
2CTX,2022-12-05T18:29:48.000Z,washer,18
2CTX,2022-12-05T12:40:19.000Z,washer,18
2CTX,2022-12-04T19:01:52.000Z,washer,18
2CTX,2022-12-04T18:05:37.000Z,washer,8
2CTX,2022-12-04T18:03:41.000Z,washer,18
2CTX,2022-12-04T16:50:27.000Z,washer,18
2CTX,2022-12-04T14:13:25.000Z,washer,18
2CTX,2022-12-04T13:21:51.000Z,washer,18
2CTX,2022-12-04T12:52:06.000Z,washer,8
2CTX,2022-12-04T12:34:04.000Z,washer,18
2CTX,2022-12-04T10:47:16.000Z,washer,18
2CTX,2022-12-04T07:48:02.000Z,washer,18
2CTX,2022-12-04T07:46:49.000Z,washer,8
2CTX,2022-12-03T19:12:02.000Z,washer,8
2CTX,2022-12-03T18:39:34.000Z,washer,18
2CTX,2022-12-03T18:17:22.000Z,washer,8
2CTX,2022-12-03T16:57:01.000Z,washer,8
2CTX,2022-12-03T15:12:27.000Z,washer,18
2CTX,2022-12-03T13:54:17.000Z,washer,18
2CTX,2022-12-03T13:02:52.000Z,washer,8
2CTX,2022-12-03T12:56:29.000Z,washer,18
2CTX,2022-12-03T12:19:38.000Z,washer,8
2CTX,2022-12-03T12:12:11.000Z,washer,18
2CTX,2022-12-03T11:41:12.000Z,washer,8
2CTX,2022-12-03T11:30:15.000Z,washer,18
2CTX,2022-12-03T11:02:09.000Z,washer,8
2CTX,2022-12-03T10:37:51.000Z,washer,18
2CTX,2022-12-03T09:24:31.000Z,washer,8
2CTX,2022-12-02T22:24:28.000Z,washer,18
2CTX,2022-12-02T19:58:03.000Z,washer,18
2CTX,2022-12-02T18:56:17.000Z,washer,18
2CTX,2022-12-02T16:30:04.000Z,washer,18
2CTX,2022-12-02T15:53:34.000Z,washer,8
2CTX,2022-12-02T15:22:03.000Z,washer,18
2CTX,2022-12-02T13:00:15.000Z,washer,8
2CTX,2022-12-02T12:18:50.000Z,washer,8
2CTX,2022-12-02T12:17:35.000Z,washer,18
2CTX,2022-12-01T17:00:43.000Z,washer,18
2CTX,2022-12-01T16:59:33.000Z,washer,8
2CTX,2022-12-01T16:15:21.000Z,washer,18
2CTX,2022-12-01T08:36:31.000Z,washer,18
2CTX,2022-11-29T19:26:48.000Z,washer,18
2CTX,2022-11-29T18:38:27.000Z,washer,18
2CTX,2022-11-29T16:58:34.000Z,washer,8
2CTX,2022-11-29T09:45:32.000Z,washer,18
2CTX,2022-11-29T04:40:34.000Z,washer,8
2CTX,2022-11-28T18:04:18.000Z,washer,8
2CTX,2022-11-28T17:59:02.000Z,washer,18
2CTX,2022-11-28T09:10:56.000Z,washer,8
2CTX,2022-11-28T09:09:22.000Z,washer,18
2CTX,2022-11-27T19:49:21.000Z,washer,8
2CTX,2022-11-27T19:46:46.000Z,washer,18
2CTX,2022-11-27T19:00:28.000Z,washer,18
2CTX,2022-11-27T18:15:23.000Z,washer,18
2CTX,2022-11-27T16:11:11.000Z,washer,18
2CTX,2022-11-27T13:31:46.000Z,washer,18
2CTX,2022-11-27T12:45:13.000Z,washer,18
2CTX,2022-11-27T12:13:53.000Z,washer,8
2CTX,2022-11-27T10:52:04.000Z,washer,18
2CTX,2022-11-26T23:20:12.000Z,washer,18
2CTX,2022-11-26T20:40:13.000Z,washer,8
2CTX,2022-11-26T19:51:24.000Z,washer,8
2CTX,2022-11-26T19:42:25.000Z,washer,18
2CTX,2022-11-26T17:39:21.000Z,washer,18
2CTX,2022-11-26T17:35:16.000Z,washer,8
2CTX,2022-11-26T13:25:28.000Z,washer,18
2CTX,2022-11-26T12:38:38.000Z,washer,18
2CTX,2022-11-26T11:58:11.000Z,washer,8
2CTX,2022-11-26T11:44:03.000Z,washer,18
2CTX,2022-11-26T10:57:19.000Z,washer,18
2CTX,2022-11-26T01:48:39.000Z,washer,8
2CTX,2022-11-25T18:15:23.000Z,washer,18
2CTX,2022-11-25T16:40:18.000Z,washer,8
2CTX,2022-11-25T13:57:45.000Z,washer,18
2CTX,2022-11-25T12:56:36.000Z,washer,18
2CTX,2022-11-25T12:10:15.000Z,washer,18
2CTX,2022-11-25T11:13:46.000Z,washer,18
2CTX,2022-11-25T10:29:15.000Z,washer,18
2CTX,2022-11-25T09:42:36.000Z,washer,18
2CTX,2022-11-24T15:38:20.000Z,washer,18
2CTX,2022-11-24T13:21:30.000Z,washer,18
2CTX,2022-11-24T00:16:52.000Z,washer,18
2CTX,2022-11-23T19:43:00.000Z,washer,18
2CTX,2022-11-23T14:42:16.000Z,washer,8
2CTX,2022-11-23T09:52:37.000Z,washer,8
2CTX,2022-11-22T19:52:47.000Z,washer,8
2CTX,2022-11-21T21:09:24.000Z,washer,8
2CTX,2022-11-21T21:07:52.000Z,washer,18
2CTX,2022-11-21T19:06:21.000Z,washer,8
2CTX,2022-11-21T18:31:11.000Z,washer,18
2CTX,2022-11-21T15:44:09.000Z,washer,8
2CTX,2022-11-21T14:36:31.000Z,washer,18
2CTX,2022-11-20T19:06:57.000Z,washer,8
2CTX,2022-11-20T19:01:30.000Z,washer,18
2CTX,2022-11-20T15:44:37.000Z,washer,8
2CTX,2022-11-20T13:27:45.000Z,washer,18
2CTX,2022-11-20T12:18:53.000Z,washer,18
2CTX,2022-11-19T22:17:32.000Z,washer,8
2CTX,2022-11-19T19:11:44.000Z,washer,18
2CTX,2022-11-19T18:48:54.000Z,washer,8
2CTX,2022-11-19T18:00:25.000Z,washer,18
2CTX,2022-11-19T17:32:23.000Z,washer,8
2CTX,2022-11-19T17:17:43.000Z,washer,18
2CTX,2022-11-19T14:46:47.000Z,washer,8
2CTX,2022-11-19T14:15:05.000Z,washer,18
2CTX,2022-11-19T13:30:14.000Z,washer,18
2CTX,2022-11-19T10:28:57.000Z,washer,18
2CTX,2022-11-18T23:29:36.000Z,washer,18
2CTX,2022-11-18T20:15:54.000Z,washer,18
2CTX,2022-11-18T19:15:37.000Z,washer,8
2CTX,2022-11-18T19:10:44.000Z,washer,18
2CTX,2022-11-18T18:23:09.000Z,washer,18
2CTX,2022-11-18T17:34:33.000Z,washer,18
2CTX,2022-11-18T16:40:42.000Z,washer,18
2CTX,2022-11-18T12:47:56.000Z,washer,18
2CTX,2022-11-18T12:04:49.000Z,washer,18
2CTX,2022-11-18T10:15:58.000Z,washer,18
2CTX,2022-11-17T17:44:05.000Z,washer,8
2CTX,2022-11-17T17:21:14.000Z,washer,18
2CTX,2022-11-17T17:04:35.000Z,washer,8
2CTX,2022-11-17T16:36:32.000Z,washer,18
2CTX,2022-11-17T16:24:48.000Z,washer,8
2CTX,2022-11-17T15:53:45.000Z,washer,18
2CTX,2022-11-17T15:09:56.000Z,washer,18
2CTX,2022-11-17T13:17:20.000Z,washer,18
2CTX,2022-11-17T09:19:12.000Z,washer,18
2CTX,2022-11-16T20:01:44.000Z,washer,18
2CTX,2022-11-16T19:46:07.000Z,washer,8
2CTX,2022-11-16T19:02:42.000Z,washer,8
2CTX,2022-11-16T19:00:49.000Z,washer,18
2CTX,2022-11-16T17:28:48.000Z,washer,18
2CTX,2022-11-16T16:33:27.000Z,washer,8
2CTX,2022-11-16T16:32:11.000Z,washer,18
2CTX,2022-11-16T15:44:17.000Z,washer,18
2CTX,2022-11-16T12:53:51.000Z,washer,18
2CTX,2022-11-15T23:23:55.000Z,washer,18
2CTX,2022-11-15T23:22:18.000Z,washer,8
2CTX,2022-11-15T21:13:38.000Z,washer,8
2CTX,2022-11-15T21:12:25.000Z,washer,18
2CTX,2022-11-15T19:57:28.000Z,washer,18
2CTX,2022-11-15T18:54:54.000Z,washer,8
2CTX,2022-11-14T23:00:45.000Z,washer,8
2CTX,2022-11-14T22:57:07.000Z,washer,18
2CTX,2022-11-14T20:55:43.000Z,washer,8
2CTX,2022-11-14T16:10:03.000Z,washer,18
2CTX,2022-11-14T15:25:03.000Z,washer,8
2CTX,2022-11-13T19:53:45.000Z,washer,8
2CTX,2022-11-13T19:09:02.000Z,washer,8
2CTX,2022-11-13T19:06:56.000Z,washer,18
2CTX,2022-11-13T17:40:22.000Z,washer,18
2CTX,2022-11-13T16:41:04.000Z,washer,8
2CTX,2022-11-13T15:39:07.000Z,washer,8
2CTX,2022-11-13T14:24:36.000Z,washer,18
2CTX,2022-11-13T13:39:29.000Z,washer,18
2CTX,2022-11-13T13:38:16.000Z,washer,8
2CTX,2022-11-13T12:28:17.000Z,washer,18
2CTX,2022-11-13T00:42:02.000Z,washer,8
2CTX,2022-11-13T00:40:55.000Z,washer,18
2CTX,2022-11-12T17:10:45.000Z,washer,8
2CTX,2022-11-12T17:07:47.000Z,washer,18
2CTX,2022-11-12T13:24:45.000Z,washer,18
2CTX,2022-11-12T13:16:14.000Z,washer,8
2CTX,2022-11-12T11:46:27.000Z,washer,18
2CTX,2022-11-12T10:31:07.000Z,washer,18
2CTX,2022-11-11T15:18:33.000Z,washer,8
2CTX,2022-11-11T15:13:11.000Z,washer,18
2CTX,2022-11-11T13:49:17.000Z,washer,18
2CTX,2022-11-11T13:41:45.000Z,washer,8
2CTX,2022-11-11T13:04:07.000Z,washer,8
2CTX,2022-11-11T13:02:35.000Z,washer,18
2CTX,2022-11-11T10:53:49.000Z,washer,8
2CTX,2022-11-11T09:39:59.000Z,washer,8
2CTX,2022-11-10T16:24:54.000Z,washer,18
2CTX,2022-11-10T11:30:01.000Z,washer,18
2CTX,2022-11-10T09:56:30.000Z,washer,8
2CTX,2022-11-09T22:02:37.000Z,washer,18
2CTX,2022-11-09T19:29:02.000Z,washer,8
2CTX,2022-11-09T18:14:34.000Z,washer,8
2CTX,2022-11-09T13:41:56.000Z,washer,18
2CTX,2022-11-09T11:56:09.000Z,washer,18
2CTX,2022-11-09T11:07:04.000Z,washer,8
2CTX,2022-11-08T15:45:28.000Z,washer,18
2CTX,2022-11-07T20:17:24.000Z,washer,18
2CTX,2022-11-07T19:19:03.000Z,washer,18
2CTX,2022-11-07T19:11:30.000Z,washer,8
2CTX,2022-11-07T18:03:22.000Z,washer,8
2CTX,2022-11-06T16:16:01.000Z,washer,8
2CTX,2022-11-06T16:10:59.000Z,washer,18
2CTX,2022-11-06T15:27:48.000Z,washer,8
2CTX,2022-11-06T14:32:46.000Z,washer,8
2CTX,2022-11-06T13:36:41.000Z,washer,8
2CTX,2022-11-06T13:33:20.000Z,washer,18
2CTX,2022-11-06T11:54:36.000Z,washer,18
2CTX,2022-11-06T11:06:51.000Z,washer,18
2CTX,2022-11-06T10:58:33.000Z,washer,8
2CTX,2022-11-06T10:18:21.000Z,washer,18
2CTX,2022-11-06T09:13:16.000Z,washer,8
2CTX,2022-11-06T09:12:05.000Z,washer,18
2CTX,2022-11-05T21:13:10.000Z,washer,18
2CTX,2022-11-05T17:54:42.000Z,washer,18
2CTX,2022-11-05T17:48:46.000Z,washer,8
2CTX,2022-11-05T14:39:51.000Z,washer,8
2CTX,2022-11-05T14:18:16.000Z,washer,18
2CTX,2022-11-05T13:33:52.000Z,washer,8
2CTX,2022-11-05T13:27:27.000Z,washer,18
2CTX,2022-11-05T12:26:46.000Z,washer,8
2CTX,2022-11-05T11:22:14.000Z,washer,18
2CTX,2022-11-05T08:36:03.000Z,washer,18
2CTX,2022-11-04T20:04:09.000Z,washer,18
2CTX,2022-11-04T19:18:03.000Z,washer,18
2CTX,2022-11-04T17:27:36.000Z,washer,18
2CTX,2022-11-04T14:48:47.000Z,washer,8
2CTX,2022-11-04T14:06:20.000Z,washer,18
2CTX,2022-11-04T13:29:40.000Z,washer,8
2CTX,2022-11-04T12:51:36.000Z,washer,8
2CTX,2022-11-04T12:50:20.000Z,washer,18
2CTX,2022-11-03T21:07:31.000Z,washer,18
2CTX,2022-11-03T20:25:41.000Z,washer,18
2CTX,2022-11-03T19:42:10.000Z,washer,18
2CTX,2022-11-03T17:20:31.000Z,washer,18
2CTX,2022-11-03T14:08:22.000Z,washer,8
2CTX,2022-11-03T14:02:44.000Z,washer,18
2CTX,2022-11-03T11:35:26.000Z,washer,8
2CTX,2022-11-03T11:33:32.000Z,washer,18
2CTX,2022-11-03T08:37:23.000Z,washer,8
2CTX,2022-11-03T08:36:08.000Z,washer,18
2CTX,2022-11-03T01:33:38.000Z,washer,18
2CTX,2022-11-03T00:32:39.000Z,washer,8
2CTX,2022-11-03T00:30:39.000Z,washer,18
2CTX,2022-11-02T23:32:00.000Z,washer,18
2CTX,2022-11-02T23:29:04.000Z,washer,8
2CTX,2022-11-02T19:38:16.000Z,washer,8
2CTX,2022-11-02T18:16:53.000Z,washer,18
2CTX,2022-11-02T17:50:01.000Z,washer,8
2CTX,2022-11-02T17:06:24.000Z,washer,18
2CTX,2022-11-02T16:48:07.000Z,washer,8
2CTX,2022-11-02T16:21:09.000Z,washer,18
2CTX,2022-11-02T16:07:33.000Z,washer,8
2CTX,2022-11-02T15:14:24.000Z,washer,18
2CTX,2022-11-02T10:59:10.000Z,washer,18
2CTX,2022-11-02T09:16:48.000Z,washer,8
2CTX,2022-11-02T04:33:23.000Z,washer,18
2CTX,2022-11-02T04:32:07.000Z,washer,8
2CTX,2022-11-02T00:24:54.000Z,washer,8
2CTX,2022-11-01T23:35:45.000Z,washer,8
2CTX,2022-11-01T23:34:06.000Z,washer,18
2CTX,2022-11-01T19:51:17.000Z,washer,8
2CTX,2022-11-01T19:19:51.000Z,washer,18
2CTX,2022-11-01T19:01:09.000Z,washer,8
2CTX,2022-11-01T12:34:35.000Z,washer,8
2CTX,2022-10-31T22:24:45.000Z,washer,18
2CTX,2022-10-31T22:20:51.000Z,washer,8
2CTX,2022-10-31T19:11:54.000Z,washer,18
2CTX,2022-10-31T18:07:02.000Z,washer,18
2CTX,2022-10-31T17:47:39.000Z,washer,8
2CTX,2022-10-31T15:18:40.000Z,washer,8
2CTX,2022-10-30T23:29:09.000Z,washer,18
2CTX,2022-10-30T20:14:59.000Z,washer,18
2CTX,2022-10-30T16:52:05.000Z,washer,18
2CTX,2022-10-30T16:16:50.000Z,washer,8
2CTX,2022-10-30T16:01:50.000Z,washer,18
2CTX,2022-10-30T14:43:44.000Z,washer,8
2CTX,2022-10-30T14:42:41.000Z,washer,18
2CTX,2022-10-30T13:50:29.000Z,washer,18
2CTX,2022-10-30T12:24:51.000Z,washer,18
2CTX,2022-10-30T11:36:30.000Z,washer,18
2CTX,2022-10-30T10:06:08.000Z,washer,18
2CTX,2022-10-30T08:39:29.000Z,washer,8
2CTX,2022-10-30T07:58:00.000Z,washer,18
2CTX,2022-10-29T22:33:54.000Z,washer,18
2CTX,2022-10-29T21:37:24.000Z,washer,8
2CTX,2022-10-29T21:35:40.000Z,washer,18
2CTX,2022-10-29T20:37:32.000Z,washer,18
2CTX,2022-10-29T19:57:11.000Z,washer,8
2CTX,2022-10-29T19:54:14.000Z,washer,18
2CTX,2022-10-29T18:52:19.000Z,washer,18
2CTX,2022-10-29T18:07:23.000Z,washer,18
2CTX,2022-10-29T17:21:14.000Z,washer,18
2CTX,2022-10-29T16:38:05.000Z,washer,18
2CTX,2022-10-29T15:54:15.000Z,washer,8
2CTX,2022-10-29T15:47:30.000Z,washer,18
2CTX,2022-10-29T13:05:48.000Z,washer,8
2CTX,2022-10-29T12:27:43.000Z,washer,8
2CTX,2022-10-29T12:13:31.000Z,washer,18
2CTX,2022-10-29T11:45:59.000Z,washer,8
2CTX,2022-10-29T11:26:18.000Z,washer,18
2CTX,2022-10-29T10:31:55.000Z,washer,8
2CTX,2022-10-29T10:30:23.000Z,washer,18
2CTX,2022-10-29T09:36:14.000Z,washer,8
2CTX,2022-10-29T09:34:36.000Z,washer,18
2CTX,2022-10-28T21:31:37.000Z,washer,18
2CTX,2022-10-28T20:44:23.000Z,washer,18
2CTX,2022-10-28T19:03:45.000Z,washer,18
2CTX,2022-10-28T18:31:24.000Z,washer,8
2CTX,2022-10-28T18:19:15.000Z,washer,18
2CTX,2022-10-28T16:27:05.000Z,washer,8
2CTX,2022-10-28T16:11:05.000Z,washer,18
2CTX,2022-10-28T14:55:21.000Z,washer,18
2CTX,2022-10-28T14:12:57.000Z,washer,18
2CTX,2022-10-28T13:50:53.000Z,washer,8
2CTX,2022-10-28T12:25:38.000Z,washer,18
2CTX,2022-10-28T00:49:50.000Z,washer,8
2CTX,2022-10-27T20:28:13.000Z,washer,8
2CTX,2022-10-27T20:26:47.000Z,washer,8
2CTX,2022-10-27T20:04:46.000Z,washer,18
2CTX,2022-10-27T18:21:27.000Z,washer,18
2CTX,2022-10-27T14:24:25.000Z,washer,18
2CTX,2022-10-27T13:41:05.000Z,washer,18
2CTX,2022-10-26T18:51:00.000Z,washer,8
2CTX,2022-10-26T18:21:44.000Z,washer,18
2CTX,2022-10-26T17:30:47.000Z,washer,8
2CTX,2022-10-26T16:12:44.000Z,washer,8
2CTX,2022-10-25T23:23:43.000Z,washer,8
2CTX,2022-10-25T17:42:21.000Z,washer,8
2CTX,2022-10-25T16:35:59.000Z,washer,18
2CTX,2022-10-25T15:06:49.000Z,washer,18
2CTX,2022-10-25T15:00:41.000Z,washer,8
2CTX,2022-10-25T13:40:37.000Z,washer,8
2CTX,2022-10-25T13:35:17.000Z,washer,18
2CTX,2022-10-24T18:49:42.000Z,washer,18
2CTX,2022-10-24T17:26:56.000Z,washer,8
2CTX,2022-10-24T16:42:14.000Z,washer,8
2CTX,2022-10-24T15:16:32.000Z,washer,18
2CTX,2022-10-24T14:32:49.000Z,washer,18
2CTX,2022-10-24T11:24:47.000Z,washer,18
2CTX,2022-10-24T10:43:01.000Z,washer,8
2CTX,2022-10-24T10:39:55.000Z,washer,18
2CTX,2022-10-23T17:39:55.000Z,washer,18
2CTX,2022-10-23T16:52:47.000Z,washer,18
2CTX,2022-10-23T16:35:10.000Z,washer,8
2CTX,2022-10-23T16:07:09.000Z,washer,18
2CTX,2022-10-23T15:48:12.000Z,washer,8
2CTX,2022-10-23T14:59:54.000Z,washer,18
2CTX,2022-10-23T13:33:13.000Z,washer,18
2CTX,2022-10-23T13:26:11.000Z,washer,8
2CTX,2022-10-23T12:47:17.000Z,washer,18
2CTX,2022-10-23T12:45:58.000Z,washer,8
2CTX,2022-10-23T12:01:30.000Z,washer,18
2CTX,2022-10-22T20:30:36.000Z,washer,8
2CTX,2022-10-22T20:29:36.000Z,washer,18
2CTX,2022-10-22T18:57:40.000Z,washer,18
2CTX,2022-10-22T18:08:46.000Z,washer,18
2CTX,2022-10-22T16:52:55.000Z,washer,18
2CTX,2022-10-22T14:04:39.000Z,washer,18
2CTX,2022-10-22T13:06:33.000Z,washer,8
2CTX,2022-10-22T11:58:07.000Z,washer,8
2CTX,2022-10-22T11:25:08.000Z,washer,18
2CTX,2022-10-22T10:39:37.000Z,washer,8
2CTX,2022-10-21T20:16:47.000Z,washer,18
2CTX,2022-10-21T12:18:41.000Z,washer,18
2CTX,2022-10-21T11:18:30.000Z,washer,18
2CTX,2022-10-21T09:23:43.000Z,washer,18
2CTX,2022-10-20T16:35:01.000Z,washer,18
2CTX,2022-10-20T15:04:02.000Z,washer,18
2CTX,2022-10-20T12:58:32.000Z,washer,18
2CTX,2022-10-20T11:59:30.000Z,washer,18
2CTX,2022-10-20T10:12:18.000Z,washer,8
2CTX,2022-10-20T10:06:49.000Z,washer,18
2CTX,2022-10-19T18:52:38.000Z,washer,18
2CTX,2022-10-19T12:39:48.000Z,washer,18
2CTX,2022-10-19T11:17:05.000Z,washer,18
2CTX,2022-10-19T11:12:40.000Z,washer,8
2CTX,2022-10-19T09:41:03.000Z,washer,18
2CTX,2022-10-18T13:13:46.000Z,washer,8
2CTX,2022-10-18T13:12:42.000Z,washer,18
2CTX,2022-10-18T11:00:46.000Z,washer,18
2CTX,2022-10-18T09:55:29.000Z,washer,18
2CTX,2022-10-18T09:10:22.000Z,washer,18
2CTX,2022-10-18T08:42:07.000Z,washer,8
2CTX,2022-10-18T07:57:50.000Z,washer,18
2CTX,2022-10-17T18:15:55.000Z,washer,18
2CTX,2022-10-17T17:28:44.000Z,washer,18
2CTX,2022-10-17T16:22:27.000Z,washer,18
2CTX,2022-10-17T12:31:28.000Z,washer,8
2CTX,2022-10-16T21:16:22.000Z,washer,18
2CTX,2022-10-16T19:01:03.000Z,washer,18
2CTX,2022-10-16T18:19:45.000Z,washer,18
2CTX,2022-10-16T16:23:51.000Z,washer,8
2CTX,2022-10-16T16:18:23.000Z,washer,18
2CTX,2022-10-16T15:35:50.000Z,washer,8
2CTX,2022-10-16T14:57:35.000Z,washer,18
2CTX,2022-10-16T14:53:54.000Z,washer,8
2CTX,2022-10-16T14:12:00.000Z,washer,18
2CTX,2022-10-16T14:07:22.000Z,washer,8
2CTX,2022-10-16T13:25:27.000Z,washer,18
2CTX,2022-10-16T12:02:20.000Z,washer,18
2CTX,2022-10-16T00:10:53.000Z,washer,8
2CTX,2022-10-15T19:36:41.000Z,washer,8
2CTX,2022-10-15T18:55:07.000Z,washer,8
2CTX,2022-10-15T18:54:18.000Z,washer,18
2CTX,2022-10-15T16:54:19.000Z,washer,18
2CTX,2022-10-15T16:28:16.000Z,washer,8
2CTX,2022-10-15T16:11:14.000Z,washer,18
2CTX,2022-10-15T15:35:17.000Z,washer,8
2CTX,2022-10-15T15:18:59.000Z,washer,18
2CTX,2022-10-15T14:56:00.000Z,washer,8
2CTX,2022-10-15T13:21:03.000Z,washer,18
2CTX,2022-10-15T11:55:55.000Z,washer,18
2CTX,2022-10-15T11:04:19.000Z,washer,18
2CTX,2022-10-15T07:53:57.000Z,washer,8
2CTX,2022-10-14T16:52:23.000Z,washer,8
2CTX,2022-10-14T16:48:14.000Z,washer,18
2CTX,2022-10-14T15:35:08.000Z,washer,8
2CTX,2022-10-14T12:36:53.000Z,washer,18
2CTX,2022-10-14T11:53:59.000Z,washer,18
2CTX,2022-10-14T08:44:45.000Z,washer,18
2CTX,2022-10-13T17:58:58.000Z,washer,18
2CTX,2022-10-13T14:16:51.000Z,washer,18
2CTX,2022-10-13T12:47:14.000Z,washer,18
2CTX,2022-10-12T19:03:15.000Z,washer,8
2CTX,2022-10-12T14:20:24.000Z,washer,18
2CTX,2022-10-12T10:33:42.000Z,washer,18
2CTX,2022-10-11T22:24:50.000Z,washer,18
2CTX,2022-10-11T20:46:03.000Z,washer,18
2CTX,2022-10-11T17:59:59.000Z,washer,18
2CTX,2022-10-11T16:24:59.000Z,washer,18
2CTX,2022-10-11T13:33:20.000Z,washer,18
2CTX,2022-10-10T20:43:44.000Z,washer,18
2CTX,2022-10-10T19:50:10.000Z,washer,18
2CTX,2022-10-10T19:00:10.000Z,washer,18
2CTX,2022-10-10T16:40:26.000Z,washer,18
2CTX,2022-10-10T15:48:05.000Z,washer,18
2CTX,2022-10-10T13:47:19.000Z,washer,18
2CTX,2022-10-10T12:05:16.000Z,washer,18
2CTX,2022-10-10T10:17:31.000Z,washer,18
2CTX,2022-10-10T09:55:25.000Z,washer,8
2CTX,2022-10-09T18:17:42.000Z,washer,18
2CTX,2022-10-09T18:15:51.000Z,washer,8
2CTX,2022-10-09T17:25:13.000Z,washer,8
2CTX,2022-10-09T16:18:51.000Z,washer,8
2CTX,2022-10-09T16:17:38.000Z,washer,18
2CTX,2022-10-09T15:27:48.000Z,washer,18
2CTX,2022-10-09T14:42:06.000Z,washer,8
2CTX,2022-10-09T14:39:25.000Z,washer,18
2CTX,2022-10-09T13:54:15.000Z,washer,18
2CTX,2022-10-09T12:54:29.000Z,washer,18
2CTX,2022-10-09T12:04:12.000Z,washer,18
2CTX,2022-10-09T12:00:28.000Z,washer,8
2CTX,2022-10-09T10:53:47.000Z,washer,8
2CTX,2022-10-09T10:51:59.000Z,washer,18
2CTX,2022-10-09T09:15:17.000Z,washer,8
2CTX,2022-10-08T20:05:36.000Z,washer,8
2CTX,2022-10-08T18:14:48.000Z,washer,18
2CTX,2022-10-08T17:05:58.000Z,washer,8
2CTX,2022-10-08T13:02:29.000Z,washer,18
2CTX,2022-10-08T12:22:42.000Z,washer,8
2CTX,2022-10-08T12:14:42.000Z,washer,18
2CTX,2022-10-08T10:26:46.000Z,washer,8
2CTX,2022-10-08T09:44:57.000Z,washer,8
2CTX,2022-10-08T09:04:04.000Z,washer,18
2CTX,2022-10-07T19:44:23.000Z,washer,18
2CTX,2022-10-07T13:14:53.000Z,washer,18
2CTX,2022-10-07T09:35:08.000Z,washer,18
2CTX,2022-10-07T08:49:01.000Z,washer,18
2CTX,2022-10-06T18:40:49.000Z,washer,18
2CTX,2022-10-06T17:18:47.000Z,washer,18
2CTX,2022-10-06T16:13:02.000Z,washer,18
2CTX,2022-10-06T14:10:36.000Z,washer,18
2CTX,2022-10-06T10:11:16.000Z,washer,18
2CTX,2022-10-05T18:08:22.000Z,washer,18
2CTX,2022-10-05T17:49:58.000Z,washer,8
2CTX,2022-10-05T13:58:33.000Z,washer,8
2CTX,2022-10-05T13:20:16.000Z,washer,8
2CTX,2022-10-05T12:58:10.000Z,washer,18
2CTX,2022-10-05T12:54:25.000Z,washer,18
2CTX,2022-10-05T09:06:37.000Z,washer,18
2CTX,2022-10-04T20:17:08.000Z,washer,8
2CTX,2022-10-04T19:54:15.000Z,washer,18
2CTX,2022-10-04T18:02:05.000Z,washer,18
2CTX,2022-10-04T10:12:56.000Z,washer,18
2CTX,2022-10-03T19:16:32.000Z,washer,18
2CTX,2022-10-03T17:29:19.000Z,washer,18
2CTX,2022-10-03T16:59:52.000Z,washer,8
2CTX,2022-10-03T16:47:25.000Z,washer,18
2CTX,2022-10-03T14:12:18.000Z,washer,18
2CTX,2022-10-03T13:06:45.000Z,washer,18
2CTX,2022-10-03T10:30:18.000Z,washer,8
2CTX,2022-10-02T18:09:06.000Z,washer,18
2CTX,2022-10-02T16:20:34.000Z,washer,18
2CTX,2022-10-02T15:22:43.000Z,washer,18
2CTX,2022-10-02T12:12:55.000Z,washer,8
2CTX,2022-10-02T11:13:15.000Z,washer,8
2CTX,2022-10-02T10:42:57.000Z,washer,18
2CTX,2022-10-02T10:25:56.000Z,washer,8
2CTX,2022-10-01T16:34:08.000Z,washer,18
2CTX,2022-10-01T14:33:59.000Z,washer,8
2CTX,2022-10-01T13:24:03.000Z,washer,8
2CTX,2022-10-01T11:39:07.000Z,washer,18
2CTX,2022-10-01T00:48:53.000Z,washer,8
2CTX,2022-09-30T21:43:20.000Z,washer,8
2CTX,2022-09-30T21:12:42.000Z,washer,18
2CTX,2022-09-30T20:04:42.000Z,washer,18
2CTX,2022-09-29T14:13:50.000Z,washer,18
2CTX,2022-09-29T13:44:41.000Z,washer,8
2CTX,2022-09-29T13:26:42.000Z,washer,18
2CTX,2022-09-29T10:22:30.000Z,washer,8
2CTX,2022-09-28T20:15:32.000Z,washer,8
2CTX,2022-09-28T20:10:01.000Z,washer,18
2CTX,2022-09-28T18:11:30.000Z,washer,8
2CTX,2022-09-28T16:28:53.000Z,washer,18
2CTX,2022-09-28T16:27:01.000Z,washer,8
2CTX,2022-09-28T11:28:08.000Z,washer,18
2CTX,2022-09-28T09:17:52.000Z,washer,8
2CTX,2022-09-27T15:30:09.000Z,washer,8
2CTX,2022-09-27T14:40:47.000Z,washer,8
2CTX,2022-09-27T14:32:02.000Z,washer,18
2CTX,2022-09-27T13:33:31.000Z,washer,8
2CTX,2022-09-27T13:32:29.000Z,washer,18
2CTX,2022-09-26T12:48:24.000Z,washer,8
2CTX,2022-09-26T12:13:29.000Z,washer,18
2CTX,2022-09-26T11:09:11.000Z,washer,18
2CTX,2022-09-25T20:39:12.000Z,washer,18
2CTX,2022-09-25T19:52:26.000Z,washer,18
2CTX,2022-09-25T18:58:40.000Z,washer,18
2CTX,2022-09-25T17:46:30.000Z,washer,8
2CTX,2022-09-25T17:45:28.000Z,washer,18
2CTX,2022-09-25T17:00:06.000Z,washer,18
2CTX,2022-09-25T16:58:54.000Z,washer,8
2CTX,2022-09-25T16:05:15.000Z,washer,18
2CTX,2022-09-25T15:16:06.000Z,washer,18
2CTX,2022-09-25T14:23:06.000Z,washer,18
2CTX,2022-09-25T13:34:21.000Z,washer,18
2CTX,2022-09-25T13:32:42.000Z,washer,8
2CTX,2022-09-25T12:43:50.000Z,washer,18
2CTX,2022-09-25T11:44:47.000Z,washer,18
2CTX,2022-09-25T08:13:46.000Z,washer,18
2CTX,2022-09-24T17:36:36.000Z,washer,18
2CTX,2022-09-24T15:09:40.000Z,washer,8
2CTX,2022-09-24T14:04:34.000Z,washer,8
2CTX,2022-09-24T14:03:16.000Z,washer,18
2CTX,2022-09-24T13:15:53.000Z,washer,18
2CTX,2022-09-24T12:28:42.000Z,washer,18
2CTX,2022-09-24T11:43:50.000Z,washer,8
2CTX,2022-09-24T11:42:33.000Z,washer,18
2CTX,2022-09-23T21:20:49.000Z,washer,8
2CTX,2022-09-23T18:19:48.000Z,washer,18
2CTX,2022-09-23T17:06:15.000Z,washer,18
2CTX,2022-09-22T20:18:30.000Z,washer,8
2CTX,2022-09-22T20:15:28.000Z,washer,18
2CTX,2022-09-22T18:36:36.000Z,washer,8
2CTX,2022-09-22T18:10:00.000Z,washer,18
2CTX,2022-09-22T17:23:41.000Z,washer,18
2CTX,2022-09-22T15:53:19.000Z,washer,8
2CTX,2022-09-22T14:34:28.000Z,washer,8
2CTX,2022-09-22T11:09:10.000Z,washer,18
2CTX,2022-09-22T11:04:13.000Z,washer,8
2CTX,2022-09-22T09:38:31.000Z,washer,18
2CTX,2022-09-21T16:30:38.000Z,washer,18
2CTX,2022-09-21T16:26:15.000Z,washer,8
2CTX,2022-09-21T15:26:53.000Z,washer,18
2CTX,2022-09-21T14:18:17.000Z,washer,8
2CTX,2022-09-21T14:15:23.000Z,washer,18
2CTX,2022-09-21T10:42:57.000Z,washer,8
2CTX,2022-09-20T18:48:23.000Z,washer,8
2CTX,2022-09-20T18:30:38.000Z,washer,18
2CTX,2022-09-20T17:40:34.000Z,washer,18
2CTX,2022-09-20T16:06:20.000Z,washer,18
2CTX,2022-09-20T15:53:38.000Z,washer,8
2CTX,2022-09-20T15:13:52.000Z,washer,8
2CTX,2022-09-20T15:10:53.000Z,washer,18
2CTX,2022-09-20T13:55:32.000Z,washer,18
2CTX,2022-09-20T11:02:52.000Z,washer,8
2CTX,2022-09-19T22:45:51.000Z,washer,18
2CTX,2022-09-19T19:10:10.000Z,washer,18
2CTX,2022-09-19T17:23:39.000Z,washer,18
2CTX,2022-09-19T16:38:27.000Z,washer,18
2CTX,2022-09-19T16:36:29.000Z,washer,8
2CTX,2022-09-19T14:25:15.000Z,washer,18
2CTX,2022-09-18T22:20:56.000Z,washer,18
2CTX,2022-09-18T21:27:23.000Z,washer,18
2CTX,2022-09-18T19:44:46.000Z,washer,8
2CTX,2022-09-18T17:01:10.000Z,washer,18
2CTX,2022-09-18T16:59:22.000Z,washer,8
2CTX,2022-09-18T15:51:57.000Z,washer,8
2CTX,2022-09-18T13:58:02.000Z,washer,8
2CTX,2022-09-18T13:16:32.000Z,washer,8
2CTX,2022-09-18T13:00:12.000Z,washer,18
2CTX,2022-09-18T12:35:19.000Z,washer,8
2CTX,2022-09-18T10:55:08.000Z,washer,18
2CTX,2022-09-18T09:00:41.000Z,washer,8
2CTX,2022-09-18T08:58:46.000Z,washer,18
2CTX,2022-09-17T23:51:14.000Z,washer,18
2CTX,2022-09-17T22:33:12.000Z,washer,18
2CTX,2022-09-17T21:37:41.000Z,washer,18
2CTX,2022-09-17T17:32:53.000Z,washer,8
2CTX,2022-09-17T16:30:43.000Z,washer,18
2CTX,2022-09-17T16:10:45.000Z,washer,8
2CTX,2022-09-17T15:41:27.000Z,washer,18
2CTX,2022-09-17T15:03:43.000Z,washer,8
2CTX,2022-09-17T14:12:32.000Z,washer,18
2CTX,2022-09-17T12:36:31.000Z,washer,18
2CTX,2022-09-17T12:34:50.000Z,washer,8
2CTX,2022-09-17T11:49:00.000Z,washer,18
2CTX,2022-09-17T11:05:18.000Z,washer,8
2CTX,2022-09-17T11:04:11.000Z,washer,18
2CTX,2022-09-17T09:50:00.000Z,washer,18
2CTX,2022-09-16T22:43:01.000Z,washer,18
2CTX,2022-09-16T21:06:54.000Z,washer,8
2CTX,2022-09-16T21:04:10.000Z,washer,18
2CTX,2022-09-16T17:49:28.000Z,washer,8
2CTX,2022-09-16T17:47:39.000Z,washer,18
2CTX,2022-09-16T17:03:28.000Z,washer,8
2CTX,2022-09-16T16:49:08.000Z,washer,18
2CTX,2022-09-16T16:03:57.000Z,washer,18
2CTX,2022-09-16T14:36:52.000Z,washer,18
2CTX,2022-09-16T14:35:30.000Z,washer,8
2CTX,2022-09-16T12:14:39.000Z,washer,18
2CTX,2022-09-16T11:43:49.000Z,washer,8
2CTX,2022-09-16T08:48:01.000Z,washer,18
2CTX,2022-09-15T21:10:04.000Z,washer,8
2CTX,2022-09-15T21:08:30.000Z,washer,18
2CTX,2022-09-15T19:42:21.000Z,washer,8
2CTX,2022-09-15T19:35:06.000Z,washer,18
2CTX,2022-09-15T19:03:40.000Z,washer,8
2CTX,2022-09-15T18:28:49.000Z,washer,18
2CTX,2022-09-15T17:23:57.000Z,washer,18
2CTX,2022-09-15T13:55:43.000Z,washer,18
2CTX,2022-09-15T10:57:05.000Z,washer,18
2CTX,2022-09-15T10:25:55.000Z,washer,8
2CTX,2022-09-15T10:09:53.000Z,washer,18
2CTX,2022-09-14T18:42:22.000Z,washer,8
2CTX,2022-09-14T18:39:34.000Z,washer,18
2CTX,2022-09-14T17:37:05.000Z,washer,8
2CTX,2022-09-14T17:21:45.000Z,washer,18
2CTX,2022-09-14T16:20:08.000Z,washer,18
2CTX,2022-09-14T14:28:20.000Z,washer,8
2CTX,2022-09-14T14:26:27.000Z,washer,18
2CTX,2022-09-14T11:16:29.000Z,washer,8
2CTX,2022-09-14T10:59:41.000Z,washer,18
2CTX,2022-09-13T20:08:00.000Z,washer,8
2CTX,2022-09-13T19:38:21.000Z,washer,18
2CTX,2022-09-13T13:53:23.000Z,washer,18
2CTX,2022-09-13T10:53:58.000Z,washer,8
2CTX,2022-09-12T18:58:41.000Z,washer,18
2CTX,2022-09-12T18:01:12.000Z,washer,18
2CTX,2022-09-12T16:18:32.000Z,washer,18
2CTX,2022-09-12T15:34:42.000Z,washer,18
2CTX,2022-09-12T14:48:28.000Z,washer,18
2CTX,2022-09-12T10:56:56.000Z,washer,8
2CTX,2022-09-11T19:45:11.000Z,washer,18
2CTX,2022-09-11T17:03:36.000Z,washer,18
2CTX,2022-09-11T14:50:32.000Z,washer,8
2CTX,2022-09-11T13:53:03.000Z,washer,8
2CTX,2022-09-11T13:49:36.000Z,washer,18
2CTX,2022-09-11T12:53:49.000Z,washer,18
2CTX,2022-09-11T12:38:14.000Z,washer,8
2CTX,2022-09-11T12:09:54.000Z,washer,18
2CTX,2022-09-11T11:23:02.000Z,washer,18
2CTX,2022-09-11T08:52:53.000Z,washer,8
2CTX,2022-09-11T07:51:48.000Z,washer,8
2CTX,2022-09-11T07:50:50.000Z,washer,18
2CTX,2022-09-10T21:59:38.000Z,washer,8
2CTX,2022-09-10T09:50:41.000Z,washer,18
2CTX,2022-09-10T09:04:51.000Z,washer,8
2CTX,2022-09-10T09:04:03.000Z,washer,18
2CTX,2022-09-10T07:53:40.000Z,washer,18
2CTX,2022-09-09T20:59:52.000Z,washer,18
2CTX,2022-09-09T19:23:49.000Z,washer,18
2CTX,2022-09-09T17:10:13.000Z,washer,8
2CTX,2022-09-09T14:29:29.000Z,washer,8
2CTX,2022-09-09T11:31:24.000Z,washer,18
2CTX,2022-09-09T09:47:47.000Z,washer,18
2CTX,2022-09-08T21:15:24.000Z,washer,8
2CTX,2022-09-08T14:40:21.000Z,washer,18
2CTX,2022-09-08T10:56:24.000Z,washer,8
2CTX,2022-09-07T21:31:24.000Z,washer,8
2CTX,2022-09-07T21:27:41.000Z,washer,18
2CTX,2022-09-07T18:46:50.000Z,washer,18
2CTX,2022-09-07T13:48:21.000Z,washer,18
2CTX,2022-09-06T20:55:13.000Z,washer,8
2CTX,2022-09-06T20:16:42.000Z,washer,8
2CTX,2022-09-06T20:04:30.000Z,washer,18
2CTX,2022-09-06T17:38:33.000Z,washer,18
2CTX,2022-09-06T16:54:37.000Z,washer,18
2CTX,2022-09-06T12:18:35.000Z,washer,18
2CTX,2022-09-06T11:35:43.000Z,washer,18
2CTX,2022-09-05T20:17:35.000Z,washer,18
2CTX,2022-09-05T17:53:38.000Z,washer,18
2CTX,2022-09-05T15:38:22.000Z,washer,18
2CTX,2022-09-05T14:37:49.000Z,washer,18
2CTX,2022-09-05T13:19:44.000Z,washer,18
2CTX,2022-09-05T11:27:23.000Z,washer,8
2CTX,2022-09-05T11:23:51.000Z,washer,18
2CTX,2022-09-05T10:19:02.000Z,washer,18
2CTX,2022-09-05T02:15:20.000Z,washer,18
2CTX,2022-09-04T16:35:09.000Z,washer,18
2CTX,2022-09-04T15:51:42.000Z,washer,18
2CTX,2022-09-04T13:38:40.000Z,washer,18
2CTX,2022-09-04T12:27:50.000Z,washer,18
2CTX,2022-09-04T10:49:35.000Z,washer,8
2CTX,2022-09-04T10:43:21.000Z,washer,18
2CTX,2022-09-04T10:10:00.000Z,washer,8
2CTX,2022-09-04T08:38:33.000Z,washer,18
2CTX,2022-09-04T08:37:31.000Z,washer,8
2CTX,2022-09-03T23:01:44.000Z,washer,8
2CTX,2022-09-03T19:06:55.000Z,washer,8
2CTX,2022-09-03T17:49:16.000Z,washer,18
2CTX,2022-09-03T15:27:53.000Z,washer,18
2CTX,2022-09-03T12:20:07.000Z,washer,18
2CTX,2022-09-03T11:19:01.000Z,washer,18
2CTX,2022-09-03T09:51:09.000Z,washer,8
2CTX,2022-09-03T09:13:39.000Z,washer,8
2CTX,2022-09-02T20:48:20.000Z,washer,18
2CTX,2022-09-02T18:29:43.000Z,washer,18
2CTX,2022-09-02T17:44:26.000Z,washer,18
2CTX,2022-09-02T13:48:56.000Z,washer,18
2CTX,2022-09-02T13:05:28.000Z,washer,18
2CTX,2022-09-02T12:18:30.000Z,washer,18
2CTX,2022-09-02T10:48:55.000Z,washer,18
2CTX,2022-09-02T10:46:31.000Z,washer,8
2CTX,2022-09-02T09:15:35.000Z,washer,18
2CTX,2022-09-01T15:59:44.000Z,washer,8
2CTX,2022-09-01T15:58:48.000Z,washer,18
2CTX,2022-09-01T13:57:53.000Z,washer,18
2CTX,2022-09-01T08:50:54.000Z,washer,8
2CTX,2022-08-31T17:54:54.000Z,washer,18
2CTX,2022-08-31T17:49:49.000Z,washer,8
2CTX,2022-08-31T15:22:00.000Z,washer,8
2CTX,2022-08-31T09:49:43.000Z,washer,18
2CTX,2022-08-30T12:30:22.000Z,washer,18
2CTX,2022-08-30T11:43:28.000Z,washer,18
2CTX,2022-08-30T11:42:24.000Z,washer,8
2CTX,2022-08-30T07:48:59.000Z,washer,18
2CTX,2022-08-30T07:47:28.000Z,washer,8
2CTX,2022-08-29T19:14:51.000Z,washer,18
2CTX,2022-08-29T16:58:08.000Z,washer,18
2CTX,2022-08-29T12:15:13.000Z,washer,8
2CTX,2022-08-29T10:49:45.000Z,washer,18
2CTX,2022-08-28T23:01:55.000Z,washer,8
2CTX,2022-08-28T20:34:37.000Z,washer,18
2CTX,2022-08-28T19:41:14.000Z,washer,18
2CTX,2022-08-28T19:37:03.000Z,washer,8
2CTX,2022-08-28T18:58:53.000Z,washer,18
2CTX,2022-08-28T17:48:52.000Z,washer,18
2CTX,2022-08-28T17:47:17.000Z,washer,8
2CTX,2022-08-28T16:32:12.000Z,washer,8
2CTX,2022-08-28T16:31:10.000Z,washer,18
2CTX,2022-08-28T15:01:35.000Z,washer,18
2CTX,2022-08-28T14:17:02.000Z,washer,18
2CTX,2022-08-28T14:16:01.000Z,washer,8
2CTX,2022-08-28T13:31:06.000Z,washer,18
2CTX,2022-08-28T12:45:15.000Z,washer,18
2CTX,2022-08-28T12:37:25.000Z,washer,8
2CTX,2022-08-28T11:58:35.000Z,washer,8
2CTX,2022-08-28T11:54:11.000Z,washer,18
2CTX,2022-08-28T08:58:49.000Z,washer,8
2CTX,2022-08-27T22:00:12.000Z,washer,18
2CTX,2022-08-27T19:52:31.000Z,washer,18
2CTX,2022-08-27T19:43:32.000Z,washer,8
2CTX,2022-08-27T18:33:03.000Z,washer,18
2CTX,2022-08-27T17:29:51.000Z,washer,18
2CTX,2022-08-27T16:42:36.000Z,washer,18
2CTX,2022-08-27T15:25:57.000Z,washer,8
2CTX,2022-08-27T15:24:32.000Z,washer,18
2CTX,2022-08-27T13:58:01.000Z,washer,18
2CTX,2022-08-27T13:14:54.000Z,washer,8
2CTX,2022-08-27T12:29:10.000Z,washer,8
2CTX,2022-08-27T12:27:46.000Z,washer,18
2CTX,2022-08-27T11:13:48.000Z,washer,18
2CTX,2022-08-26T19:56:49.000Z,washer,8
2CTX,2022-08-26T19:55:50.000Z,washer,18
2CTX,2022-08-26T17:43:50.000Z,washer,18
2CTX,2022-08-26T16:42:04.000Z,washer,8
2CTX,2022-08-26T16:16:28.000Z,washer,18
2CTX,2022-08-26T15:39:34.000Z,washer,8
2CTX,2022-08-26T15:31:38.000Z,washer,18
2CTX,2022-08-26T13:05:25.000Z,washer,18
2CTX,2022-08-26T12:18:26.000Z,washer,18
2CTX,2022-08-26T12:00:08.000Z,washer,8
2CTX,2022-08-26T11:06:02.000Z,washer,18
2CTX,2022-08-26T09:50:27.000Z,washer,18
2CTX,2022-08-25T23:38:32.000Z,washer,8
2CTX,2022-08-25T23:37:25.000Z,washer,18
2CTX,2022-08-25T20:02:32.000Z,washer,18
2CTX,2022-08-25T18:15:06.000Z,washer,18
2CTX,2022-08-25T16:57:44.000Z,washer,8
2CTX,2022-08-25T16:47:19.000Z,washer,18
2CTX,2022-08-25T15:47:20.000Z,washer,8
2CTX,2022-08-25T14:45:05.000Z,washer,18
2CTX,2022-08-25T13:51:56.000Z,washer,8
2CTX,2022-08-24T20:36:06.000Z,washer,8
2CTX,2022-08-24T18:56:28.000Z,washer,18
2CTX,2022-08-24T18:09:53.000Z,washer,18
2CTX,2022-08-24T16:31:40.000Z,washer,18
2CTX,2022-08-24T13:47:24.000Z,washer,18
2CTX,2022-08-24T12:21:37.000Z,washer,18
2CTX,2022-08-24T09:09:50.000Z,washer,8
2CTX,2022-08-24T08:14:36.000Z,washer,18
2CTX,2022-08-23T18:39:13.000Z,washer,8
2CTX,2022-08-23T13:53:05.000Z,washer,8
2CTX,2022-08-23T13:21:55.000Z,washer,18
2CTX,2022-08-23T13:05:26.000Z,washer,8
2CTX,2022-08-23T12:29:02.000Z,washer,18
2CTX,2022-08-23T11:56:38.000Z,washer,8
2CTX,2022-08-23T11:29:16.000Z,washer,18
2CTX,2022-08-23T10:53:00.000Z,washer,8
2CTX,2022-08-22T21:06:24.000Z,washer,18
2CTX,2022-08-22T18:47:53.000Z,washer,18
2CTX,2022-08-22T15:23:32.000Z,washer,8
2CTX,2022-08-22T15:22:10.000Z,washer,18
2CTX,2022-08-22T14:04:04.000Z,washer,8
2CTX,2022-08-22T13:42:28.000Z,washer,18
2CTX,2022-08-22T11:29:57.000Z,washer,18
2CTX,2022-08-21T21:14:06.000Z,washer,8
2CTX,2022-08-21T21:08:05.000Z,washer,18
2CTX,2022-08-21T17:51:14.000Z,washer,18
2CTX,2022-08-21T17:03:32.000Z,washer,18
2CTX,2022-08-21T15:41:21.000Z,washer,18
2CTX,2022-08-21T14:46:07.000Z,washer,18
2CTX,2022-08-21T13:30:44.000Z,washer,18
2CTX,2022-08-21T11:31:59.000Z,washer,8
2CTX,2022-08-21T11:30:28.000Z,washer,18
2CTX,2022-08-21T10:13:41.000Z,washer,18
2CTX,2022-08-20T22:31:28.000Z,washer,18
2CTX,2022-08-20T22:29:02.000Z,washer,8
2CTX,2022-08-20T21:44:03.000Z,washer,18
2CTX,2022-08-20T21:24:58.000Z,washer,8
2CTX,2022-08-20T20:57:07.000Z,washer,18
2CTX,2022-08-20T19:57:29.000Z,washer,18
2CTX,2022-08-20T19:55:12.000Z,washer,8
2CTX,2022-08-20T18:22:18.000Z,washer,18
2CTX,2022-08-20T18:15:29.000Z,washer,8
2CTX,2022-08-20T17:34:38.000Z,washer,18
2CTX,2022-08-20T17:19:53.000Z,washer,8
2CTX,2022-08-20T13:38:44.000Z,washer,8
2CTX,2022-08-20T12:48:05.000Z,washer,18
2CTX,2022-08-20T10:23:00.000Z,washer,18
2CTX,2022-08-20T09:17:36.000Z,washer,8
2CTX,2022-08-20T08:40:13.000Z,washer,18
2CTX,2022-08-20T07:52:46.000Z,washer,18
2CTX,2022-08-20T00:27:17.000Z,washer,8
2CTX,2022-08-19T19:41:29.000Z,washer,18
2CTX,2022-08-19T18:47:24.000Z,washer,18
2CTX,2022-08-19T18:02:01.000Z,washer,8
2CTX,2022-08-19T17:34:52.000Z,washer,18
2CTX,2022-08-19T16:34:14.000Z,washer,8
2CTX,2022-08-19T15:43:01.000Z,washer,8
2CTX,2022-08-19T15:40:18.000Z,washer,18
2CTX,2022-08-19T14:55:37.000Z,washer,8
2CTX,2022-08-19T14:49:14.000Z,washer,18
2CTX,2022-08-19T13:58:37.000Z,washer,18
2CTX,2022-08-19T13:04:35.000Z,washer,18
2CTX,2022-08-19T12:19:10.000Z,washer,18
2CTX,2022-08-19T12:06:34.000Z,washer,8
2CTX,2022-08-19T10:37:21.000Z,washer,8
2CTX,2022-08-19T09:51:18.000Z,washer,18
2CTX,2022-08-18T18:29:33.000Z,washer,18
2CTX,2022-08-18T17:51:32.000Z,washer,8
2CTX,2022-08-18T17:35:58.000Z,washer,18
2CTX,2022-08-18T16:50:20.000Z,washer,18
2CTX,2022-08-18T13:43:40.000Z,washer,8
2CTX,2022-08-18T11:30:22.000Z,washer,8
2CTX,2022-08-18T11:07:45.000Z,washer,18
2CTX,2022-08-18T10:22:33.000Z,washer,8
2CTX,2022-08-18T10:20:35.000Z,washer,18
2CTX,2022-08-18T08:19:03.000Z,washer,8
2CTX,2022-08-18T08:17:10.000Z,washer,18
2CTX,2022-08-17T22:13:22.000Z,washer,8
2CTX,2022-08-17T19:06:56.000Z,washer,18
2CTX,2022-08-17T18:23:52.000Z,washer,18
2CTX,2022-08-17T16:14:56.000Z,washer,18
2CTX,2022-08-16T21:44:05.000Z,washer,18
2CTX,2022-08-16T18:51:48.000Z,washer,8
2CTX,2022-08-16T17:07:23.000Z,washer,8
2CTX,2022-08-16T16:37:47.000Z,washer,18
2CTX,2022-08-16T14:54:32.000Z,washer,18
2CTX,2022-08-16T12:19:34.000Z,washer,8
2CTX,2022-08-16T12:06:09.000Z,washer,18
2CTX,2022-08-16T10:14:59.000Z,washer,18
2CTX,2022-08-15T23:47:58.000Z,washer,8
2CTX,2022-08-15T23:46:52.000Z,washer,18
2CTX,2022-08-15T21:02:54.000Z,washer,8
2CTX,2022-08-15T21:00:25.000Z,washer,18
2CTX,2022-08-15T18:36:02.000Z,washer,18
2CTX,2022-08-15T17:02:03.000Z,washer,18
2CTX,2022-08-15T16:16:53.000Z,washer,18
2CTX,2022-08-15T16:14:51.000Z,washer,8
2CTX,2022-08-15T15:34:42.000Z,washer,8
2CTX,2022-08-15T15:29:32.000Z,washer,18
2CTX,2022-08-15T13:45:23.000Z,washer,8
2CTX,2022-08-15T12:48:45.000Z,washer,8
2CTX,2022-08-15T12:45:04.000Z,washer,18
2CTX,2022-08-15T11:34:26.000Z,washer,18
2CTX,2022-08-15T07:18:14.000Z,washer,18
2CTX,2022-08-14T19:05:04.000Z,washer,18
2CTX,2022-08-14T17:08:48.000Z,washer,18
2CTX,2022-08-14T16:24:32.000Z,washer,18
2CTX,2022-08-14T15:58:41.000Z,washer,8
2CTX,2022-08-14T15:19:38.000Z,washer,18
2CTX,2022-08-14T14:21:01.000Z,washer,18
2CTX,2022-08-14T14:15:41.000Z,washer,8
2CTX,2022-08-14T13:23:03.000Z,washer,18
2CTX,2022-08-14T12:25:31.000Z,washer,8
2CTX,2022-08-14T10:57:44.000Z,washer,8
2CTX,2022-08-14T10:56:47.000Z,washer,18
2CTX,2022-08-13T22:30:02.000Z,washer,18
2CTX,2022-08-13T21:08:57.000Z,washer,18
2CTX,2022-08-13T20:38:55.000Z,washer,8
2CTX,2022-08-13T20:18:09.000Z,washer,18
2CTX,2022-08-13T18:08:50.000Z,washer,18
2CTX,2022-08-13T17:54:58.000Z,washer,8
2CTX,2022-08-13T17:27:10.000Z,washer,18
2CTX,2022-08-13T16:43:02.000Z,washer,18
2CTX,2022-08-13T14:26:31.000Z,washer,8
2CTX,2022-08-13T13:49:29.000Z,washer,18
2CTX,2022-08-13T13:32:03.000Z,washer,8
2CTX,2022-08-13T13:01:36.000Z,washer,18
2CTX,2022-08-13T12:14:12.000Z,washer,18
2CTX,2022-08-13T11:38:22.000Z,washer,8
2CTX,2022-08-13T11:30:10.000Z,washer,18
2CTX,2022-08-13T09:31:07.000Z,washer,18
2CTX,2022-08-12T22:07:38.000Z,washer,18
2CTX,2022-08-12T19:59:39.000Z,washer,18
2CTX,2022-08-12T19:24:53.000Z,washer,8
2CTX,2022-08-12T18:34:41.000Z,washer,18
2CTX,2022-08-12T17:49:04.000Z,washer,18
2CTX,2022-08-12T16:35:58.000Z,washer,18
2CTX,2022-08-12T16:34:41.000Z,washer,8
2CTX,2022-08-12T14:23:48.000Z,washer,8
2CTX,2022-08-12T11:19:23.000Z,washer,8
2CTX,2022-08-11T20:38:42.000Z,washer,8
2CTX,2022-08-11T16:06:15.000Z,washer,8
2CTX,2022-08-11T11:30:41.000Z,washer,8
2CTX,2022-08-11T10:39:36.000Z,washer,18
2CTX,2022-08-11T08:56:01.000Z,washer,8
2CTX,2022-08-10T19:39:27.000Z,washer,18
2CTX,2022-08-10T16:42:29.000Z,washer,18
2CTX,2022-08-10T16:11:07.000Z,washer,8
2CTX,2022-08-10T15:33:59.000Z,washer,18
2CTX,2022-08-10T14:24:26.000Z,washer,18
2CTX,2022-08-10T13:38:15.000Z,washer,18
2CTX,2022-08-10T11:26:25.000Z,washer,18
2CTX,2022-08-09T21:03:54.000Z,washer,18
2CTX,2022-08-09T18:14:25.000Z,washer,8
2CTX,2022-08-09T17:25:29.000Z,washer,8
2CTX,2022-08-09T16:46:44.000Z,washer,8
2CTX,2022-08-09T16:45:25.000Z,washer,18
2CTX,2022-08-09T14:40:22.000Z,washer,18
2CTX,2022-08-09T13:49:39.000Z,washer,18
2CTX,2022-08-08T21:08:30.000Z,washer,18
2CTX,2022-08-08T19:33:28.000Z,washer,18
2CTX,2022-08-08T19:01:01.000Z,washer,8
2CTX,2022-08-08T18:32:19.000Z,washer,18
2CTX,2022-08-06T20:32:11.000Z,washer,18
2CTX,2022-08-06T18:16:34.000Z,washer,8
2CTX,2022-08-06T14:33:50.000Z,washer,8
2CTX,2022-08-06T14:23:11.000Z,washer,18
2CTX,2022-08-06T13:46:45.000Z,washer,8
2CTX,2022-08-06T12:51:05.000Z,washer,18
2CTX,2022-08-06T12:07:36.000Z,washer,18
2CTX,2022-08-06T11:33:58.000Z,washer,8
2CTX,2022-08-06T11:21:29.000Z,washer,18
2CTX,2022-08-06T10:31:45.000Z,washer,8
2CTX,2022-08-06T10:30:33.000Z,washer,18
2CTX,2022-08-05T23:22:16.000Z,washer,8
2CTX,2022-08-05T22:19:37.000Z,washer,18
2CTX,2022-08-05T21:34:59.000Z,washer,8
2CTX,2022-08-05T21:32:26.000Z,washer,18
2CTX,2022-08-05T13:12:02.000Z,washer,18
2CTX,2022-08-05T11:12:31.000Z,washer,18
2CTX,2022-08-05T09:59:56.000Z,washer,8
2CTX,2022-08-04T22:31:34.000Z,washer,18
2CTX,2022-08-04T21:17:28.000Z,washer,8
2CTX,2022-08-04T20:42:31.000Z,washer,18
2CTX,2022-08-04T20:00:03.000Z,washer,18
2CTX,2022-08-04T19:58:17.000Z,washer,8
2CTX,2022-08-04T19:04:58.000Z,washer,18
2CTX,2022-08-04T17:41:44.000Z,washer,18
2CTX,2022-08-04T11:23:21.000Z,washer,18
2CTX,2022-08-04T10:25:09.000Z,washer,18
2CTX,2022-08-04T09:42:50.000Z,washer,18
2CTX,2022-08-03T23:15:49.000Z,washer,8
2CTX,2022-08-03T18:37:29.000Z,washer,8
2CTX,2022-08-03T17:12:14.000Z,washer,18
2CTX,2022-08-03T16:24:45.000Z,washer,8
2CTX,2022-08-03T16:21:45.000Z,washer,18
2CTX,2022-08-03T13:00:55.000Z,washer,18
2CTX,2022-08-03T10:22:41.000Z,washer,8
2CTX,2022-08-03T10:20:23.000Z,washer,18
2CTX,2022-08-02T20:07:03.000Z,washer,18
2CTX,2022-08-02T19:06:26.000Z,washer,18
2CTX,2022-08-02T17:38:49.000Z,washer,18
2CTX,2022-08-02T15:17:20.000Z,washer,18
2CTX,2022-08-02T14:26:02.000Z,washer,18
2CTX,2022-08-02T13:37:35.000Z,washer,18
2CTX,2022-08-02T12:56:53.000Z,washer,8
2CTX,2022-08-02T12:33:58.000Z,washer,18
2CTX,2022-08-02T11:35:12.000Z,washer,8
2CTX,2022-08-02T10:57:15.000Z,washer,18
2CTX,2022-08-02T10:54:56.000Z,washer,8
2CTX,2022-08-02T08:39:50.000Z,washer,18
2CTX,2022-08-01T22:07:39.000Z,washer,8
2CTX,2022-08-01T22:05:34.000Z,washer,18
2CTX,2022-08-01T18:35:59.000Z,washer,8
2CTX,2022-08-01T18:32:14.000Z,washer,18
2CTX,2022-08-01T17:06:07.000Z,washer,8
2CTX,2022-08-01T17:04:34.000Z,washer,18
2CTX,2022-08-01T16:07:23.000Z,washer,18
2CTX,2022-08-01T14:33:31.000Z,washer,8
2CTX,2022-08-01T11:48:49.000Z,washer,18
2CTX,2022-07-31T22:13:43.000Z,washer,8
2CTX,2022-07-31T19:41:10.000Z,washer,18
2CTX,2022-07-31T19:29:54.000Z,washer,8
2CTX,2022-07-31T18:50:14.000Z,washer,8
2CTX,2022-07-31T18:48:59.000Z,washer,18
2CTX,2022-07-31T17:36:24.000Z,washer,8
2CTX,2022-07-31T17:32:49.000Z,washer,18
2CTX,2022-07-31T14:37:24.000Z,washer,18
2CTX,2022-07-31T13:51:29.000Z,washer,18
2CTX,2022-07-31T13:49:04.000Z,washer,8
2CTX,2022-07-31T12:50:10.000Z,washer,18
2CTX,2022-07-31T11:04:28.000Z,washer,8
2CTX,2022-07-31T10:38:14.000Z,washer,18
2CTX,2022-07-30T23:46:14.000Z,washer,8
2CTX,2022-07-30T23:45:05.000Z,washer,18
2CTX,2022-07-30T21:49:44.000Z,washer,18
2CTX,2022-07-30T19:06:01.000Z,washer,18
2CTX,2022-07-30T18:09:18.000Z,washer,18
2CTX,2022-07-30T17:04:32.000Z,washer,18
2CTX,2022-07-30T16:47:26.000Z,washer,8
2CTX,2022-07-30T15:50:01.000Z,washer,8
2CTX,2022-07-30T15:27:59.000Z,washer,18
2CTX,2022-07-30T15:06:44.000Z,washer,8
2CTX,2022-07-30T14:33:53.000Z,washer,18
2CTX,2022-07-30T14:26:09.000Z,washer,8
2CTX,2022-07-30T12:37:57.000Z,washer,8
2CTX,2022-07-30T12:36:02.000Z,washer,18
2CTX,2022-07-30T11:51:17.000Z,washer,8
2CTX,2022-07-30T11:32:10.000Z,washer,18
2CTX,2022-07-30T10:55:26.000Z,washer,8
2CTX,2022-07-30T09:40:16.000Z,washer,8
2CTX,2022-07-30T09:38:45.000Z,washer,18
2CTX,2022-07-30T07:43:27.000Z,washer,8
2CTX,2022-07-29T21:40:55.000Z,washer,18
2CTX,2022-07-29T20:25:49.000Z,washer,18
2CTX,2022-07-29T19:39:24.000Z,washer,18
2CTX,2022-07-29T19:35:32.000Z,washer,8
2CTX,2022-07-29T18:51:08.000Z,washer,18
2CTX,2022-07-28T19:23:17.000Z,washer,8
2CTX,2022-07-28T15:36:19.000Z,washer,8
2CTX,2022-07-28T13:44:29.000Z,washer,18
2CTX,2022-07-28T13:20:24.000Z,washer,8
2CTX,2022-07-28T09:54:19.000Z,washer,18
2CTX,2022-07-28T08:47:06.000Z,washer,18
2CTX,2022-07-27T22:44:19.000Z,washer,8
2CTX,2022-07-27T17:53:31.000Z,washer,18
2CTX,2022-07-27T15:54:19.000Z,washer,18
2CTX,2022-07-27T12:06:48.000Z,washer,18
2CTX,2022-07-27T10:50:19.000Z,washer,18
2CTX,2022-07-26T17:43:38.000Z,washer,8
2CTX,2022-07-26T17:28:41.000Z,washer,18
2CTX,2022-07-26T16:06:50.000Z,washer,8
2CTX,2022-07-26T16:05:33.000Z,washer,18
2CTX,2022-07-26T13:35:53.000Z,washer,18
2CTX,2022-07-25T21:27:08.000Z,washer,8
2CTX,2022-07-25T18:56:11.000Z,washer,18
2CTX,2022-07-25T18:11:57.000Z,washer,18
2CTX,2022-07-25T14:38:03.000Z,washer,18
2CTX,2022-07-25T12:30:40.000Z,washer,18
2CTX,2022-07-25T09:55:30.000Z,washer,18
2CTX,2022-07-25T03:38:24.000Z,washer,18
2CTX,2022-07-24T21:30:06.000Z,washer,18
2CTX,2022-07-24T16:17:25.000Z,washer,18
2CTX,2022-07-24T13:17:18.000Z,washer,18
2CTX,2022-07-24T12:38:35.000Z,washer,8
2CTX,2022-07-24T12:31:04.000Z,washer,18
2CTX,2022-07-24T11:31:51.000Z,washer,18
2CTX,2022-07-23T23:46:45.000Z,washer,8
2CTX,2022-07-23T19:58:28.000Z,washer,8
2CTX,2022-07-23T19:57:18.000Z,washer,18
2CTX,2022-07-23T17:05:28.000Z,washer,18
2CTX,2022-07-23T15:39:26.000Z,washer,8
2CTX,2022-07-23T13:47:15.000Z,washer,8
2CTX,2022-07-23T12:47:24.000Z,washer,8
2CTX,2022-07-23T12:09:06.000Z,washer,18
2CTX,2022-07-23T12:07:58.000Z,washer,8
2CTX,2022-07-23T10:48:06.000Z,washer,8
2CTX,2022-07-23T10:46:10.000Z,washer,18
2CTX,2022-07-23T08:35:46.000Z,washer,8
2CTX,2022-07-23T08:27:39.000Z,washer,18
2CTX,2022-07-23T04:21:39.000Z,washer,18
2CTX,2022-07-22T23:13:01.000Z,washer,18
2CTX,2022-07-22T20:02:19.000Z,washer,8
2CTX,2022-07-22T17:07:59.000Z,washer,8
2CTX,2022-07-22T16:50:40.000Z,washer,18
2CTX,2022-07-22T14:25:22.000Z,washer,8
2CTX,2022-07-22T14:22:18.000Z,washer,18
2CTX,2022-07-22T13:25:01.000Z,washer,8
2CTX,2022-07-22T12:57:32.000Z,washer,18
2CTX,2022-07-22T11:43:18.000Z,washer,8
2CTX,2022-07-21T22:21:39.000Z,washer,18
2CTX,2022-07-21T16:58:57.000Z,washer,8
2CTX,2022-07-21T14:10:26.000Z,washer,18
2CTX,2022-07-21T13:20:13.000Z,washer,18
2CTX,2022-07-21T12:35:40.000Z,washer,18
2CTX,2022-07-21T11:19:29.000Z,washer,18
2CTX,2022-07-21T08:59:09.000Z,washer,18
2CTX,2022-07-20T23:19:06.000Z,washer,8
2CTX,2022-07-20T12:00:52.000Z,washer,8
2CTX,2022-07-20T10:00:49.000Z,washer,18
2CTX,2022-07-20T09:59:03.000Z,washer,8
2CTX,2022-07-20T09:57:02.000Z,washer,8
2CTX,2022-07-20T08:50:46.000Z,washer,18
2CTX,2022-07-19T21:27:26.000Z,washer,18
2CTX,2022-07-19T18:13:15.000Z,washer,18
2CTX,2022-07-19T14:42:08.000Z,washer,18
2CTX,2022-07-19T12:00:06.000Z,washer,8
2CTX,2022-07-19T11:14:54.000Z,washer,18
2CTX,2022-07-19T10:27:47.000Z,washer,18
2CTX,2022-07-19T09:14:52.000Z,washer,18
2CTX,2022-07-18T19:13:49.000Z,washer,18
2CTX,2022-07-18T13:16:06.000Z,washer,18
2CTX,2022-07-18T09:52:07.000Z,washer,18
2CTX,2022-07-17T21:02:18.000Z,washer,8
2CTX,2022-07-17T21:01:20.000Z,washer,18
2CTX,2022-07-17T18:30:07.000Z,washer,8
2CTX,2022-07-17T18:05:21.000Z,washer,18
2CTX,2022-07-17T13:49:08.000Z,washer,18
2CTX,2022-07-17T13:01:18.000Z,washer,8
2CTX,2022-07-17T12:57:41.000Z,washer,18
2CTX,2022-07-17T12:22:26.000Z,washer,8
2CTX,2022-07-17T12:05:43.000Z,washer,18
2CTX,2022-07-17T11:32:02.000Z,washer,8
2CTX,2022-07-17T09:30:48.000Z,washer,18
2CTX,2022-07-16T19:13:08.000Z,washer,8
2CTX,2022-07-16T19:10:23.000Z,washer,18
2CTX,2022-07-16T17:05:24.000Z,washer,8
2CTX,2022-07-16T17:03:20.000Z,washer,18
2CTX,2022-07-16T16:04:16.000Z,washer,18
2CTX,2022-07-16T15:58:34.000Z,washer,8
2CTX,2022-07-16T14:16:30.000Z,washer,8
2CTX,2022-07-16T14:15:09.000Z,washer,18
2CTX,2022-07-16T11:49:38.000Z,washer,18
2CTX,2022-07-16T11:04:21.000Z,washer,8
2CTX,2022-07-16T11:03:13.000Z,washer,18
2CTX,2022-07-16T10:05:31.000Z,washer,18
2CTX,2022-07-16T08:49:48.000Z,washer,8
2CTX,2022-07-15T16:44:35.000Z,washer,18
2CTX,2022-07-15T15:52:00.000Z,washer,8
2CTX,2022-07-15T09:29:04.000Z,washer,8
2CTX,2022-07-15T09:27:14.000Z,washer,18
2CTX,2022-07-14T19:40:19.000Z,washer,18
2CTX,2022-07-14T18:56:28.000Z,washer,18
2CTX,2022-07-14T16:57:10.000Z,washer,18
2CTX,2022-07-14T12:41:50.000Z,washer,18
2CTX,2022-07-14T11:57:31.000Z,washer,18
2CTX,2022-07-14T09:26:41.000Z,washer,18
2CTX,2022-07-13T20:33:52.000Z,washer,8
2CTX,2022-07-13T20:32:15.000Z,washer,18
2CTX,2022-07-13T16:36:22.000Z,washer,18
2CTX,2022-07-12T17:27:03.000Z,washer,8
2CTX,2022-07-12T11:23:13.000Z,washer,18
2CTX,2022-07-11T19:38:16.000Z,washer,8
2CTX,2022-07-11T18:53:35.000Z,washer,18
2CTX,2022-07-11T18:52:15.000Z,washer,8
2CTX,2022-07-11T14:47:46.000Z,washer,18
2CTX,2022-07-11T13:20:37.000Z,washer,8
2CTX,2022-07-10T21:20:47.000Z,washer,18
2CTX,2022-07-10T18:24:43.000Z,washer,18
2CTX,2022-07-10T17:39:49.000Z,washer,18
2CTX,2022-07-10T13:54:48.000Z,washer,18
2CTX,2022-07-10T12:43:38.000Z,washer,8
2CTX,2022-07-09T20:49:20.000Z,washer,18
2CTX,2022-07-09T19:54:29.000Z,washer,18
2CTX,2022-07-09T18:06:59.000Z,washer,18
2CTX,2022-07-09T16:28:52.000Z,washer,18
2CTX,2022-07-09T14:12:19.000Z,washer,8
2CTX,2022-07-09T14:10:14.000Z,washer,18
2CTX,2022-07-09T13:25:03.000Z,washer,18
2CTX,2022-07-09T12:33:24.000Z,washer,18
2CTX,2022-07-09T09:43:01.000Z,washer,18
2CTX,2022-07-09T08:35:12.000Z,washer,8
2CTX,2022-07-08T21:39:53.000Z,washer,8
2CTX,2022-07-08T16:10:44.000Z,washer,8
2CTX,2022-07-08T14:56:37.000Z,washer,8
2CTX,2022-07-08T14:15:54.000Z,washer,18
2CTX,2022-07-08T11:39:19.000Z,washer,18
2CTX,2022-07-08T09:34:21.000Z,washer,18
2CTX,2022-07-07T19:15:50.000Z,washer,18
2CTX,2022-07-07T18:29:59.000Z,washer,18
2CTX,2022-07-07T17:41:31.000Z,washer,8
2CTX,2022-07-07T09:56:48.000Z,washer,18
2CTX,2022-07-07T08:35:37.000Z,washer,18
2CTX,2022-07-07T07:53:24.000Z,washer,18
2CTX,2022-07-07T03:49:57.000Z,washer,8
2CTX,2022-07-06T23:49:29.000Z,washer,18
2CTX,2022-07-06T18:13:38.000Z,washer,18
2CTX,2022-07-06T17:18:43.000Z,washer,8
2CTX,2022-07-06T16:16:57.000Z,washer,8
2CTX,2022-07-06T15:38:51.000Z,washer,18
2CTX,2022-07-06T15:32:55.000Z,washer,8
2CTX,2022-07-06T14:26:12.000Z,washer,18
2CTX,2022-07-06T11:27:38.000Z,washer,8
2CTX,2022-07-05T21:34:25.000Z,washer,8
2CTX,2022-07-05T19:25:43.000Z,washer,18
2CTX,2022-07-05T18:49:05.000Z,washer,8
2CTX,2022-07-05T13:27:26.000Z,washer,8
2CTX,2022-07-05T13:26:08.000Z,washer,18
2CTX,2022-07-05T11:59:13.000Z,washer,18
2CTX,2022-07-04T20:11:29.000Z,washer,18
2CTX,2022-07-04T19:06:47.000Z,washer,8
2CTX,2022-07-04T18:52:39.000Z,washer,18
2CTX,2022-07-04T17:42:07.000Z,washer,8
2CTX,2022-07-04T17:22:35.000Z,washer,18
2CTX,2022-07-04T14:38:06.000Z,washer,8
2CTX,2022-07-04T14:26:02.000Z,washer,18
2CTX,2022-07-04T09:38:12.000Z,washer,18
2CTX,2022-07-04T08:52:16.000Z,washer,18
2CTX,2022-07-04T08:18:42.000Z,washer,8
2CTX,2022-07-03T20:55:38.000Z,washer,18
2CTX,2022-07-03T16:04:59.000Z,washer,18
2CTX,2022-07-03T14:24:48.000Z,washer,8
2CTX,2022-07-03T13:53:30.000Z,washer,18
2CTX,2022-07-03T00:34:01.000Z,washer,8
2CTX,2022-07-03T00:33:00.000Z,washer,18
2CTX,2022-07-02T20:50:08.000Z,washer,18
2CTX,2022-07-02T20:48:14.000Z,washer,8
2CTX,2022-07-02T20:00:48.000Z,washer,8
2CTX,2022-07-02T19:59:22.000Z,washer,18
2CTX,2022-06-30T22:45:07.000Z,washer,18
2CTX,2022-06-30T21:56:22.000Z,washer,8
2CTX,2022-06-30T16:15:08.000Z,washer,8
2CTX,2022-06-30T15:49:09.000Z,washer,18
2CTX,2022-06-30T14:06:35.000Z,washer,18
2CTX,2022-06-30T12:53:24.000Z,washer,8
2CTX,2022-06-30T12:44:29.000Z,washer,18
2CTX,2022-06-30T10:11:08.000Z,washer,18
2CTX,2022-06-28T22:40:08.000Z,washer,18
2CTX,2022-06-28T19:03:07.000Z,washer,8
2CTX,2022-06-28T19:00:38.000Z,washer,18
2CTX,2022-06-28T18:12:27.000Z,washer,8
2CTX,2022-06-28T15:49:20.000Z,washer,18
2CTX,2022-06-28T12:08:23.000Z,washer,18
2CTX,2022-06-28T12:05:49.000Z,washer,8
2CTX,2022-06-28T09:02:27.000Z,washer,18
2CTX,2022-06-27T21:24:55.000Z,washer,18
2CTX,2022-06-27T20:12:23.000Z,washer,8
2CTX,2022-06-27T11:39:02.000Z,washer,18
2CTX,2022-06-27T09:15:29.000Z,washer,18
2CTX,2022-06-26T23:21:26.000Z,washer,18
2CTX,2022-06-26T19:41:35.000Z,washer,18
2CTX,2022-06-26T17:45:15.000Z,washer,8
2CTX,2022-06-26T16:05:05.000Z,washer,18
2CTX,2022-06-26T16:03:43.000Z,washer,8
2CTX,2022-06-26T15:00:09.000Z,washer,8
2CTX,2022-06-26T14:57:23.000Z,washer,18
2CTX,2022-06-26T13:45:12.000Z,washer,8
2CTX,2022-06-26T13:39:02.000Z,washer,18
2CTX,2022-06-26T12:48:26.000Z,washer,8
2CTX,2022-06-26T12:46:35.000Z,washer,18
2CTX,2022-06-26T11:50:11.000Z,washer,18
2CTX,2022-06-26T10:43:55.000Z,washer,18
2CTX,2022-06-26T09:25:07.000Z,washer,18
2CTX,2022-06-26T07:16:22.000Z,washer,18
2CTX,2022-06-25T21:19:32.000Z,washer,18
2CTX,2022-06-25T20:38:26.000Z,washer,8
2CTX,2022-06-25T20:34:19.000Z,washer,18
2CTX,2022-06-25T19:58:14.000Z,washer,8
2CTX,2022-06-25T16:04:06.000Z,washer,18
2CTX,2022-06-25T15:18:43.000Z,washer,8
2CTX,2022-06-25T15:02:11.000Z,washer,18
2CTX,2022-06-25T11:44:16.000Z,washer,18
2CTX,2022-06-25T11:15:34.000Z,washer,8
2CTX,2022-06-25T10:18:15.000Z,washer,8
2CTX,2022-06-25T10:12:54.000Z,washer,18
2CTX,2022-06-25T08:08:32.000Z,washer,8
2CTX,2022-06-25T08:07:09.000Z,washer,18
2CTX,2022-06-24T20:07:18.000Z,washer,18
2CTX,2022-06-24T19:23:51.000Z,washer,18
2CTX,2022-06-24T18:03:16.000Z,washer,8
2CTX,2022-06-24T18:02:11.000Z,washer,18
2CTX,2022-06-24T14:26:55.000Z,washer,18
2CTX,2022-06-24T13:36:33.000Z,washer,18
2CTX,2022-06-24T12:50:54.000Z,washer,18
2CTX,2022-06-24T11:10:13.000Z,washer,18
2CTX,2022-06-24T08:53:35.000Z,washer,8
2CTX,2022-06-24T08:34:40.000Z,washer,18
2CTX,2022-06-23T23:47:31.000Z,washer,18
2CTX,2022-06-23T21:24:40.000Z,washer,8
2CTX,2022-06-23T18:18:35.000Z,washer,8
2CTX,2022-06-22T15:31:24.000Z,washer,8
2CTX,2022-06-22T13:49:58.000Z,washer,18
2CTX,2022-06-21T18:07:19.000Z,washer,8
2CTX,2022-06-20T21:03:29.000Z,washer,8
2CTX,2022-06-20T20:06:25.000Z,washer,18
2CTX,2022-06-20T15:11:24.000Z,washer,18
2CTX,2022-06-20T14:26:18.000Z,washer,18
2CTX,2022-06-20T10:26:47.000Z,washer,8
2CTX,2022-06-19T19:46:06.000Z,washer,18
2CTX,2022-06-19T14:17:16.000Z,washer,18
2CTX,2022-06-19T12:13:54.000Z,washer,18
2CTX,2022-06-19T11:29:09.000Z,washer,18
2CTX,2022-06-19T09:47:32.000Z,washer,18
2CTX,2022-06-19T07:56:41.000Z,washer,8
2CTX,2022-06-19T07:55:38.000Z,washer,18
2CTX,2022-06-18T20:01:17.000Z,washer,8
2CTX,2022-06-18T18:59:37.000Z,washer,18
2CTX,2022-06-18T17:31:41.000Z,washer,18
2CTX,2022-06-18T16:43:50.000Z,washer,8
2CTX,2022-06-18T16:32:16.000Z,washer,18
2CTX,2022-06-18T15:43:55.000Z,washer,18
2CTX,2022-06-18T14:24:25.000Z,washer,18
2CTX,2022-06-18T12:50:46.000Z,washer,8
2CTX,2022-06-18T12:37:03.000Z,washer,18
2CTX,2022-06-18T11:54:00.000Z,washer,8
2CTX,2022-06-18T11:13:11.000Z,washer,18
2CTX,2022-06-18T10:39:59.000Z,washer,8
2CTX,2022-06-18T10:25:36.000Z,washer,18
2CTX,2022-06-17T22:11:55.000Z,washer,8
2CTX,2022-06-17T17:19:57.000Z,washer,18
2CTX,2022-06-17T13:26:22.000Z,washer,8
2CTX,2022-06-16T19:24:17.000Z,washer,8
2CTX,2022-06-16T19:21:00.000Z,washer,18
2CTX,2022-06-16T17:51:26.000Z,washer,18
2CTX,2022-06-16T15:14:24.000Z,washer,8
2CTX,2022-06-16T15:13:08.000Z,washer,18
2CTX,2022-06-16T13:24:55.000Z,washer,18
2CTX,2022-06-15T21:27:20.000Z,washer,18
2CTX,2022-06-15T18:56:44.000Z,washer,18
2CTX,2022-06-15T13:18:07.000Z,washer,8
2CTX,2022-06-15T13:17:01.000Z,washer,18
2CTX,2022-06-14T20:23:21.000Z,washer,8
2CTX,2022-06-14T18:36:32.000Z,washer,8
2CTX,2022-06-14T16:42:13.000Z,washer,18
2CTX,2022-06-14T15:54:52.000Z,washer,18
2CTX,2022-06-14T15:24:42.000Z,washer,8
2CTX,2022-06-14T15:08:53.000Z,washer,18
2CTX,2022-06-13T18:26:49.000Z,washer,18
2CTX,2022-06-13T17:43:20.000Z,washer,18
2CTX,2022-06-13T12:22:57.000Z,washer,18
2CTX,2022-06-13T01:52:22.000Z,washer,18
2CTX,2022-06-12T20:49:20.000Z,washer,18
2CTX,2022-06-12T19:18:22.000Z,washer,8
2CTX,2022-06-12T19:02:56.000Z,washer,18
2CTX,2022-06-12T16:40:04.000Z,washer,18
2CTX,2022-06-12T16:17:12.000Z,washer,8
2CTX,2022-06-12T14:26:51.000Z,washer,8
2CTX,2022-06-12T14:25:33.000Z,washer,18
2CTX,2022-06-12T13:18:03.000Z,washer,18
2CTX,2022-06-12T10:58:49.000Z,washer,8
2CTX,2022-06-12T09:10:21.000Z,washer,8
2CTX,2022-06-12T07:26:24.000Z,washer,8
2CTX,2022-06-11T19:50:25.000Z,washer,18
2CTX,2022-06-11T18:13:26.000Z,washer,8
2CTX,2022-06-11T18:11:11.000Z,washer,18
2CTX,2022-06-11T16:25:55.000Z,washer,18
2CTX,2022-06-11T16:24:22.000Z,washer,8
2CTX,2022-06-11T14:36:45.000Z,washer,8
2CTX,2022-06-11T10:48:44.000Z,washer,18
2CTX,2022-06-11T10:33:59.000Z,washer,8
2CTX,2022-06-11T08:30:44.000Z,washer,18
2CTX,2022-06-11T07:46:22.000Z,washer,8
2CTX,2022-06-11T07:41:47.000Z,washer,18
2CTX,2022-06-10T23:36:23.000Z,washer,18
2CTX,2022-06-10T21:03:15.000Z,washer,18
2CTX,2022-06-10T19:51:41.000Z,washer,18
2CTX,2022-06-10T14:43:28.000Z,washer,18
2CTX,2022-06-10T13:05:17.000Z,washer,18
2CTX,2022-06-10T10:37:01.000Z,washer,18
2CTX,2022-06-10T09:36:59.000Z,washer,8
2CTX,2022-06-09T23:38:10.000Z,washer,8
2CTX,2022-06-09T23:37:09.000Z,washer,18
2CTX,2022-06-09T19:59:02.000Z,washer,8
2CTX,2022-06-09T18:46:11.000Z,washer,18
2CTX,2022-06-09T17:29:37.000Z,washer,18
2CTX,2022-06-09T14:27:57.000Z,washer,18
2CTX,2022-06-08T15:14:31.000Z,washer,18
2CTX,2022-06-08T10:32:56.000Z,washer,18
2CTX,2022-06-08T09:46:56.000Z,washer,18
2CTX,2022-06-07T20:24:36.000Z,washer,18
2CTX,2022-06-07T17:23:53.000Z,washer,8
2CTX,2022-06-07T14:56:48.000Z,washer,18
2CTX,2022-06-07T11:03:44.000Z,washer,18
2CTX,2022-06-07T10:03:37.000Z,washer,8
2CTX,2022-06-07T10:02:19.000Z,washer,18
2CTX,2022-06-06T20:46:23.000Z,washer,8
2CTX,2022-06-06T20:42:25.000Z,washer,18
2CTX,2022-06-06T20:06:35.000Z,washer,8
2CTX,2022-06-06T19:52:43.000Z,washer,18
2CTX,2022-06-06T19:29:00.000Z,washer,8
2CTX,2022-06-06T18:59:00.000Z,washer,18
2CTX,2022-06-06T18:07:11.000Z,washer,18
2CTX,2022-06-06T18:03:51.000Z,washer,8
2CTX,2022-06-06T12:33:59.000Z,washer,18
2CTX,2022-06-06T12:32:26.000Z,washer,8
2CTX,2022-06-06T10:10:30.000Z,washer,18
2CTX,2022-06-05T17:57:20.000Z,washer,8
2CTX,2022-06-05T17:56:21.000Z,washer,18
2CTX,2022-06-05T14:48:25.000Z,washer,18
2CTX,2022-06-05T14:46:35.000Z,washer,8
2CTX,2022-06-05T13:54:51.000Z,washer,18
2CTX,2022-06-05T13:53:16.000Z,washer,8
2CTX,2022-06-05T08:47:13.000Z,washer,8
2CTX,2022-06-05T08:19:18.000Z,washer,18
2CTX,2022-06-04T19:23:02.000Z,washer,8
2CTX,2022-06-04T18:41:08.000Z,washer,8
2CTX,2022-06-04T18:39:49.000Z,washer,18
2CTX,2022-06-04T17:58:39.000Z,washer,8
2CTX,2022-06-04T17:43:40.000Z,washer,18
2CTX,2022-06-04T12:25:08.000Z,washer,18
2CTX,2022-06-04T11:39:39.000Z,washer,18
2CTX,2022-06-04T11:25:38.000Z,washer,8
2CTX,2022-06-04T09:48:45.000Z,washer,8
2CTX,2022-06-03T19:32:50.000Z,washer,8
2CTX,2022-06-03T15:48:51.000Z,washer,18
2CTX,2022-06-03T14:50:31.000Z,washer,8
2CTX,2022-06-03T14:47:59.000Z,washer,18
2CTX,2022-06-03T13:28:18.000Z,washer,18
2CTX,2022-06-03T12:55:21.000Z,washer,8
2CTX,2022-06-03T12:42:47.000Z,washer,18
2CTX,2022-06-03T11:59:29.000Z,washer,18
2CTX,2022-06-03T11:56:33.000Z,washer,8
2CTX,2022-06-03T11:13:21.000Z,washer,8
2CTX,2022-06-03T11:12:18.000Z,washer,18
2CTX,2022-06-03T10:06:42.000Z,washer,18
2CTX,2022-06-02T23:29:34.000Z,washer,8
2CTX,2022-06-02T23:28:26.000Z,washer,18
2CTX,2022-06-02T20:12:57.000Z,washer,18
2CTX,2022-06-02T18:05:17.000Z,washer,18
2CTX,2022-06-02T10:57:11.000Z,washer,8
2CTX,2022-06-02T10:10:00.000Z,washer,8
2CTX,2022-06-02T10:08:54.000Z,washer,18
2CTX,2022-06-01T20:38:56.000Z,washer,18
2CTX,2022-06-01T14:05:49.000Z,washer,18
2CTX,2022-06-01T13:23:09.000Z,washer,8
2CTX,2022-06-01T13:21:32.000Z,washer,18
2CTX,2022-06-01T12:29:28.000Z,washer,18
2CTX,2022-06-01T10:53:31.000Z,washer,18
2CTX,2022-05-31T21:26:32.000Z,washer,18
2CTX,2022-05-31T19:05:10.000Z,washer,8
2CTX,2022-05-31T19:03:46.000Z,washer,18
2CTX,2022-05-31T18:11:14.000Z,washer,18
2CTX,2022-05-31T16:04:47.000Z,washer,18
2CTX,2022-05-31T16:03:24.000Z,washer,8
2CTX,2022-05-31T14:45:41.000Z,washer,18
2CTX,2022-05-31T14:43:42.000Z,washer,8
2CTX,2022-05-31T12:34:38.000Z,washer,18
2CTX,2022-05-31T07:16:05.000Z,washer,18
2CTX,2022-05-30T19:39:06.000Z,washer,18
2CTX,2022-05-30T16:49:38.000Z,washer,18
2CTX,2022-05-30T16:04:06.000Z,washer,18
2CTX,2022-05-30T15:10:46.000Z,washer,18
2CTX,2022-05-30T14:24:42.000Z,washer,8
2CTX,2022-05-30T14:14:41.000Z,washer,18
2CTX,2022-05-30T05:18:12.000Z,washer,8
2CTX,2022-05-29T19:29:00.000Z,washer,18
2CTX,2022-05-29T18:19:40.000Z,washer,18
2CTX,2022-05-29T16:22:06.000Z,washer,18
2CTX,2022-05-29T15:22:44.000Z,washer,8
2CTX,2022-05-28T19:46:04.000Z,washer,18
2CTX,2022-05-28T17:38:38.000Z,washer,18
2CTX,2022-05-28T14:00:44.000Z,washer,18
2CTX,2022-05-28T12:18:09.000Z,washer,18
2CTX,2022-05-28T12:16:36.000Z,washer,8
2CTX,2022-05-28T10:37:51.000Z,washer,18
2CTX,2022-05-27T14:18:08.000Z,washer,18
2CTX,2022-05-26T17:08:04.000Z,washer,18
2CTX,2022-05-26T16:17:17.000Z,washer,18
2CTX,2022-05-26T16:12:49.000Z,washer,8
2CTX,2022-05-26T13:25:37.000Z,washer,8
2CTX,2022-05-26T13:24:38.000Z,washer,18
2CTX,2022-05-26T11:18:00.000Z,washer,8
2CTX,2022-05-26T09:47:25.000Z,washer,8
2CTX,2022-05-25T22:24:15.000Z,washer,8
2CTX,2022-05-25T11:10:13.000Z,washer,8
2CTX,2022-05-25T10:27:44.000Z,washer,8
2CTX,2022-05-25T08:27:50.000Z,washer,18
2CTX,2022-05-24T18:54:48.000Z,washer,18
2CTX,2022-05-24T17:58:27.000Z,washer,8
2CTX,2022-05-24T17:57:08.000Z,washer,18
2CTX,2022-05-24T16:43:42.000Z,washer,18
2CTX,2022-05-24T10:15:45.000Z,washer,18
2CTX,2022-05-24T10:11:41.000Z,washer,8
2CTX,2022-05-23T19:21:27.000Z,washer,18
2CTX,2022-05-23T17:38:52.000Z,washer,18
2CTX,2022-05-23T14:22:35.000Z,washer,18
2CTX,2022-05-23T11:18:12.000Z,washer,18
2CTX,2022-05-23T09:45:18.000Z,washer,8
2CTX,2022-05-22T20:24:04.000Z,washer,8
2CTX,2022-05-22T20:22:46.000Z,washer,18
2CTX,2022-05-22T18:01:52.000Z,washer,18
2CTX,2022-05-22T16:47:29.000Z,washer,18
2CTX,2022-05-22T15:42:49.000Z,washer,8
2CTX,2022-05-22T13:45:34.000Z,washer,18
2CTX,2022-05-22T13:00:51.000Z,washer,18
2CTX,2022-05-22T12:47:56.000Z,washer,8
2CTX,2022-05-22T12:15:41.000Z,washer,18
2CTX,2022-05-21T21:32:03.000Z,washer,8
2CTX,2022-05-21T21:31:07.000Z,washer,18
2CTX,2022-05-21T19:53:53.000Z,washer,8
2CTX,2022-05-21T19:41:43.000Z,washer,18
2CTX,2022-05-21T18:41:58.000Z,washer,18
2CTX,2022-05-21T15:02:05.000Z,washer,18
2CTX,2022-05-21T14:17:01.000Z,washer,18
2CTX,2022-05-21T12:51:58.000Z,washer,18
2CTX,2022-05-21T12:42:29.000Z,washer,8
2CTX,2022-05-21T11:53:56.000Z,washer,8
2CTX,2022-05-21T11:46:42.000Z,washer,18
2CTX,2022-05-21T11:15:04.000Z,washer,8
2CTX,2022-05-21T08:03:10.000Z,washer,8
2CTX,2022-05-20T18:57:23.000Z,washer,8
2CTX,2022-05-20T11:59:21.000Z,washer,18
2CTX,2022-05-20T11:17:03.000Z,washer,8
2CTX,2022-05-20T11:15:57.000Z,washer,18
2CTX,2022-05-20T10:18:31.000Z,washer,18
2CTX,2022-05-19T23:43:21.000Z,washer,8
2CTX,2022-05-19T23:42:23.000Z,washer,18
2CTX,2022-05-19T19:54:54.000Z,washer,18
2CTX,2022-05-19T16:39:46.000Z,washer,8
2CTX,2022-05-19T16:38:06.000Z,washer,18
2CTX,2022-05-19T13:10:25.000Z,washer,8
2CTX,2022-05-19T12:46:59.000Z,washer,18
2CTX,2022-05-19T11:42:01.000Z,washer,18
2CTX,2022-05-19T10:35:45.000Z,washer,18
2CTX,2022-05-19T09:47:28.000Z,washer,18
2CTX,2022-05-18T10:45:41.000Z,washer,18
2CTX,2022-05-17T20:54:18.000Z,washer,18
2CTX,2022-05-17T20:12:17.000Z,washer,8
2CTX,2022-05-17T20:06:47.000Z,washer,18
2CTX,2022-05-17T16:44:42.000Z,washer,18
2CTX,2022-05-17T12:44:02.000Z,washer,8
2CTX,2022-05-17T07:14:09.000Z,washer,18
2CTX,2022-05-16T21:20:05.000Z,washer,18
2CTX,2022-05-16T18:10:38.000Z,washer,18
2CTX,2022-05-16T18:04:24.000Z,washer,8
2CTX,2022-05-16T16:12:07.000Z,washer,18
2CTX,2022-05-16T13:36:04.000Z,washer,18
2CTX,2022-05-16T12:21:38.000Z,washer,18
2CTX,2022-05-16T11:31:42.000Z,washer,18
2CTX,2022-05-15T23:51:54.000Z,washer,18
2CTX,2022-05-15T17:18:49.000Z,washer,8
2CTX,2022-05-15T15:16:13.000Z,washer,8
2CTX,2022-05-15T14:39:25.000Z,washer,18
2CTX,2022-05-15T14:37:09.000Z,washer,8
2CTX,2022-05-15T13:51:47.000Z,washer,8
2CTX,2022-05-15T13:50:38.000Z,washer,18
2CTX,2022-05-14T19:56:44.000Z,washer,8
2CTX,2022-05-14T19:37:58.000Z,washer,18
2CTX,2022-05-14T18:22:37.000Z,washer,18
2CTX,2022-05-14T18:09:03.000Z,washer,8
2CTX,2022-05-14T16:09:26.000Z,washer,8
2CTX,2022-05-14T15:21:28.000Z,washer,18
2CTX,2022-05-14T12:41:15.000Z,washer,18
2CTX,2022-05-14T12:39:35.000Z,washer,8
2CTX,2022-05-14T10:59:26.000Z,washer,18
2CTX,2022-05-14T08:47:04.000Z,washer,8
2CTX,2022-05-14T08:19:54.000Z,washer,18
2CTX,2022-05-14T08:04:51.000Z,washer,8
2CTX,2022-05-13T21:19:02.000Z,washer,18
2CTX,2022-05-13T18:30:07.000Z,washer,18
2CTX,2022-05-13T16:15:41.000Z,washer,18
2CTX,2022-05-12T15:14:47.000Z,washer,8
2CTX,2022-05-12T13:48:52.000Z,washer,18
2CTX,2022-05-12T10:38:35.000Z,washer,18
2CTX,2022-05-11T19:42:51.000Z,washer,18
2CTX,2022-05-11T11:30:43.000Z,washer,8
2CTX,2022-05-10T18:18:06.000Z,washer,18
2CTX,2022-05-10T17:57:47.000Z,washer,8
2CTX,2022-05-10T17:29:46.000Z,washer,18
2CTX,2022-05-10T12:38:54.000Z,washer,18
2CTX,2022-05-09T19:48:29.000Z,washer,8
2CTX,2022-05-09T19:45:11.000Z,washer,18
2CTX,2022-05-09T18:31:06.000Z,washer,18
2CTX,2022-05-09T17:42:06.000Z,washer,18
2CTX,2022-05-09T14:43:48.000Z,washer,18
2CTX,2022-05-09T12:28:22.000Z,washer,8
2CTX,2022-05-09T09:22:00.000Z,washer,18
2CTX,2022-05-08T16:45:45.000Z,washer,8
2CTX,2022-05-08T16:43:14.000Z,washer,18
2CTX,2022-05-08T12:21:36.000Z,washer,8
2CTX,2022-05-08T11:09:14.000Z,washer,8
2CTX,2022-05-08T10:20:13.000Z,washer,18
2CTX,2022-05-08T09:33:38.000Z,washer,8
2CTX,2022-05-07T20:05:30.000Z,washer,8
2CTX,2022-05-07T20:03:18.000Z,washer,18
2CTX,2022-05-07T18:19:07.000Z,washer,8
2CTX,2022-05-07T18:17:28.000Z,washer,18
2CTX,2022-05-07T17:19:36.000Z,washer,8
2CTX,2022-05-07T17:11:28.000Z,washer,18
2CTX,2022-05-07T16:24:52.000Z,washer,8
2CTX,2022-05-07T16:20:31.000Z,washer,18
2CTX,2022-05-07T14:06:18.000Z,washer,8
2CTX,2022-05-07T13:11:57.000Z,washer,8
2CTX,2022-05-07T12:41:29.000Z,washer,18
2CTX,2022-05-07T11:55:38.000Z,washer,8
2CTX,2022-05-07T11:54:06.000Z,washer,18
2CTX,2022-05-07T11:01:13.000Z,washer,18
2CTX,2022-05-07T10:12:17.000Z,washer,8
2CTX,2022-05-07T09:29:31.000Z,washer,8
2CTX,2022-05-07T09:25:58.000Z,washer,18
2CTX,2022-05-07T07:46:43.000Z,washer,8
2CTX,2022-05-06T23:26:53.000Z,washer,18
2CTX,2022-05-06T20:00:38.000Z,washer,18
2CTX,2022-05-06T17:53:16.000Z,washer,18
2CTX,2022-05-06T17:51:30.000Z,washer,8
2CTX,2022-05-06T12:11:43.000Z,washer,8
2CTX,2022-05-06T07:43:25.000Z,washer,18
2CTX,2022-05-05T19:44:41.000Z,washer,8
2CTX,2022-05-05T12:34:39.000Z,washer,8
2CTX,2022-05-05T11:27:22.000Z,washer,18
2CTX,2022-05-04T19:06:16.000Z,washer,8
2CTX,2022-05-04T15:56:23.000Z,washer,8
2CTX,2022-05-04T15:53:20.000Z,washer,18
2CTX,2022-05-04T11:41:31.000Z,washer,18
2CTX,2022-05-03T21:28:42.000Z,washer,8
2CTX,2022-05-03T21:27:32.000Z,washer,18
2CTX,2022-05-03T20:38:52.000Z,washer,8
2CTX,2022-05-03T18:13:07.000Z,washer,18
2CTX,2022-05-03T17:02:00.000Z,washer,18
2CTX,2022-05-03T14:22:04.000Z,washer,18
2CTX,2022-05-03T12:59:43.000Z,washer,8
2CTX,2022-05-03T12:58:46.000Z,washer,18
2CTX,2022-05-03T10:42:32.000Z,washer,18
2CTX,2022-05-02T19:36:54.000Z,washer,8
2CTX,2022-05-02T19:25:59.000Z,washer,18
2CTX,2022-05-02T14:14:24.000Z,washer,18
2CTX,2022-05-01T21:11:50.000Z,washer,18
2CTX,2022-05-01T19:50:48.000Z,washer,8
2CTX,2022-05-01T14:02:26.000Z,washer,8
2CTX,2022-05-01T14:00:54.000Z,washer,18
2CTX,2022-05-01T09:40:01.000Z,washer,8
2CTX,2022-05-01T09:39:02.000Z,washer,18
2CTX,2022-05-01T08:04:19.000Z,washer,18
2CTX,2022-04-30T22:52:51.000Z,washer,18
2CTX,2022-04-30T20:30:03.000Z,washer,18
2CTX,2022-04-30T17:16:53.000Z,washer,8
2CTX,2022-04-30T16:43:25.000Z,washer,18
2CTX,2022-04-30T16:37:39.000Z,washer,8
2CTX,2022-04-30T14:40:37.000Z,washer,8
2CTX,2022-04-30T14:32:01.000Z,washer,18
2CTX,2022-04-30T14:03:24.000Z,washer,8
2CTX,2022-04-30T13:23:07.000Z,washer,8
2CTX,2022-04-30T13:21:37.000Z,washer,18
2CTX,2022-04-29T19:56:08.000Z,washer,18
2CTX,2022-04-29T18:19:44.000Z,washer,18
2CTX,2022-04-29T09:53:08.000Z,washer,18
2CTX,2022-04-28T23:43:20.000Z,washer,18
2CTX,2022-04-28T19:03:27.000Z,washer,18
2CTX,2022-04-28T12:40:40.000Z,washer,18
2CTX,2022-04-27T19:01:15.000Z,washer,8
2CTX,2022-04-27T18:16:59.000Z,washer,8
2CTX,2022-04-27T18:15:26.000Z,washer,18
2CTX,2022-04-27T16:45:26.000Z,washer,18
2CTX,2022-04-27T15:34:49.000Z,washer,18
2CTX,2022-04-27T14:14:05.000Z,washer,18
2CTX,2022-04-27T09:51:18.000Z,washer,8
2CTX,2022-04-26T16:52:23.000Z,washer,18
2CTX,2022-04-26T15:56:31.000Z,washer,18
2CTX,2022-04-26T10:27:07.000Z,washer,18
2CTX,2022-04-25T15:21:42.000Z,washer,18
2CTX,2022-04-25T15:12:00.000Z,washer,8
2CTX,2022-04-24T19:14:05.000Z,washer,8
2CTX,2022-04-24T17:15:42.000Z,washer,18
2CTX,2022-04-24T16:53:38.000Z,washer,8
2CTX,2022-04-24T16:14:49.000Z,washer,8
2CTX,2022-04-24T15:31:40.000Z,washer,18
2CTX,2022-04-24T13:58:27.000Z,washer,8
2CTX,2022-04-24T12:32:17.000Z,washer,8
2CTX,2022-04-24T12:20:32.000Z,washer,18
2CTX,2022-04-24T11:52:35.000Z,washer,8
2CTX,2022-04-24T11:37:01.000Z,washer,18
2CTX,2022-04-23T15:23:20.000Z,washer,18
2CTX,2022-04-23T11:21:23.000Z,washer,18
2CTX,2022-04-23T08:17:04.000Z,washer,18
2CTX,2022-04-23T00:16:13.000Z,washer,8
2CTX,2022-04-22T10:51:20.000Z,washer,18
2CTX,2022-04-21T21:28:23.000Z,washer,8
2CTX,2022-04-21T20:26:54.000Z,washer,8
2CTX,2022-04-21T20:19:09.000Z,washer,18
2CTX,2022-04-21T14:41:36.000Z,washer,8
2CTX,2022-04-20T17:21:39.000Z,washer,8
2CTX,2022-04-20T17:20:32.000Z,washer,18
2CTX,2022-04-20T09:08:44.000Z,washer,8
2CTX,2022-04-20T09:06:36.000Z,washer,18
2CTX,2022-04-19T16:02:07.000Z,washer,8
2CTX,2022-04-19T13:38:53.000Z,washer,18
2CTX,2022-04-19T11:00:42.000Z,washer,8
2CTX,2022-04-19T09:25:23.000Z,washer,18
2CTX,2022-04-18T15:48:44.000Z,washer,18
2CTX,2022-04-18T15:03:46.000Z,washer,18
2CTX,2022-04-18T10:40:36.000Z,washer,18
2CTX,2022-04-18T09:11:02.000Z,washer,8
2CTX,2022-04-17T18:21:28.000Z,washer,8
2CTX,2022-04-17T17:58:34.000Z,washer,18
2CTX,2022-04-17T17:08:46.000Z,washer,8
2CTX,2022-04-17T17:05:30.000Z,washer,18
2CTX,2022-04-17T14:29:37.000Z,washer,18
2CTX,2022-04-17T13:33:08.000Z,washer,18
2CTX,2022-04-17T12:49:24.000Z,washer,8
2CTX,2022-04-17T10:54:51.000Z,washer,18
2CTX,2022-04-17T10:15:53.000Z,washer,8
2CTX,2022-04-17T10:04:41.000Z,washer,18
2CTX,2022-04-16T18:53:38.000Z,washer,8
2CTX,2022-04-16T17:56:58.000Z,washer,18
2CTX,2022-04-16T13:39:02.000Z,washer,18
2CTX,2022-04-16T13:26:36.000Z,washer,8
2CTX,2022-04-16T11:42:50.000Z,washer,8
2CTX,2022-04-16T10:53:27.000Z,washer,18
2CTX,2022-04-16T09:46:03.000Z,washer,18
2CTX,2022-04-15T20:47:36.000Z,washer,18
2CTX,2022-04-15T17:51:21.000Z,washer,8
2CTX,2022-04-15T17:50:34.000Z,washer,18
2CTX,2022-04-15T15:06:26.000Z,washer,18
2CTX,2022-04-15T13:25:59.000Z,washer,8
2CTX,2022-04-15T12:45:34.000Z,washer,8
2CTX,2022-04-15T09:19:27.000Z,washer,18
2CTX,2022-04-15T07:56:37.000Z,washer,18
2CTX,2022-04-15T07:30:18.000Z,washer,8
2CTX,2022-04-14T20:19:05.000Z,washer,18
2CTX,2022-04-14T16:30:10.000Z,washer,18
2CTX,2022-04-14T10:39:29.000Z,washer,8
2CTX,2022-04-14T09:39:39.000Z,washer,18
2CTX,2022-04-14T08:26:16.000Z,washer,18
2CTX,2022-04-13T15:53:27.000Z,washer,18
2CTX,2022-04-13T13:58:53.000Z,washer,18
2CTX,2022-04-12T20:26:59.000Z,washer,18
2CTX,2022-04-12T15:26:59.000Z,washer,18
2CTX,2022-04-12T13:50:23.000Z,washer,8
2CTX,2022-04-12T11:46:03.000Z,washer,8
2CTX,2022-04-12T11:45:03.000Z,washer,18
2CTX,2022-04-12T10:04:39.000Z,washer,18
2CTX,2022-04-12T09:05:16.000Z,washer,18
2CTX,2022-04-11T20:50:38.000Z,washer,8
2CTX,2022-04-11T16:46:18.000Z,washer,18
2CTX,2022-04-11T16:44:17.000Z,washer,8
2CTX,2022-04-11T15:20:36.000Z,washer,8
2CTX,2022-04-11T11:59:59.000Z,washer,18
2CTX,2022-04-11T10:08:47.000Z,washer,18
2CTX,2022-04-11T09:13:59.000Z,washer,18
2CTX,2022-04-11T05:30:13.000Z,washer,8
2CTX,2022-04-09T19:12:16.000Z,washer,8
2CTX,2022-04-09T19:01:31.000Z,washer,18
2CTX,2022-04-09T17:03:32.000Z,washer,8
2CTX,2022-04-09T17:00:35.000Z,washer,18
2CTX,2022-04-09T15:10:17.000Z,washer,8
2CTX,2022-04-09T14:55:11.000Z,washer,18
2CTX,2022-04-09T14:01:20.000Z,washer,18
2CTX,2022-04-09T10:11:47.000Z,washer,8
2CTX,2022-04-09T10:10:17.000Z,washer,18
2CTX,2022-04-09T03:13:30.000Z,washer,8
2CTX,2022-04-09T03:12:34.000Z,washer,18
2CTX,2022-04-09T00:03:34.000Z,washer,8
2CTX,2022-04-08T17:43:50.000Z,washer,8
2CTX,2022-04-08T17:05:21.000Z,washer,18
2CTX,2022-04-08T16:17:32.000Z,washer,18
2CTX,2022-04-08T15:30:35.000Z,washer,18
2CTX,2022-04-08T09:27:01.000Z,washer,8
2CTX,2022-04-08T09:15:56.000Z,washer,18
2CTX,2022-04-07T19:09:46.000Z,washer,18
2CTX,2022-04-07T16:31:41.000Z,washer,18
2CTX,2022-04-06T13:57:41.000Z,washer,18
2CTX,2022-04-05T18:16:41.000Z,washer,8
2CTX,2022-04-04T20:02:26.000Z,washer,8
2CTX,2022-04-04T09:03:43.000Z,washer,18
2CTX,2022-04-04T07:56:29.000Z,washer,8
2CTX,2022-04-03T20:38:54.000Z,washer,18
2CTX,2022-04-03T18:05:09.000Z,washer,18
2CTX,2022-04-03T15:28:28.000Z,washer,8
2CTX,2022-04-03T15:26:34.000Z,washer,18
2CTX,2022-04-03T14:09:39.000Z,washer,8
2CTX,2022-04-03T12:17:54.000Z,washer,18
2CTX,2022-04-02T16:42:51.000Z,washer,18
2CTX,2022-04-02T15:59:34.000Z,washer,8
2CTX,2022-04-02T15:56:09.000Z,washer,18
2CTX,2022-04-02T12:31:02.000Z,washer,8
2CTX,2022-04-02T11:02:18.000Z,washer,18
2CTX,2022-04-02T09:41:12.000Z,washer,8
2CTX,2022-04-02T09:37:03.000Z,washer,18
2CTX,2022-04-02T07:11:11.000Z,washer,18
2CTX,2022-04-01T20:07:59.000Z,washer,18
2CTX,2022-04-01T10:51:32.000Z,washer,18
2CTX,2022-03-30T17:20:00.000Z,washer,18
2CTX,2022-03-29T22:31:28.000Z,washer,8
2CTX,2022-03-29T20:01:56.000Z,washer,8
2CTX,2022-03-29T15:39:17.000Z,washer,8
2CTX,2022-03-29T15:37:37.000Z,washer,18
2CTX,2022-03-29T12:41:01.000Z,washer,18
2CTX,2022-03-28T20:37:11.000Z,washer,8
2CTX,2022-03-28T20:35:59.000Z,washer,18
2CTX,2022-03-28T16:39:20.000Z,washer,18
2CTX,2022-03-28T14:37:28.000Z,washer,18
2CTX,2022-03-28T12:46:46.000Z,washer,8
2CTX,2022-03-28T12:44:51.000Z,washer,18
2CTX,2022-03-28T11:16:38.000Z,washer,18
2CTX,2022-03-28T09:53:58.000Z,washer,18
2CTX,2022-03-28T08:32:44.000Z,washer,18
2CTX,2022-03-28T03:45:01.000Z,washer,8
2CTX,2022-03-27T14:42:02.000Z,washer,8
2CTX,2022-03-27T09:35:05.000Z,washer,8
2CTX,2022-03-27T09:33:11.000Z,washer,18
2CTX,2022-03-27T08:30:22.000Z,washer,18
2CTX,2022-03-27T07:15:37.000Z,washer,8
2CTX,2022-03-27T05:51:52.000Z,washer,8
2CTX,2022-03-27T05:50:32.000Z,washer,18
2CTX,2022-03-26T20:29:52.000Z,washer,18
2CTX,2022-03-26T18:30:01.000Z,washer,18
2CTX,2022-03-26T17:45:53.000Z,washer,8
2CTX,2022-03-26T17:43:30.000Z,washer,18
2CTX,2022-03-26T16:33:15.000Z,washer,8
2CTX,2022-03-26T16:18:03.000Z,washer,18
2CTX,2022-03-26T15:08:10.000Z,washer,8
2CTX,2022-03-26T13:52:04.000Z,washer,8
2CTX,2022-03-26T11:42:41.000Z,washer,18
2CTX,2022-03-26T11:32:58.000Z,washer,8
2CTX,2022-03-26T10:48:16.000Z,washer,8
2CTX,2022-03-26T09:24:56.000Z,washer,18
2CTX,2022-03-25T20:11:41.000Z,washer,8
2CTX,2022-03-25T18:03:35.000Z,washer,8
2CTX,2022-03-25T18:00:46.000Z,washer,8
2CTX,2022-03-25T17:24:00.000Z,washer,18
2CTX,2022-03-25T15:10:53.000Z,washer,18
2CTX,2022-03-25T14:22:34.000Z,washer,8
2CTX,2022-03-24T20:40:40.000Z,washer,8
2CTX,2022-03-24T20:39:08.000Z,washer,18
2CTX,2022-03-24T15:16:49.000Z,washer,18
2CTX,2022-03-24T14:40:10.000Z,washer,8
2CTX,2022-03-24T14:32:20.000Z,washer,18
2CTX,2022-03-24T13:14:00.000Z,washer,18
2CTX,2022-03-24T10:58:42.000Z,washer,18
2CTX,2022-03-23T19:48:48.000Z,washer,18
2CTX,2022-03-23T18:40:55.000Z,washer,18
2CTX,2022-03-23T13:41:25.000Z,washer,18
2CTX,2022-03-22T20:41:32.000Z,washer,8
2CTX,2022-03-22T12:00:30.000Z,washer,8
2CTX,2022-03-22T09:50:32.000Z,washer,18
2CTX,2022-03-21T12:29:03.000Z,washer,18
2CTX,2022-03-21T11:34:36.000Z,washer,18
2CTX,2022-03-20T17:51:05.000Z,washer,18
2CTX,2022-03-20T14:00:58.000Z,washer,18
2CTX,2022-03-20T13:07:41.000Z,washer,8
2CTX,2022-03-20T13:05:13.000Z,washer,18
2CTX,2022-03-19T17:29:28.000Z,washer,18
2CTX,2022-03-19T15:34:47.000Z,washer,18
2CTX,2022-03-19T14:50:29.000Z,washer,18
2CTX,2022-03-19T14:13:38.000Z,washer,8
2CTX,2022-03-19T13:08:42.000Z,washer,18
2CTX,2022-03-19T11:30:33.000Z,washer,18
2CTX,2022-03-19T10:30:20.000Z,washer,18
2CTX,2022-03-18T16:58:31.000Z,washer,18
2CTX,2022-03-18T16:06:07.000Z,washer,18
2CTX,2022-03-18T10:45:02.000Z,washer,8
2CTX,2022-03-17T18:45:25.000Z,washer,8
2CTX,2022-03-17T15:24:12.000Z,washer,8
2CTX,2022-03-17T15:21:48.000Z,washer,18
2CTX,2022-03-17T14:22:06.000Z,washer,18
2CTX,2022-03-17T14:20:39.000Z,washer,8
2CTX,2022-03-16T14:50:24.000Z,washer,18
2CTX,2022-03-16T13:07:55.000Z,washer,18
2CTX,2022-03-15T14:22:22.000Z,washer,18
2CTX,2022-03-14T18:07:25.000Z,washer,8
2CTX,2022-03-14T09:02:46.000Z,washer,18
2CTX,2022-03-13T18:33:28.000Z,washer,8
2CTX,2022-03-13T18:30:01.000Z,washer,18
2CTX,2022-03-13T15:20:21.000Z,washer,18
2CTX,2022-03-13T14:34:02.000Z,washer,18
2CTX,2022-03-13T13:30:50.000Z,washer,18
2CTX,2022-03-13T12:46:32.000Z,washer,18
2CTX,2022-03-13T12:45:13.000Z,washer,8
2CTX,2022-03-13T10:43:13.000Z,washer,8
2CTX,2022-03-13T10:16:14.000Z,washer,18
2CTX,2022-03-13T09:09:20.000Z,washer,18
2CTX,2022-03-12T17:29:00.000Z,washer,18
2CTX,2022-03-12T16:51:50.000Z,washer,8
2CTX,2022-03-12T16:40:17.000Z,washer,18
2CTX,2022-03-12T15:03:22.000Z,washer,18
2CTX,2022-03-12T15:02:04.000Z,washer,8
2CTX,2022-03-11T16:09:21.000Z,washer,18
2CTX,2022-03-11T12:49:27.000Z,washer,8
2CTX,2022-03-11T11:40:24.000Z,washer,8
2CTX,2022-03-11T11:39:29.000Z,washer,18
2CTX,2022-03-11T10:56:58.000Z,washer,8
2CTX,2022-03-11T10:52:24.000Z,washer,18
2CTX,2022-03-11T07:32:31.000Z,washer,18
2CTX,2022-03-10T16:50:09.000Z,washer,8
2CTX,2022-03-09T16:00:27.000Z,washer,18
2CTX,2022-03-09T11:43:14.000Z,washer,18
2CTX,2022-03-09T10:57:34.000Z,washer,18
2CTX,2022-03-09T07:57:04.000Z,washer,18
2CTX,2022-03-08T17:06:56.000Z,washer,18
2CTX,2022-03-08T16:22:52.000Z,washer,8
2CTX,2022-03-08T16:21:39.000Z,washer,18
2CTX,2022-03-08T10:28:32.000Z,washer,8
2CTX,2022-03-07T12:52:27.000Z,washer,18
2CTX,2022-03-07T11:03:53.000Z,washer,18
2CTX,2022-03-06T19:13:30.000Z,washer,8
2CTX,2022-03-06T17:51:26.000Z,washer,18
2CTX,2022-03-06T15:58:18.000Z,washer,18
2CTX,2022-03-06T12:55:09.000Z,washer,8
2CTX,2022-03-06T09:39:58.000Z,washer,18
2CTX,2022-03-06T08:55:47.000Z,washer,8
2CTX,2022-03-06T08:54:10.000Z,washer,18
2CTX,2022-03-06T07:09:37.000Z,washer,8
2CTX,2022-03-05T18:27:39.000Z,washer,8
2CTX,2022-03-05T18:26:33.000Z,washer,18
2CTX,2022-03-05T14:56:56.000Z,washer,18
2CTX,2022-03-05T13:06:31.000Z,washer,18
2CTX,2022-03-04T18:05:44.000Z,washer,18
2CTX,2022-03-03T17:57:01.000Z,washer,18
2CTX,2022-03-02T17:25:29.000Z,washer,18
2CTX,2022-03-02T15:41:19.000Z,washer,18
2CTX,2022-03-02T14:34:42.000Z,washer,18
2CTX,2022-03-02T12:57:52.000Z,washer,18
2CTX,2022-03-02T10:35:06.000Z,washer,8
2CTX,2022-03-02T10:32:44.000Z,washer,18
2CTX,2022-03-01T13:48:41.000Z,washer,18
2CTX,2022-03-01T10:41:46.000Z,washer,18
2CTX,2022-03-01T09:59:22.000Z,washer,18
2CTX,2022-03-01T09:13:52.000Z,washer,8
2CTX,2022-02-28T17:21:23.000Z,washer,8
2CTX,2022-02-28T17:03:46.000Z,washer,18
2CTX,2022-02-28T15:36:13.000Z,washer,18
2CTX,2022-02-28T08:05:28.000Z,washer,8
2CTX,2022-02-27T16:21:03.000Z,washer,8
2CTX,2022-02-27T10:59:51.000Z,washer,8
2CTX,2022-02-27T10:58:53.000Z,washer,18
2CTX,2022-02-26T11:30:22.000Z,washer,8
2CTX,2022-02-26T11:27:38.000Z,washer,18
2CTX,2022-02-26T10:40:21.000Z,washer,18
2CTX,2022-02-26T10:32:45.000Z,washer,8
2CTX,2022-02-26T09:06:52.000Z,washer,18
2CTX,2022-02-25T18:48:03.000Z,washer,18
2CTX,2022-02-25T18:45:59.000Z,washer,8
2CTX,2022-02-25T17:22:19.000Z,washer,8
2CTX,2022-02-25T17:21:22.000Z,washer,18
2CTX,2022-02-25T15:59:29.000Z,washer,18
2CTX,2022-02-25T13:47:35.000Z,washer,18
2CTX,2022-02-25T10:39:29.000Z,washer,8
2CTX,2022-02-25T10:36:27.000Z,washer,18
2CTX,2022-02-25T08:57:30.000Z,washer,18
2CTX,2022-02-24T08:53:42.000Z,washer,18
2CTX,2022-02-23T19:29:47.000Z,washer,18
2CTX,2022-02-23T14:50:52.000Z,washer,18
2CTX,2022-02-23T11:59:45.000Z,washer,8
2CTX,2022-02-23T11:22:51.000Z,washer,18
2CTX,2022-02-22T12:33:12.000Z,washer,18
2CTX,2022-02-21T19:58:23.000Z,washer,18
2CTX,2022-02-21T17:24:43.000Z,washer,8
2CTX,2022-02-21T13:22:45.000Z,washer,18
2CTX,2022-02-21T08:44:07.000Z,washer,8
2CTX,2022-02-20T18:57:22.000Z,washer,18
2CTX,2022-02-20T15:57:28.000Z,washer,8
2CTX,2022-02-20T15:39:09.000Z,washer,18
2CTX,2022-02-20T15:16:48.000Z,washer,8
2CTX,2022-02-20T14:52:13.000Z,washer,18
2CTX,2022-02-20T13:25:43.000Z,washer,18
2CTX,2022-02-20T11:33:01.000Z,washer,18
2CTX,2022-02-20T10:48:55.000Z,washer,18
2CTX,2022-02-20T09:59:29.000Z,washer,18
2CTX,2022-02-19T18:33:00.000Z,washer,18
2CTX,2022-02-19T16:59:50.000Z,washer,18
2CTX,2022-02-18T18:10:37.000Z,washer,18
2CTX,2022-02-18T15:32:10.000Z,washer,18
2CTX,2022-02-18T14:32:44.000Z,washer,8
2CTX,2022-02-18T14:30:17.000Z,washer,18
2CTX,2022-02-18T10:33:58.000Z,washer,8
2CTX,2022-02-17T16:56:43.000Z,washer,18
2CTX,2022-02-16T16:14:13.000Z,washer,8
2CTX,2022-02-16T10:57:05.000Z,washer,8
2CTX,2022-02-15T13:05:04.000Z,washer,8
2CTX,2022-02-15T13:03:29.000Z,washer,18
2CTX,2022-02-14T18:50:01.000Z,washer,8
2CTX,2022-02-14T18:48:07.000Z,washer,18
2CTX,2022-02-14T13:00:46.000Z,washer,18
2CTX,2022-02-13T12:38:58.000Z,washer,18
2CTX,2022-02-13T10:35:21.000Z,washer,8
2CTX,2022-02-13T10:32:13.000Z,washer,18
2CTX,2022-02-13T09:40:22.000Z,washer,18
2CTX,2022-02-13T08:49:49.000Z,washer,18
2CTX,2022-02-12T18:22:54.000Z,washer,18
2CTX,2022-02-12T17:27:16.000Z,washer,18
2CTX,2022-02-12T16:43:36.000Z,washer,8
2CTX,2022-02-12T16:35:49.000Z,washer,18
2CTX,2022-02-12T10:53:33.000Z,washer,18
2CTX,2022-02-11T12:46:48.000Z,washer,18
2CTX,2022-02-10T13:43:26.000Z,washer,18
2CTX,2022-02-09T18:35:51.000Z,washer,18
2CTX,2022-02-09T17:08:06.000Z,washer,8
2CTX,2022-02-09T10:51:48.000Z,washer,18
2CTX,2022-02-08T12:02:22.000Z,washer,8
2CTX,2022-02-08T10:09:38.000Z,washer,18
2CTX,2022-02-07T17:59:07.000Z,washer,18
2CTX,2022-02-06T20:34:03.000Z,washer,18
2CTX,2022-02-06T19:19:35.000Z,washer,8
2CTX,2022-02-06T18:41:30.000Z,washer,18
2CTX,2022-02-06T18:21:15.000Z,washer,8
2CTX,2022-02-06T15:17:54.000Z,washer,18
2CTX,2022-02-06T13:25:56.000Z,washer,8
2CTX,2022-02-06T13:25:03.000Z,washer,18
2CTX,2022-02-06T12:11:57.000Z,washer,18
2CTX,2022-02-06T10:41:05.000Z,washer,18
2CTX,2022-02-06T07:01:49.000Z,washer,8
2CTX,2022-02-06T07:00:29.000Z,washer,18
2CTX,2022-02-05T14:24:25.000Z,washer,8
2CTX,2022-02-05T14:23:13.000Z,washer,18
2CTX,2022-02-05T13:33:39.000Z,washer,8
2CTX,2022-02-05T13:32:42.000Z,washer,18
2CTX,2022-02-05T12:30:15.000Z,washer,18
2CTX,2022-02-05T09:14:56.000Z,washer,8
2CTX,2022-02-05T08:33:28.000Z,washer,18
2CTX,2022-02-04T11:30:57.000Z,washer,18
2CTX,2022-02-03T17:17:45.000Z,washer,18
2CTX,2022-02-03T15:23:07.000Z,washer,18
2CTX,2022-02-03T07:01:45.000Z,washer,18
2CTX,2022-02-02T18:43:24.000Z,washer,18
2CTX,2022-02-02T12:39:25.000Z,washer,18
2CTX,2022-02-02T11:58:42.000Z,washer,8
2CTX,2022-02-02T05:14:21.000Z,washer,8
2CTX,2022-02-01T13:38:17.000Z,washer,18
2CTX,2022-02-01T12:52:22.000Z,washer,8
2CTX,2022-02-01T12:45:50.000Z,washer,18
2CTX,2022-02-01T12:01:31.000Z,washer,8
2CTX,2022-02-01T12:00:15.000Z,washer,18
2CTX,2022-01-31T19:02:52.000Z,washer,18
2CTX,2022-01-31T18:16:05.000Z,washer,8
2CTX,2022-01-31T12:53:09.000Z,washer,8
2CTX,2022-01-31T10:07:17.000Z,washer,8
2CTX,2022-01-30T19:37:13.000Z,washer,8
2CTX,2022-01-30T15:18:33.000Z,washer,8
2CTX,2022-01-30T14:44:40.000Z,washer,18
2CTX,2022-01-29T16:25:33.000Z,washer,8
2CTX,2022-01-29T16:02:38.000Z,washer,18
2CTX,2022-01-29T15:07:21.000Z,washer,8
2CTX,2022-01-29T14:29:18.000Z,washer,18
2CTX,2022-01-29T13:43:06.000Z,washer,18
2CTX,2022-01-29T13:39:08.000Z,washer,8
2CTX,2022-01-29T12:57:13.000Z,washer,18
2CTX,2022-01-29T12:55:08.000Z,washer,8
2CTX,2022-01-29T10:30:56.000Z,washer,18
2CTX,2022-01-29T08:35:12.000Z,washer,18
2CTX,2022-01-28T15:43:01.000Z,washer,18
2CTX,2022-01-28T15:32:32.000Z,washer,8
2CTX,2022-01-28T14:57:38.000Z,washer,18
2CTX,2022-01-28T14:45:26.000Z,washer,8
2CTX,2022-01-27T22:03:37.000Z,washer,18
2CTX,2022-01-27T14:49:37.000Z,washer,18
2CTX,2022-01-27T14:10:11.000Z,washer,8
2CTX,2022-01-27T14:04:02.000Z,washer,18
2CTX,2022-01-27T13:07:33.000Z,washer,18
2CTX,2022-01-26T16:19:38.000Z,washer,8
2CTX,2022-01-26T15:55:56.000Z,washer,18
2CTX,2022-01-26T15:40:05.000Z,washer,8
2CTX,2022-01-26T08:17:59.000Z,washer,18
2CTX,2022-01-24T17:48:09.000Z,washer,18
2CTX,2022-01-24T10:33:48.000Z,washer,18
2CTX,2022-01-24T08:28:12.000Z,washer,18
2CTX,2022-01-23T16:18:50.000Z,washer,18
2CTX,2022-01-23T14:02:49.000Z,washer,18
2CTX,2022-01-23T10:34:45.000Z,washer,18
2CTX,2022-01-23T09:55:56.000Z,washer,8
2CTX,2022-01-22T18:41:47.000Z,washer,18
2CTX,2022-01-22T17:11:07.000Z,washer,8
2CTX,2022-01-22T16:41:06.000Z,washer,18
2CTX,2022-01-22T16:18:32.000Z,washer,8
2CTX,2022-01-22T15:28:29.000Z,washer,18
2CTX,2022-01-22T14:13:50.000Z,washer,18
2CTX,2022-01-22T12:16:30.000Z,washer,18
2CTX,2022-01-22T11:29:19.000Z,washer,18
2CTX,2022-01-22T11:23:13.000Z,washer,8
2CTX,2022-01-22T09:57:33.000Z,washer,8
2CTX,2022-01-21T19:42:36.000Z,washer,18
2CTX,2022-01-21T18:51:21.000Z,washer,18
2CTX,2022-01-21T17:29:59.000Z,washer,18
2CTX,2022-01-21T11:40:32.000Z,washer,18
2CTX,2022-01-21T11:37:50.000Z,washer,8
2CTX,2022-01-21T08:49:03.000Z,washer,18
2CTX,2022-01-20T14:15:04.000Z,washer,18
2CTX,2022-01-20T11:24:27.000Z,washer,18
2CTX,2022-01-20T10:20:49.000Z,washer,8
2CTX,2022-01-20T10:19:35.000Z,washer,18
2CTX,2022-01-19T17:12:58.000Z,washer,8
2CTX,2022-01-19T17:01:30.000Z,washer,18
2CTX,2022-01-19T15:46:21.000Z,washer,8
2CTX,2022-01-19T15:14:27.000Z,washer,18
2CTX,2022-01-19T13:25:02.000Z,washer,8
2CTX,2022-01-19T08:42:45.000Z,washer,18
2CTX,2022-01-16T13:52:41.000Z,washer,18
2CTX,2022-01-16T12:17:06.000Z,washer,18
2CTX,2022-01-16T11:36:27.000Z,washer,8
2CTX,2022-01-16T09:06:44.000Z,washer,18
2CTX,2022-01-15T17:20:08.000Z,washer,8
2CTX,2022-01-15T17:13:29.000Z,washer,18
2CTX,2022-01-15T12:51:31.000Z,washer,18
2CTX,2022-01-15T12:36:22.000Z,washer,8
2CTX,2022-01-15T12:05:12.000Z,washer,18
2CTX,2022-01-15T11:19:55.000Z,washer,18
2CTX,2022-01-15T09:11:28.000Z,washer,8
2CTX,2022-01-14T18:48:26.000Z,washer,18
2CTX,2022-01-14T18:07:18.000Z,washer,8
2CTX,2022-01-14T17:38:57.000Z,washer,18
2CTX,2022-01-14T16:56:49.000Z,washer,18
2CTX,2022-01-14T16:09:59.000Z,washer,18
2CTX,2022-01-14T11:25:52.000Z,washer,8
2CTX,2022-01-14T11:24:30.000Z,washer,18
2CTX,2022-01-14T09:07:10.000Z,washer,18
2CTX,2022-01-13T17:44:38.000Z,washer,18
2CTX,2022-01-13T16:56:13.000Z,washer,18
2CTX,2022-01-13T16:12:15.000Z,washer,18
2CTX,2022-01-13T11:42:59.000Z,washer,18
2CTX,2022-01-13T10:22:37.000Z,washer,18
2CTX,2022-01-13T09:18:04.000Z,washer,8
2CTX,2022-01-12T17:06:49.000Z,washer,18
2CTX,2022-01-11T13:42:25.000Z,washer,18
2CTX,2022-01-11T12:09:22.000Z,washer,18
2CTX,2022-01-11T10:05:41.000Z,washer,18
2CTX,2022-01-09T19:24:01.000Z,washer,18
2CTX,2022-01-09T14:20:16.000Z,washer,18
2CTX,2022-01-09T13:26:22.000Z,washer,18
2CTX,2022-01-09T09:46:01.000Z,washer,18
2CTX,2022-01-09T07:26:42.000Z,washer,18
2CTX,2022-01-08T16:10:08.000Z,washer,18
2CTX,2022-01-08T13:25:29.000Z,washer,8
2CTX,2022-01-08T10:44:57.000Z,washer,18
2CTX,2022-01-07T17:47:57.000Z,washer,18
2CTX,2022-01-07T13:58:36.000Z,washer,8
2CTX,2022-01-07T11:21:36.000Z,washer,8
2CTX,2022-01-07T11:02:42.000Z,washer,18
2CTX,2022-01-07T09:23:10.000Z,washer,8
2CTX,2022-01-06T12:06:10.000Z,washer,18
2CTX,2022-01-05T18:34:25.000Z,washer,8
2CTX,2022-01-05T13:45:07.000Z,washer,8
2CTX,2022-01-05T13:40:51.000Z,washer,18
2CTX,2022-01-04T11:24:47.000Z,washer,18
2CTX,2022-01-04T09:46:49.000Z,washer,8
2CTX,2022-01-03T12:27:37.000Z,washer,18
2CTX,2022-01-02T17:08:23.000Z,washer,18
2CTX,2022-01-02T16:23:40.000Z,washer,18
2CTX,2022-01-02T14:40:56.000Z,washer,8
2CTX,2022-01-02T12:55:34.000Z,washer,18
2CTX,2022-01-02T11:58:35.000Z,washer,18
2CTX,2022-01-02T11:56:59.000Z,washer,8
2CTX,2022-01-02T11:18:57.000Z,washer,8
2CTX,2022-01-02T11:10:44.000Z,washer,18
2CTX,2022-01-02T10:23:02.000Z,washer,18
2CTX,2022-01-02T09:30:17.000Z,washer,18
2CTX,2022-01-02T09:11:39.000Z,washer,8
2CTX,2022-01-02T08:06:53.000Z,washer,18
2CTX,2021-12-31T12:21:34.000Z,washer,18
2CTX,2021-12-31T11:38:07.000Z,washer,8
2CTX,2021-12-31T11:36:28.000Z,washer,18
2CTX,2021-12-30T18:37:11.000Z,washer,18
2CTX,2021-12-30T16:19:15.000Z,washer,8
2CTX,2021-12-30T13:51:16.000Z,washer,18
2CTX,2021-12-30T12:57:19.000Z,washer,18
2CTX,2021-12-30T12:45:26.000Z,washer,8
2CTX,2021-12-30T09:22:14.000Z,washer,18
2CTX,2021-12-29T16:48:22.000Z,washer,8
2CTX,2021-12-29T15:48:51.000Z,washer,18
2CTX,2021-12-29T15:45:50.000Z,washer,8
2CTX,2021-12-28T17:00:09.000Z,washer,8
2CTX,2021-12-28T15:52:10.000Z,washer,18
2CTX,2021-12-28T14:07:30.000Z,washer,18
2CTX,2021-12-28T14:02:03.000Z,washer,8
2CTX,2021-12-28T10:50:18.000Z,washer,8
2CTX,2021-12-28T10:47:09.000Z,washer,18
2CTX,2021-12-27T17:24:30.000Z,washer,8
2CTX,2021-12-27T17:23:17.000Z,washer,18
2CTX,2021-12-27T12:57:28.000Z,washer,18
2CTX,2021-12-27T10:32:52.000Z,washer,8
2CTX,2021-12-27T09:50:22.000Z,washer,8
2CTX,2021-12-26T16:41:19.000Z,washer,18
2CTX,2021-12-25T16:18:01.000Z,washer,18
2CTX,2021-12-25T16:16:50.000Z,washer,8
2CTX,2021-12-25T09:00:56.000Z,washer,8
2CTX,2021-12-25T07:58:58.000Z,washer,8
2CTX,2021-12-24T09:29:24.000Z,washer,18
2CTX,2021-12-23T15:02:42.000Z,washer,18
2CTX,2021-12-22T20:42:10.000Z,washer,18
2CTX,2021-12-22T18:30:13.000Z,washer,18
2CTX,2021-12-22T17:24:21.000Z,washer,8
2CTX,2021-12-22T13:51:55.000Z,washer,18
2CTX,2021-12-22T12:52:48.000Z,washer,18
2CTX,2021-12-22T09:58:17.000Z,washer,18
2CTX,2021-12-22T09:12:57.000Z,washer,18
2CTX,2021-12-21T18:25:55.000Z,washer,18
2CTX,2021-12-21T16:27:28.000Z,washer,18
2CTX,2021-12-21T15:31:13.000Z,washer,18
2CTX,2021-12-20T09:32:06.000Z,washer,18
2CTX,2021-12-20T08:47:56.000Z,washer,8
2CTX,2021-12-20T08:43:46.000Z,washer,18
2CTX,2021-12-19T17:18:45.000Z,washer,18
2CTX,2021-12-19T16:36:50.000Z,washer,18
2CTX,2021-12-19T16:22:12.000Z,washer,8
2CTX,2021-12-19T15:30:05.000Z,washer,18
2CTX,2021-12-19T14:27:58.000Z,washer,8
2CTX,2021-12-19T11:55:46.000Z,washer,8
2CTX,2021-12-19T11:54:44.000Z,washer,18
2CTX,2021-12-19T10:09:58.000Z,washer,8
2CTX,2021-12-19T10:08:35.000Z,washer,18
2CTX,2021-12-19T08:37:31.000Z,washer,18
2CTX,2021-12-18T14:50:21.000Z,washer,8
2CTX,2021-12-18T14:49:27.000Z,washer,18
2CTX,2021-12-18T09:06:04.000Z,washer,8
2CTX,2021-12-18T08:40:44.000Z,washer,18
2CTX,2021-12-18T07:50:36.000Z,washer,18
2CTX,2021-12-17T18:41:11.000Z,washer,18
2CTX,2021-12-17T16:08:39.000Z,washer,18
2CTX,2021-12-17T15:40:16.000Z,washer,8
2CTX,2021-12-17T15:24:37.000Z,washer,18
2CTX,2021-12-17T14:56:35.000Z,washer,8
2CTX,2021-12-17T14:16:12.000Z,washer,18
2CTX,2021-12-17T13:18:58.000Z,washer,18
2CTX,2021-12-17T11:56:29.000Z,washer,8
2CTX,2021-12-17T11:48:03.000Z,washer,18
2CTX,2021-12-17T09:02:43.000Z,washer,18
2CTX,2021-12-16T22:34:51.000Z,washer,18
2CTX,2021-12-16T22:32:53.000Z,washer,8
2CTX,2021-12-16T20:22:10.000Z,washer,18
2CTX,2021-12-16T20:20:14.000Z,washer,8
2CTX,2021-12-16T18:10:50.000Z,washer,8
2CTX,2021-12-16T17:30:00.000Z,washer,8
2CTX,2021-12-16T17:20:57.000Z,washer,18
2CTX,2021-12-16T15:28:49.000Z,washer,18
2CTX,2021-12-16T11:37:03.000Z,washer,8
2CTX,2021-12-15T09:50:49.000Z,washer,18
2CTX,2021-12-14T13:02:07.000Z,washer,18
2CTX,2021-12-14T07:32:33.000Z,washer,8
2CTX,2021-12-12T20:30:58.000Z,washer,8
2CTX,2021-12-12T17:31:47.000Z,washer,18
2CTX,2021-12-12T13:24:16.000Z,washer,8
2CTX,2021-12-12T12:52:08.000Z,washer,18
2CTX,2021-12-12T11:43:52.000Z,washer,18
2CTX,2021-12-12T10:59:40.000Z,washer,18
2CTX,2021-12-12T08:46:26.000Z,washer,18
2CTX,2021-12-12T08:02:20.000Z,washer,18
2CTX,2021-12-11T19:28:30.000Z,washer,18
2CTX,2021-12-11T19:22:12.000Z,washer,8
2CTX,2021-12-11T18:41:10.000Z,washer,18
2CTX,2021-12-11T18:38:26.000Z,washer,8
2CTX,2021-12-11T15:25:12.000Z,washer,18
2CTX,2021-12-11T14:38:13.000Z,washer,18
2CTX,2021-12-11T13:51:51.000Z,washer,18
2CTX,2021-12-11T13:06:34.000Z,washer,18
2CTX,2021-12-11T12:15:30.000Z,washer,8
2CTX,2021-12-11T11:26:54.000Z,washer,8
2CTX,2021-12-11T11:25:26.000Z,washer,18
2CTX,2021-12-11T10:33:00.000Z,washer,8
2CTX,2021-12-11T09:26:45.000Z,washer,8
2CTX,2021-12-10T23:13:30.000Z,washer,8
2CTX,2021-12-10T23:11:45.000Z,washer,18
2CTX,2021-12-10T19:21:35.000Z,washer,18
2CTX,2021-12-10T17:31:27.000Z,washer,18
2CTX,2021-12-10T13:41:10.000Z,washer,18
2CTX,2021-12-10T12:54:18.000Z,washer,18
2CTX,2021-12-09T19:52:15.000Z,washer,8
2CTX,2021-12-09T19:48:39.000Z,washer,18
2CTX,2021-12-08T11:52:45.000Z,washer,18
2CTX,2021-12-08T11:00:00.000Z,washer,8
2CTX,2021-12-08T09:22:47.000Z,washer,18
2CTX,2021-12-07T21:24:59.000Z,washer,18
2CTX,2021-12-07T13:19:46.000Z,washer,8
2CTX,2021-12-06T16:33:34.000Z,washer,18
2CTX,2021-12-06T14:19:20.000Z,washer,8
2CTX,2021-12-05T15:32:14.000Z,washer,8
2CTX,2021-12-05T15:21:10.000Z,washer,18
2CTX,2021-12-05T11:43:07.000Z,washer,8
2CTX,2021-12-05T11:03:23.000Z,washer,8
2CTX,2021-12-05T11:01:58.000Z,washer,18
2CTX,2021-12-05T09:44:26.000Z,washer,8
2CTX,2021-12-05T09:25:23.000Z,washer,18
2CTX,2021-12-05T08:34:21.000Z,washer,18
2CTX,2021-12-05T08:06:38.000Z,washer,8
2CTX,2021-12-05T07:48:15.000Z,washer,18
2CTX,2021-12-05T07:25:32.000Z,washer,8
2CTX,2021-12-04T16:20:39.000Z,washer,18
2CTX,2021-12-04T13:21:09.000Z,washer,8
2CTX,2021-12-04T12:40:42.000Z,washer,8
2CTX,2021-12-04T11:53:10.000Z,washer,18
2CTX,2021-12-04T11:52:14.000Z,washer,8
2CTX,2021-12-04T10:31:34.000Z,washer,18
2CTX,2021-12-04T10:00:32.000Z,washer,8
2CTX,2021-12-04T09:34:42.000Z,washer,18
2CTX,2021-12-03T19:10:09.000Z,washer,18
2CTX,2021-12-03T19:02:56.000Z,washer,8
2CTX,2021-12-03T16:32:42.000Z,washer,8
2CTX,2021-12-03T14:47:36.000Z,washer,18
2CTX,2021-12-03T09:23:49.000Z,washer,18
2CTX,2021-12-02T10:49:16.000Z,washer,8
2CTX,2021-12-01T20:12:58.000Z,washer,18
2CTX,2021-12-01T15:36:57.000Z,washer,18
2CTX,2021-12-01T10:35:19.000Z,washer,18
2CTX,2021-12-01T09:14:59.000Z,washer,18
2CTX,2021-11-30T16:55:03.000Z,washer,18
2CTX,2021-11-30T15:37:18.000Z,washer,8
2CTX,2021-11-30T15:27:43.000Z,washer,18
2CTX,2021-11-30T13:49:58.000Z,washer,8
2CTX,2021-11-30T13:47:21.000Z,washer,18
2CTX,2021-11-29T10:17:38.000Z,washer,18
2CTX,2021-11-28T22:19:48.000Z,washer,8
2CTX,2021-11-28T17:57:52.000Z,washer,18
2CTX,2021-11-28T15:10:42.000Z,washer,18
2CTX,2021-11-28T14:23:04.000Z,washer,18
2CTX,2021-11-28T13:02:11.000Z,washer,18
2CTX,2021-11-28T10:41:03.000Z,washer,18
2CTX,2021-11-28T09:51:52.000Z,washer,18
2CTX,2021-11-27T18:59:27.000Z,washer,8
2CTX,2021-11-27T18:08:01.000Z,washer,8
2CTX,2021-11-27T18:07:10.000Z,washer,18
2CTX,2021-11-27T17:22:10.000Z,washer,8
2CTX,2021-11-27T17:20:52.000Z,washer,18
2CTX,2021-11-27T15:53:44.000Z,washer,18
2CTX,2021-11-27T14:57:00.000Z,washer,18
2CTX,2021-11-27T14:55:59.000Z,washer,8
2CTX,2021-11-27T12:29:15.000Z,washer,8
2CTX,2021-11-27T12:01:45.000Z,washer,18
2CTX,2021-11-27T11:36:58.000Z,washer,8
2CTX,2021-11-27T11:09:41.000Z,washer,18
2CTX,2021-11-27T10:21:40.000Z,washer,8
2CTX,2021-11-27T09:41:40.000Z,washer,8
2CTX,2021-11-27T09:04:30.000Z,washer,18
2CTX,2021-11-26T16:11:14.000Z,washer,18
2CTX,2021-11-26T11:35:11.000Z,washer,8
2CTX,2021-11-26T11:32:06.000Z,washer,18
2CTX,2021-11-26T09:19:23.000Z,washer,18
2CTX,2021-11-26T03:51:15.000Z,washer,18
2CTX,2021-11-24T19:31:20.000Z,washer,8
2CTX,2021-11-24T11:10:22.000Z,washer,8
2CTX,2021-11-24T11:06:58.000Z,washer,18
2CTX,2021-11-23T18:16:46.000Z,washer,18
2CTX,2021-11-23T12:15:39.000Z,washer,18
2CTX,2021-11-23T09:12:01.000Z,washer,18
2CTX,2021-11-22T19:25:34.000Z,washer,8
2CTX,2021-11-22T13:17:05.000Z,washer,18
2CTX,2021-11-22T08:46:26.000Z,washer,18
2CTX,2021-11-21T14:59:56.000Z,washer,18
2CTX,2021-11-21T12:00:39.000Z,washer,8
2CTX,2021-11-21T11:27:44.000Z,washer,18
2CTX,2021-11-21T11:21:39.000Z,washer,8
2CTX,2021-11-21T10:33:31.000Z,washer,8
2CTX,2021-11-20T22:13:19.000Z,washer,18
2CTX,2021-11-20T19:44:22.000Z,washer,18
2CTX,2021-11-20T18:25:05.000Z,washer,18
2CTX,2021-11-20T17:42:03.000Z,washer,8
2CTX,2021-11-20T14:58:39.000Z,washer,18
2CTX,2021-11-20T11:54:57.000Z,washer,18
2CTX,2021-11-20T11:40:10.000Z,washer,8
2CTX,2021-11-20T09:27:09.000Z,washer,18
2CTX,2021-11-19T14:19:39.000Z,washer,18
2CTX,2021-11-19T14:12:57.000Z,washer,8
2CTX,2021-11-19T12:22:30.000Z,washer,18
2CTX,2021-11-19T10:45:01.000Z,washer,18
2CTX,2021-11-19T09:58:41.000Z,washer,18
2CTX,2021-11-19T08:57:30.000Z,washer,8
2CTX,2021-11-19T08:55:25.000Z,washer,8
2CTX,2021-11-16T18:19:23.000Z,washer,18
2CTX,2021-11-16T11:36:37.000Z,washer,18
2CTX,2021-11-16T10:46:07.000Z,washer,8
2CTX,2021-11-16T09:35:10.000Z,washer,18
2CTX,2021-11-16T08:45:04.000Z,washer,8
2CTX,2021-11-15T19:59:02.000Z,washer,8
2CTX,2021-11-15T18:12:42.000Z,washer,18
2CTX,2021-11-15T16:31:34.000Z,washer,18
2CTX,2021-11-14T17:13:27.000Z,washer,18
2CTX,2021-11-14T16:22:42.000Z,washer,18
2CTX,2021-11-14T15:40:01.000Z,washer,18
2CTX,2021-11-14T15:29:17.000Z,washer,8
2CTX,2021-11-14T14:50:44.000Z,washer,8
2CTX,2021-11-14T14:42:13.000Z,washer,18
2CTX,2021-11-14T14:11:01.000Z,washer,8
2CTX,2021-11-14T13:19:24.000Z,washer,18
2CTX,2021-11-14T11:29:36.000Z,washer,18
2CTX,2021-11-14T10:18:02.000Z,washer,18
2CTX,2021-11-14T09:41:38.000Z,washer,8
2CTX,2021-11-14T09:30:46.000Z,washer,18
2CTX,2021-11-14T08:39:31.000Z,washer,8
2CTX,2021-11-14T08:38:17.000Z,washer,18
2CTX,2021-11-13T20:20:07.000Z,washer,18
2CTX,2021-11-13T18:27:59.000Z,washer,8
2CTX,2021-11-13T17:06:10.000Z,washer,18
2CTX,2021-11-13T16:22:46.000Z,washer,8
2CTX,2021-11-13T15:43:53.000Z,washer,18
2CTX,2021-11-13T14:33:15.000Z,washer,8
2CTX,2021-11-13T14:32:19.000Z,washer,18
2CTX,2021-11-13T12:30:04.000Z,washer,18
2CTX,2021-11-13T11:36:52.000Z,washer,18
2CTX,2021-11-13T09:44:41.000Z,washer,8
2CTX,2021-11-12T20:29:26.000Z,washer,18
2CTX,2021-11-12T18:57:29.000Z,washer,18
2CTX,2021-11-12T17:42:30.000Z,washer,8
2CTX,2021-11-12T10:44:24.000Z,washer,18
2CTX,2021-11-11T19:18:49.000Z,washer,18
2CTX,2021-11-11T18:04:46.000Z,washer,18
2CTX,2021-11-11T15:30:30.000Z,washer,8
2CTX,2021-11-11T14:39:42.000Z,washer,18
2CTX,2021-11-11T12:14:53.000Z,washer,18
2CTX,2021-11-11T09:27:15.000Z,washer,8
2CTX,2021-11-11T09:24:58.000Z,washer,18
2CTX,2021-11-10T15:04:48.000Z,washer,18
2CTX,2021-11-10T08:52:31.000Z,washer,18
2CTX,2021-11-09T16:21:42.000Z,washer,18
2CTX,2021-11-09T15:19:52.000Z,washer,8
2CTX,2021-11-09T15:18:31.000Z,washer,18
2CTX,2021-11-09T13:03:02.000Z,washer,8
2CTX,2021-11-08T17:02:49.000Z,washer,18
2CTX,2021-11-08T09:12:54.000Z,washer,18
2CTX,2021-11-07T08:22:34.000Z,washer,8
2CTX,2021-11-07T08:21:00.000Z,washer,18
2CTX,2021-11-06T20:27:17.000Z,washer,8
2CTX,2021-11-06T20:25:37.000Z,washer,18
2CTX,2021-11-06T17:38:30.000Z,washer,18
2CTX,2021-11-06T16:42:34.000Z,washer,18
2CTX,2021-11-06T15:49:14.000Z,washer,18
2CTX,2021-11-06T14:49:20.000Z,washer,18
2CTX,2021-11-06T13:03:21.000Z,washer,18
2CTX,2021-11-06T10:52:41.000Z,washer,8
2CTX,2021-11-06T09:24:31.000Z,washer,8
2CTX,2021-11-05T12:34:48.000Z,washer,18
2CTX,2021-11-05T12:19:54.000Z,washer,8
2CTX,2021-11-05T10:34:24.000Z,washer,18
2CTX,2021-11-05T10:32:31.000Z,washer,8
2CTX,2021-11-04T21:40:30.000Z,washer,8
2CTX,2021-11-04T17:05:10.000Z,washer,8
2CTX,2021-11-04T17:02:59.000Z,washer,18
2CTX,2021-11-04T13:00:17.000Z,washer,18
2CTX,2021-11-02T17:57:30.000Z,washer,8
2CTX,2021-11-02T17:55:25.000Z,washer,18
2CTX,2021-11-02T15:56:50.000Z,washer,8
2CTX,2021-11-02T15:51:33.000Z,washer,18
2CTX,2021-11-02T11:41:47.000Z,washer,18
2CTX,2021-11-02T09:28:42.000Z,washer,18
2CTX,2021-10-31T16:08:00.000Z,washer,18
2CTX,2021-10-31T15:55:46.000Z,washer,8
2CTX,2021-10-31T14:44:10.000Z,washer,18
2CTX,2021-10-31T09:55:32.000Z,washer,18
2CTX,2021-10-31T09:09:20.000Z,washer,18
2CTX,2021-10-31T07:09:03.000Z,washer,18
2CTX,2021-10-30T21:43:43.000Z,washer,8
2CTX,2021-10-30T17:36:22.000Z,washer,18
2CTX,2021-10-30T16:32:20.000Z,washer,18
2CTX,2021-10-30T15:38:12.000Z,washer,18
2CTX,2021-10-30T13:08:49.000Z,washer,18
2CTX,2021-10-30T11:58:06.000Z,washer,18
2CTX,2021-10-30T11:39:25.000Z,washer,8
2CTX,2021-10-30T10:55:15.000Z,washer,8
2CTX,2021-10-30T09:59:35.000Z,washer,18
2CTX,2021-10-30T08:53:03.000Z,washer,18
2CTX,2021-10-30T08:51:59.000Z,washer,8
2CTX,2021-10-29T19:03:38.000Z,washer,8
2CTX,2021-10-29T15:30:23.000Z,washer,18
2CTX,2021-10-29T13:37:43.000Z,washer,8
2CTX,2021-10-29T13:13:34.000Z,washer,18
2CTX,2021-10-29T12:30:26.000Z,washer,8
2CTX,2021-10-29T11:52:00.000Z,washer,18
2CTX,2021-10-29T10:41:07.000Z,washer,18
2CTX,2021-10-29T09:54:46.000Z,washer,8
2CTX,2021-10-29T09:53:35.000Z,washer,18
2CTX,2021-10-29T08:42:04.000Z,washer,18
2CTX,2021-10-29T07:59:32.000Z,washer,8
2CTX,2021-10-29T07:38:49.000Z,washer,18
2CTX,2021-10-28T17:02:27.000Z,washer,8
2CTX,2021-10-28T13:34:24.000Z,washer,8
2CTX,2021-10-28T13:13:26.000Z,washer,18
2CTX,2021-10-28T12:50:08.000Z,washer,8
2CTX,2021-10-28T12:29:59.000Z,washer,18
2CTX,2021-10-28T11:45:04.000Z,washer,18
2CTX,2021-10-28T09:06:00.000Z,washer,8
2CTX,2021-10-27T13:13:38.000Z,washer,18
2CTX,2021-10-27T09:57:27.000Z,washer,8
2CTX,2021-10-27T09:26:48.000Z,washer,18
2CTX,2021-10-26T17:21:09.000Z,washer,18
2CTX,2021-10-25T20:24:15.000Z,washer,8
2CTX,2021-10-25T19:44:50.000Z,washer,18
2CTX,2021-10-25T19:42:20.000Z,washer,8
2CTX,2021-10-25T12:57:03.000Z,washer,18
2CTX,2021-10-25T10:05:30.000Z,washer,8
2CTX,2021-10-25T08:48:33.000Z,washer,18
2CTX,2021-10-25T06:51:12.000Z,washer,18
2CTX,2021-10-24T22:25:11.000Z,washer,8
2CTX,2021-10-24T18:42:01.000Z,washer,18
2CTX,2021-10-24T12:55:56.000Z,washer,8
2CTX,2021-10-24T11:45:22.000Z,washer,18
2CTX,2021-10-24T10:14:59.000Z,washer,18
2CTX,2021-10-24T10:02:05.000Z,washer,8
2CTX,2021-10-23T17:34:01.000Z,washer,8
2CTX,2021-10-23T17:25:51.000Z,washer,18
2CTX,2021-10-23T16:23:56.000Z,washer,18
2CTX,2021-10-23T15:29:55.000Z,washer,18
2CTX,2021-10-23T14:40:47.000Z,washer,18
2CTX,2021-10-23T14:24:39.000Z,washer,8
2CTX,2021-10-23T12:45:06.000Z,washer,18
2CTX,2021-10-23T11:45:11.000Z,washer,8
2CTX,2021-10-23T11:44:01.000Z,washer,18
2CTX,2021-10-23T10:52:21.000Z,washer,18
2CTX,2021-10-23T10:50:59.000Z,washer,8
2CTX,2021-10-23T09:45:11.000Z,washer,8
2CTX,2021-10-23T09:43:48.000Z,washer,18
2CTX,2021-10-23T08:08:19.000Z,washer,18
2CTX,2021-10-22T20:18:26.000Z,washer,18
2CTX,2021-10-22T19:33:51.000Z,washer,18
2CTX,2021-10-22T18:15:23.000Z,washer,18
2CTX,2021-10-22T14:48:20.000Z,washer,8
2CTX,2021-10-22T14:46:40.000Z,washer,18
2CTX,2021-10-22T11:38:03.000Z,washer,18
2CTX,2021-10-22T08:00:06.000Z,washer,18
2CTX,2021-10-22T06:57:58.000Z,washer,18